ISO-10303-21;
HEADER;
FILE_DESCRIPTION (( 'STEP AP214' ),
    '1' );
FILE_NAME ('310-43-105-41-105000.STEP',
    '2025-05-31T06:37:31',
    ( '' ),
    ( '' ),
    'SwSTEP 2.0',
    'SolidWorks 2023',
    '' );
FILE_SCHEMA (( 'AUTOMOTIVE_DESIGN' ));
ENDSEC;

DATA;
#1 =( NAMED_UNIT ( * ) PLANE_ANGLE_UNIT ( ) SI_UNIT ( $, .RADIAN. ) );
#2 = SURFACE_STYLE_FILL_AREA ( #3625 ) ;
#3 = FILL_AREA_STYLE_COLOUR ( '', #887 ) ;
#4 = AXIS2_PLACEMENT_3D ( 'NONE', #2268, #1142, #3036 ) ;
#5 = ORIENTED_EDGE ( 'NONE', *, *, #3927, .F. ) ;
#6 = VERTEX_POINT ( 'NONE', #3384 ) ;
#7 = EDGE_CURVE ( 'NONE', #809, #618, #2187, .T. ) ;
#8 = PRESENTATION_STYLE_ASSIGNMENT (( #4045 ) ) ;
#9 = VERTEX_POINT ( 'NONE', #1489 ) ;
#10 = EDGE_CURVE ( 'NONE', #2173, #3442, #3418, .T. ) ;
#11 = CARTESIAN_POINT ( 'NONE',  ( 12.08874741556367560, -2.794000000000000039, -2.539999999999983160 ) ) ;
#12 = FILL_AREA_STYLE ('',( #2931 ) ) ;
#13 = CARTESIAN_POINT ( 'NONE',  ( 5.337498816721824468, -0.6613588167217951952, 2.154867312552866488E-16 ) ) ;
#14 = CARTESIAN_POINT ( 'NONE',  ( 0.9643737077818061998, -0.8940799999999999859, -0.5448299999999917098 ) ) ;
#15 = SURFACE_STYLE_USAGE ( .BOTH. , #4405 ) ;
#16 = CARTESIAN_POINT ( 'NONE',  ( 11.12437370778180679, 2.332957050962901456E-15, -2.219960000000018141 ) ) ;
#17 = CARTESIAN_POINT ( 'NONE',  ( 0.000000000000000000, -2.794000000000000039, 0.000000000000000000 ) ) ;
#18 =( LENGTH_UNIT ( ) NAMED_UNIT ( * ) SI_UNIT ( .MILLI., .METRE. ) );
#19 = FILL_AREA_STYLE_COLOUR ( '', #3397 ) ;
#20 = VECTOR ( 'NONE', #3848, 1000.000000000000114 ) ;
#21 = MECHANICAL_DESIGN_GEOMETRIC_PRESENTATION_REPRESENTATION (  '', ( #4602 ), #3753 ) ;
#22 = SURFACE_SIDE_STYLE ('',( #1127 ) ) ;
#23 = EDGE_CURVE ( 'NONE', #4614, #1791, #1118, .T. ) ;
#24 = CARTESIAN_POINT ( 'NONE',  ( 11.12437370778180679, -2.794000000000000039, -1.270000000000004903 ) ) ;
#25 = EDGE_LOOP ( 'NONE', ( #3705, #2249 ) ) ;
#26 = VERTEX_POINT ( 'NONE', #1147 ) ;
#27 = ORIENTED_EDGE ( 'NONE', *, *, #644, .F. ) ;
#28 = MECHANICAL_DESIGN_GEOMETRIC_PRESENTATION_REPRESENTATION (  '', ( #3750 ), #3524 ) ;
#29 =( NAMED_UNIT ( * ) PLANE_ANGLE_UNIT ( ) SI_UNIT ( $, .RADIAN. ) );
#30 = DIRECTION ( 'NONE',  ( 1.000000000000000000, -0.000000000000000000, 0.000000000000000000 ) ) ;
#31 = CYLINDRICAL_SURFACE ( 'NONE', #4, 0.7111999999999951694 ) ;
#32 =( NAMED_UNIT ( * ) SI_UNIT ( $, .STERADIAN. ) SOLID_ANGLE_UNIT ( ) );
#33 = MECHANICAL_DESIGN_GEOMETRIC_PRESENTATION_REPRESENTATION (  '', ( #249 ), #652 ) ;
#34 = ADVANCED_FACE ( 'NONE', ( #2209 ), #3355, .F. ) ;
#35 = FILL_AREA_STYLE ('',( #4107 ) ) ;
#36 = CARTESIAN_POINT ( 'NONE',  ( 0.000000000000000000, -2.794000000000000039, 0.000000000000000000 ) ) ;
#37 = DIRECTION ( 'NONE',  ( 0.000000000000000000, 0.000000000000000000, 1.000000000000000000 ) ) ;
#38 =( GEOMETRIC_REPRESENTATION_CONTEXT ( 3 ) GLOBAL_UNCERTAINTY_ASSIGNED_CONTEXT ( ( #280 ) ) GLOBAL_UNIT_ASSIGNED_CONTEXT ( ( #3057, #4547, #1962 ) ) REPRESENTATION_CONTEXT ( 'NONE', 'WORKASPACE' ) );
#39 = LINE ( 'NONE', #4380, #2099 ) ;
#40 = CARTESIAN_POINT ( 'NONE',  ( 10.15997460000000352, 0.000000000000000000, -2.539999999999993374 ) ) ;
#41 = CARTESIAN_POINT ( 'NONE',  ( 0.9643737077818063108, 0.000000000000000000, -2.219960000000018141 ) ) ;
#42 = DIRECTION ( 'NONE',  ( 0.000000000000000000, 0.000000000000000000, 1.000000000000000000 ) ) ;
#43 = SURFACE_STYLE_USAGE ( .BOTH. , #1523 ) ;
#44 = ORIENTED_EDGE ( 'NONE', *, *, #2422, .T. ) ;
#45 = ORIENTED_EDGE ( 'NONE', *, *, #2750, .T. ) ;
#46 = MECHANICAL_DESIGN_GEOMETRIC_PRESENTATION_REPRESENTATION (  '', ( #2024 ), #2252 ) ;
#47 = FILL_AREA_STYLE ('',( #1837 ) ) ;
#48 =( LENGTH_UNIT ( ) NAMED_UNIT ( * ) SI_UNIT ( .MILLI., .METRE. ) );
#49 = CIRCLE ( 'NONE', #2646, 0.7251700000000131929 ) ;
#50 = VECTOR ( 'NONE', #421, 1000.000000000000000 ) ;
#51 = DIRECTION ( 'NONE',  ( 0.000000000000000000, -1.000000000000000000, 0.000000000000000000 ) ) ;
#52 = ORIENTED_EDGE ( 'NONE', *, *, #2516, .F. ) ;
#53 = LINE ( 'NONE', #102, #1533 ) ;
#54 = AXIS2_PLACEMENT_3D ( 'NONE', #4119, #1596, #853 ) ;
#55 = COLOUR_RGB ( '',0.4941176470588235503, 0.4941176470588235503, 0.4941176470588235503 ) ;
#57 = DIRECTION ( 'NONE',  ( -0.000000000000000000, 0.000000000000000000, 1.000000000000000000 ) ) ;
#56 = FILL_AREA_STYLE_COLOUR ( '', #2564 ) ;
#58 = CARTESIAN_POINT ( 'NONE',  ( 5.083498816721895963, -2.058358816721815643, 0.5079999999999524896 ) ) ;
#59 = AXIS2_PLACEMENT_3D ( 'NONE', #4593, #3171, #1032 ) ;
#60 =( NAMED_UNIT ( * ) PLANE_ANGLE_UNIT ( ) SI_UNIT ( $, .RADIAN. ) );
#61 = DIRECTION ( 'NONE',  ( 1.000000000000000000, -0.000000000000000000, 0.000000000000000000 ) ) ;
#62 = VERTEX_POINT ( 'NONE', #2989 ) ;
#63 = EDGE_CURVE ( 'NONE', #2853, #322, #2036, .T. ) ;
#64 = DIRECTION ( 'NONE',  ( 1.000000000000000000, 0.000000000000000000, 0.000000000000000000 ) ) ;
#65 = CARTESIAN_POINT ( 'NONE',  ( 4.227651986100122272, -0.6124960277767703687, -0.3062480138883852954 ) ) ;
#66 = SURFACE_STYLE_FILL_AREA ( #4435 ) ;
#67 = AXIS2_PLACEMENT_3D ( 'NONE', #851, #803, #1891 ) ;
#68 = LINE ( 'NONE', #3766, #50 ) ;
#69 = DIRECTION ( 'NONE',  ( 0.000000000000000000, 0.000000000000000000, 1.000000000000000000 ) ) ;
#70 = ORIENTED_EDGE ( 'NONE', *, *, #3032, .T. ) ;
#71 = VERTEX_POINT ( 'NONE', #3931 ) ;
#72 = CARTESIAN_POINT ( 'NONE',  ( 7.008772815563611758, -2.794000000000000039, -2.539999999999986713 ) ) ;
#73 = STYLED_ITEM ( 'NONE', ( #3718 ), #1186 ) ;
#74 = SURFACE_STYLE_USAGE ( .BOTH. , #4362 ) ;
#75 = SURFACE_STYLE_USAGE ( .BOTH. , #2237 ) ;
#76 =( GEOMETRIC_REPRESENTATION_CONTEXT ( 3 ) GLOBAL_UNCERTAINTY_ASSIGNED_CONTEXT ( ( #2539 ) ) GLOBAL_UNIT_ASSIGNED_CONTEXT ( ( #835, #4475, #441 ) ) REPRESENTATION_CONTEXT ( 'NONE', 'WORKASPACE' ) );
#77 = ORIENTED_EDGE ( 'NONE', *, *, #7, .T. ) ;
#78 = SURFACE_STYLE_USAGE ( .BOTH. , #2281 ) ;
#79 = CARTESIAN_POINT ( 'NONE',  ( 7.008772815563611758, 3.252606517456513302E-16, 3.455894424797545383E-16 ) ) ;
#80 = CARTESIAN_POINT ( 'NONE',  ( 0.000000000000000000, 0.000000000000000000, 0.7747000000222215021 ) ) ;
#81 = FILL_AREA_STYLE_COLOUR ( '', #216 ) ;
#82 = DIRECTION ( 'NONE',  ( 1.219044193948983948E-29, -1.000000000000000000, -3.491481338843133355E-15 ) ) ;
#83 = ORIENTED_EDGE ( 'NONE', *, *, #1585, .T. ) ;
#84 = ADVANCED_FACE ( 'NONE', ( #1727, #3564 ), #2293, .F. ) ;
#85 = ADVANCED_FACE ( 'NONE', ( #4532 ), #3092, .T. ) ;
#86 = PLANE ( 'NONE',  #325 ) ;
#87 = FACE_BOUND ( 'NONE', #4589, .T. ) ;
#88 = DIRECTION ( 'NONE',  ( 1.355298456929802892E-15, 0.000000000000000000, 1.000000000000000000 ) ) ;
#89 = CARTESIAN_POINT ( 'NONE',  ( 3.469446951953614189E-15, -2.794000000000000039, 0.000000000000000000 ) ) ;
#90 = CARTESIAN_POINT ( 'NONE',  ( 2.074379107781807896, -2.794000000000000039, -0.4000499999999996281 ) ) ;
#91 = VECTOR ( 'NONE', #2402, 1000.000000000000000 ) ;
#92 = DIRECTION ( 'NONE',  ( -0.000000000000000000, 1.000000000000000000, -0.000000000000000000 ) ) ;
#93 = ORIENTED_EDGE ( 'NONE', *, *, #3653, .F. ) ;
#94 = ORIENTED_EDGE ( 'NONE', *, *, #1119, .T. ) ;
#95 = AXIS2_PLACEMENT_3D ( 'NONE', #949, #3749, #485 ) ;
#96 = CARTESIAN_POINT ( 'NONE',  ( 2.074379107781807896, -2.794000000000000039, -2.139949999999988695 ) ) ;
#97 = PRESENTATION_LAYER_ASSIGNMENT (  '', '', ( #3376 ) ) ;
#98 = CARTESIAN_POINT ( 'NONE',  ( 3.708400000000000141, 0.000000000000000000, 0.000000000000000000 ) ) ;
#99 =( NAMED_UNIT ( * ) SI_UNIT ( $, .STERADIAN. ) SOLID_ANGLE_UNIT ( ) );
#100 = ORIENTED_EDGE ( 'NONE', *, *, #312, .F. ) ;
#101 = LINE ( 'NONE', #429, #743 ) ;
#102 = CARTESIAN_POINT ( 'NONE',  ( 4.934368307781808127, -2.794000000000000039, -2.139949999999989139 ) ) ;
#103 = UNCERTAINTY_MEASURE_WITH_UNIT (LENGTH_MEASURE( 1.000000000000000082E-05 ), #2852, 'distance_accuracy_value', 'NONE');
#104 = FILL_AREA_STYLE ('',( #185 ) ) ;
#105 = SURFACE_STYLE_USAGE ( .BOTH. , #2982 ) ;
#106 =( NAMED_UNIT ( * ) SI_UNIT ( $, .STERADIAN. ) SOLID_ANGLE_UNIT ( ) );
#107 = EDGE_LOOP ( 'NONE', ( #2535, #3294, #2317, #975 ) ) ;
#108 = ORIENTED_EDGE ( 'NONE', *, *, #3892, .T. ) ;
#109 = PRESENTATION_STYLE_ASSIGNMENT (( #1551 ) ) ;
#110 = ORIENTED_EDGE ( 'NONE', *, *, #2266, .F. ) ;
#111 = DIRECTION ( 'NONE',  ( -0.000000000000000000, 1.000000000000000000, -0.000000000000000000 ) ) ;
#112 =( GEOMETRIC_REPRESENTATION_CONTEXT ( 3 ) GLOBAL_UNCERTAINTY_ASSIGNED_CONTEXT ( ( #4436 ) ) GLOBAL_UNIT_ASSIGNED_CONTEXT ( ( #48, #3317, #3702 ) ) REPRESENTATION_CONTEXT ( 'NONE', 'WORKASPACE' ) );
#113 = CARTESIAN_POINT ( 'NONE',  ( 0.9643737077818061998, 2.332957050962901456E-15, -0.3200399999999913869 ) ) ;
#114 = FILL_AREA_STYLE_COLOUR ( '', #4068 ) ;
#115 = VERTEX_POINT ( 'NONE', #547 ) ;
#116 = FILL_AREA_STYLE_COLOUR ( '', #443 ) ;
#117 = CARTESIAN_POINT ( 'NONE',  ( 0.9643737077818061998, 2.332957050962901456E-15, -1.270000000000004903 ) ) ;
#118 =( GEOMETRIC_REPRESENTATION_CONTEXT ( 3 ) GLOBAL_UNCERTAINTY_ASSIGNED_CONTEXT ( ( #288 ) ) GLOBAL_UNIT_ASSIGNED_CONTEXT ( ( #1104, #2561, #1040 ) ) REPRESENTATION_CONTEXT ( 'NONE', 'WORKASPACE' ) );
#119 = ADVANCED_FACE ( 'NONE', ( #4669 ), #4144, .T. ) ;
#120 =( GEOMETRIC_REPRESENTATION_CONTEXT ( 3 ) GLOBAL_UNCERTAINTY_ASSIGNED_CONTEXT ( ( #4299 ) ) GLOBAL_UNIT_ASSIGNED_CONTEXT ( ( #1823, #439, #2613 ) ) REPRESENTATION_CONTEXT ( 'NONE', 'WORKASPACE' ) );
#121 = ORIENTED_EDGE ( 'NONE', *, *, #4627, .F. ) ;
#122 = DIRECTION ( 'NONE',  ( -1.000000000000000000, -0.000000000000000000, 0.000000000000000000 ) ) ;
#123 = COLOUR_RGB ( '',0.4941176470588235503, 0.4941176470588235503, 0.4941176470588235503 ) ;
#124 = ADVANCED_FACE ( 'NONE', ( #1476 ), #2485, .F. ) ;
#125 = FILL_AREA_STYLE_COLOUR ( '', #474 ) ;
#126 = MECHANICAL_DESIGN_GEOMETRIC_PRESENTATION_REPRESENTATION (  '', ( #3408 ), #4707 ) ;
#127 =( GEOMETRIC_REPRESENTATION_CONTEXT ( 3 ) GLOBAL_UNCERTAINTY_ASSIGNED_CONTEXT ( ( #3588 ) ) GLOBAL_UNIT_ASSIGNED_CONTEXT ( ( #2144, #3512, #3560 ) ) REPRESENTATION_CONTEXT ( 'NONE', 'WORKASPACE' ) );
#128 = FILL_AREA_STYLE ('',( #3328 ) ) ;
#129 = COLOUR_RGB ( '',0.4941176470588235503, 0.4941176470588235503, 0.4941176470588235503 ) ;
#130 = ORIENTED_EDGE ( 'NONE', *, *, #1648, .T. ) ;
#131 = DIRECTION ( 'NONE',  ( 0.000000000000000000, 0.000000000000000000, 1.000000000000000000 ) ) ;
#132 = AXIS2_PLACEMENT_3D ( 'NONE', #168, #2039, #4553 ) ;
#133 = EDGE_CURVE ( 'NONE', #1548, #3783, #1356, .T. ) ;
#134 =( GEOMETRIC_REPRESENTATION_CONTEXT ( 3 ) GLOBAL_UNCERTAINTY_ASSIGNED_CONTEXT ( ( #4448 ) ) GLOBAL_UNIT_ASSIGNED_CONTEXT ( ( #3738, #4507, #4143 ) ) REPRESENTATION_CONTEXT ( 'NONE', 'WORKASPACE' ) );
#135 = DIRECTION ( 'NONE',  ( 0.3420201433256630508, 0.000000000000000000, -0.9396926207859104263 ) ) ;
#136 = ORIENTED_EDGE ( 'NONE', *, *, #470, .F. ) ;
#137 =( LENGTH_UNIT ( ) NAMED_UNIT ( * ) SI_UNIT ( .MILLI., .METRE. ) );
#138 = DIRECTION ( 'NONE',  ( 0.000000000000000000, 0.000000000000000000, 1.000000000000000000 ) ) ;
#139 = SURFACE_STYLE_FILL_AREA ( #3791 ) ;
#140 = CARTESIAN_POINT ( 'NONE',  ( 3.469446951953614189E-15, -2.794000000000000039, -2.539999999999996927 ) ) ;
#141 = FILL_AREA_STYLE_COLOUR ( '', #3428 ) ;
#142 = CARTESIAN_POINT ( 'NONE',  ( 11.12437370778180679, -0.8940799999999984315, -1.270000000000004903 ) ) ;
#143 = ORIENTED_EDGE ( 'NONE', *, *, #4018, .F. ) ;
#144 = DIRECTION ( 'NONE',  ( 0.000000000000000000, 1.000000000000000000, 0.000000000000000000 ) ) ;
#145 = DIRECTION ( 'NONE',  ( -0.000000000000000000, 1.000000000000000000, -0.000000000000000000 ) ) ;
#146 = ORIENTED_EDGE ( 'NONE', *, *, #1540, .T. ) ;
#147 = EDGE_CURVE ( 'NONE', #1632, #2853, #3275, .T. ) ;
#148 = PRESENTATION_STYLE_ASSIGNMENT (( #3081 ) ) ;
#149 = PLANE ( 'NONE',  #3789 ) ;
#150 = ORIENTED_EDGE ( 'NONE', *, *, #2061, .F. ) ;
#151 = ORIENTED_EDGE ( 'NONE', *, *, #3361, .T. ) ;
#152 = FILL_AREA_STYLE ('',( #3760 ) ) ;
#153 = CARTESIAN_POINT ( 'NONE',  ( 4.676140000000001073, 0.2540000000000883218, -3.681111778352287984E-17 ) ) ;
#154 = CARTESIAN_POINT ( 'NONE',  ( 5.591498816721885312, -0.6613588167217951952, 2.257412777420009432E-16 ) ) ;
#155 = PLANE ( 'NONE',  #4212 ) ;
#156 = CARTESIAN_POINT ( 'NONE',  ( 4.490320489685464267, 3.110602869834973454E-17, -0.2540000000000526836 ) ) ;
#157 = ORIENTED_EDGE ( 'NONE', *, *, #23, .T. ) ;
#158 = PRESENTATION_STYLE_ASSIGNMENT (( #478 ) ) ;
#159 = VERTEX_POINT ( 'NONE', #4048 ) ;
#160 = DIRECTION ( 'NONE',  ( 1.000000000000000000, -0.000000000000000000, -0.000000000000000000 ) ) ;
#162 = CARTESIAN_POINT ( 'NONE',  ( 4.934368307781808127, -2.794000000000000039, -0.4000499999999995726 ) ) ;
#161 = FACE_OUTER_BOUND ( 'NONE', #3581, .T. ) ;
#163 = CARTESIAN_POINT ( 'NONE',  ( 5.591498816721848009, -2.058358816721819640, 0.5079999999999524896 ) ) ;
#164 = PRESENTATION_LAYER_ASSIGNMENT (  '', '', ( #3835 ) ) ;
#165 =( GEOMETRIC_REPRESENTATION_CONTEXT ( 3 ) GLOBAL_UNCERTAINTY_ASSIGNED_CONTEXT ( ( #1000 ) ) GLOBAL_UNIT_ASSIGNED_CONTEXT ( ( #1153, #4087, #3697 ) ) REPRESENTATION_CONTEXT ( 'NONE', 'WORKASPACE' ) );
#166 = VERTEX_POINT ( 'NONE', #4023 ) ;
#167 = PRESENTATION_LAYER_ASSIGNMENT (  '', '', ( #4223 ) ) ;
#168 = CARTESIAN_POINT ( 'NONE',  ( 5.337498816721871542, -2.058358816721818307, -7.164057037264189251E-17 ) ) ;
#169 = ORIENTED_EDGE ( 'NONE', *, *, #2516, .T. ) ;
#170 = EDGE_CURVE ( 'NONE', #532, #1632, #581, .T. ) ;
#171 = FACE_BOUND ( 'NONE', #1470, .T. ) ;
#172 = DIRECTION ( 'NONE',  ( 0.000000000000000000, 0.000000000000000000, -1.000000000000000000 ) ) ;
#173 = EDGE_CURVE ( 'NONE', #3629, #1836, #3858, .T. ) ;
#174 = CARTESIAN_POINT ( 'NONE',  ( 0.000000000000000000, 0.000000000000000000, 0.7111999999999951694 ) ) ;
#175 = PRESENTATION_STYLE_ASSIGNMENT (( #1300 ) ) ;
#176 = ORIENTED_EDGE ( 'NONE', *, *, #466, .F. ) ;
#177 = FILL_AREA_STYLE_COLOUR ( '', #129 ) ;
#178 = ORIENTED_EDGE ( 'NONE', *, *, #3799, .T. ) ;
#179 = STYLED_ITEM ( 'NONE', ( #333 ), #2121 ) ;
#180 = CARTESIAN_POINT ( 'NONE',  ( 3.504373707781806235, 0.000000000000000000, -1.995170000000017874 ) ) ;
#181 = AXIS2_PLACEMENT_3D ( 'NONE', #2794, #2415, #2858 ) ;
#182 = UNCERTAINTY_MEASURE_WITH_UNIT (LENGTH_MEASURE( 1.000000000000000082E-05 ), #2856, 'distance_accuracy_value', 'NONE');
#183 = PRODUCT_DEFINITION_SHAPE ( 'NONE', 'NONE',  #3887 ) ;
#185 = FILL_AREA_STYLE_COLOUR ( '', #1252 ) ;
#184 = FILL_AREA_STYLE_COLOUR ( '', #1350 ) ;
#186 = VECTOR ( 'NONE', #586, 1000.000000000000000 ) ;
#187 = CARTESIAN_POINT ( 'NONE',  ( 12.39437370778181879, -2.794000000000000039, -0.4000499999999815315 ) ) ;
#188 = AXIS2_PLACEMENT_3D ( 'NONE', #625, #2113, #1699 ) ;
#189 = CARTESIAN_POINT ( 'NONE',  ( 8.584373707781805862, 2.332957050962901456E-15, -1.270000000000004903 ) ) ;
#190 = CONTEXT_DEPENDENT_SHAPE_REPRESENTATION ( #3377, #2316 ) ;
#191 = ORIENTED_EDGE ( 'NONE', *, *, #440, .F. ) ;
#192 = SURFACE_STYLE_USAGE ( .BOTH. , #564 ) ;
#193 =( NAMED_UNIT ( * ) SI_UNIT ( $, .STERADIAN. ) SOLID_ANGLE_UNIT ( ) );
#194 = ORIENTED_EDGE ( 'NONE', *, *, #790, .F. ) ;
#195 = AXIS2_PLACEMENT_3D ( 'NONE', #1442, #1742, #2878 ) ;
#196 = VECTOR ( 'NONE', #4157, 1000.000000000000000 ) ;
#197 = STYLED_ITEM ( 'NONE', ( #2092 ), #2497 ) ;
#198 = COLOUR_RGB ( '',0.4941176470588235503, 0.4941176470588235503, 0.4941176470588235503 ) ;
#199 = FACE_OUTER_BOUND ( 'NONE', #2369, .T. ) ;
#200 = EDGE_CURVE ( 'NONE', #819, #1030, #1432, .T. ) ;
#201 = COLOUR_RGB ( '',0.4941176470588235503, 0.4941176470588235503, 0.4941176470588235503 ) ;
#202 = CARTESIAN_POINT ( 'NONE',  ( 5.591498816721848897, -2.058358816721820084, -4.336808689942017736E-16 ) ) ;
#203 = CARTESIAN_POINT ( 'NONE',  ( 2.394368307781808092, -2.794000000000000039, -0.4000499999999996281 ) ) ;
#204 = CARTESIAN_POINT ( 'NONE',  ( 1.928772815563611909, 0.000000000000000000, -2.539999999999996039 ) ) ;
#205 = ORIENTED_EDGE ( 'NONE', *, *, #2042, .T. ) ;
#206 = CARTESIAN_POINT ( 'NONE',  ( 4.614379107781807932, -2.794000000000000039, -0.4000499999999995726 ) ) ;
#207 = DIRECTION ( 'NONE',  ( 0.000000000000000000, 0.000000000000000000, 1.000000000000000000 ) ) ;
#208 = PRESENTATION_STYLE_ASSIGNMENT (( #3559 ) ) ;
#209 = FACE_OUTER_BOUND ( 'NONE', #909, .T. ) ;
#210 = ORIENTED_EDGE ( 'NONE', *, *, #3264, .T. ) ;
#211 = CARTESIAN_POINT ( 'NONE',  ( 7.619974600000002596, -2.794000000000000039, 0.000000000000000000 ) ) ;
#212 = ORIENTED_EDGE ( 'NONE', *, *, #2014, .T. ) ;
#213 = AXIS2_PLACEMENT_3D ( 'NONE', #217, #3133, #2429 ) ;
#214 = PLANE ( 'NONE',  #480 ) ;
#215 = VERTEX_POINT ( 'NONE', #1065 ) ;
#216 = COLOUR_RGB ( '',0.8000000000000000444, 0.8039215686274510109, 0.8000000000000000444 ) ;
#217 = CARTESIAN_POINT ( 'NONE',  ( 3.469446951953614189E-15, -2.794000000000000039, -2.539999999999996927 ) ) ;
#218 = CARTESIAN_POINT ( 'NONE',  ( 2.074379107781807896, -2.794000000000000039, -0.4000499999999996281 ) ) ;
#219 = ADVANCED_FACE ( 'NONE', ( #3973, #705 ), #383, .F. ) ;
#220 = SURFACE_STYLE_FILL_AREA ( #1629 ) ;
#221 = CARTESIAN_POINT ( 'NONE',  ( -1.075610475356854243E-31, -2.794000000000000039, -3.094909763440984314E-32 ) ) ;
#222 = CARTESIAN_POINT ( 'NONE',  ( 5.083498816721891522, -2.566358816721769021, -8.673617379884035472E-16 ) ) ;
#223 =( NAMED_UNIT ( * ) SI_UNIT ( $, .STERADIAN. ) SOLID_ANGLE_UNIT ( ) );
#224 = ORIENTED_EDGE ( 'NONE', *, *, #3864, .F. ) ;
#225 =( NAMED_UNIT ( * ) SI_UNIT ( $, .STERADIAN. ) SOLID_ANGLE_UNIT ( ) );
#226 = UNCERTAINTY_MEASURE_WITH_UNIT (LENGTH_MEASURE( 1.000000000000000082E-05 ), #2702, 'distance_accuracy_value', 'NONE');
#227 = VECTOR ( 'NONE', #3413, 1000.000000000000000 ) ;
#228 = ORIENTED_EDGE ( 'NONE', *, *, #440, .T. ) ;
#229 = LINE ( 'NONE', #589, #3736 ) ;
#230 = PRODUCT_CONTEXT ( 'NONE', #4286, 'mechanical' ) ;
#231 = ORIENTED_EDGE ( 'NONE', *, *, #792, .T. ) ;
#232 = MECHANICAL_DESIGN_GEOMETRIC_PRESENTATION_REPRESENTATION (  '', ( #1485 ), #3925 ) ;
#233 = CARTESIAN_POINT ( 'NONE',  ( 0.000000000000000000, 3.110602869835023990E-17, -0.2540000000000609548 ) ) ;
#234 = MECHANICAL_DESIGN_GEOMETRIC_PRESENTATION_REPRESENTATION (  '', ( #1846 ), #2067 ) ;
#235 = SHAPE_REPRESENTATION ( '1005_1005-0-00-01-00-00-03-0', ( #4608 ), #3688 ) ;
#236 = EDGE_LOOP ( 'NONE', ( #1256, #2998 ) ) ;
#237 = FACE_BOUND ( 'NONE', #2089, .T. ) ;
#238 = AXIS2_PLACEMENT_3D ( 'NONE', #1241, #3432, #4528 ) ;
#239 =( GEOMETRIC_REPRESENTATION_CONTEXT ( 3 ) GLOBAL_UNCERTAINTY_ASSIGNED_CONTEXT ( ( #1627 ) ) GLOBAL_UNIT_ASSIGNED_CONTEXT ( ( #663, #3999, #32 ) ) REPRESENTATION_CONTEXT ( 'NONE', 'WORKASPACE' ) );
#240 = CARTESIAN_POINT ( 'NONE',  ( 5.212344780397894617, 0.2540000000000893765, -0.5080000000001214655 ) ) ;
#241 = DIRECTION ( 'NONE',  ( -1.000000000000000000, 0.000000000000000000, -0.000000000000000000 ) ) ;
#242 = CARTESIAN_POINT ( 'NONE',  ( 11.12437370778180679, -2.794000000000000039, -1.270000000000004903 ) ) ;
#243 = SURFACE_SIDE_STYLE ('',( #2083 ) ) ;
#244 = CARTESIAN_POINT ( 'NONE',  ( 4.353789849825680847, 3.110602869835118284E-17, -0.2540000000000687264 ) ) ;
#245 = CARTESIAN_POINT ( 'NONE',  ( 7.474368307781808163, 0.000000000000000000, -2.139949999999989139 ) ) ;
#246 = EDGE_LOOP ( 'NONE', ( #4152, #2973, #3937, #4066 ) ) ;
#247 = ORIENTED_EDGE ( 'NONE', *, *, #961, .F. ) ;
#248 =( NAMED_UNIT ( * ) PLANE_ANGLE_UNIT ( ) SI_UNIT ( $, .RADIAN. ) );
#249 = STYLED_ITEM ( 'NONE', ( #4400 ), #3985 ) ;
#250 = PLANE ( 'NONE',  #2785 ) ;
#251 = EDGE_CURVE ( 'NONE', #3698, #1251, #53, .T. ) ;
#252 = FILL_AREA_STYLE ('',( #2071 ) ) ;
#253 = ORIENTED_EDGE ( 'NONE', *, *, #4673, .T. ) ;
#254 = EDGE_CURVE ( 'NONE', #1058, #3402, #3346, .T. ) ;
#255 = CYLINDRICAL_SURFACE ( 'NONE', #1519, 0.9144000000000095385 ) ;
#256 = CIRCLE ( 'NONE', #2085, 0.7251700000000131929 ) ;
#257 = PRODUCT_CONTEXT ( 'NONE', #1819, 'mechanical' ) ;
#258 = PRESENTATION_LAYER_ASSIGNMENT (  '', '', ( #2318 ) ) ;
#259 = SURFACE_STYLE_FILL_AREA ( #2425 ) ;
#260 = MECHANICAL_DESIGN_GEOMETRIC_PRESENTATION_REPRESENTATION (  '', ( #1724 ), #4704 ) ;
#261 = ORIENTED_EDGE ( 'NONE', *, *, #3157, .T. ) ;
#262 = CARTESIAN_POINT ( 'NONE',  ( 7.154379107781808855, -2.794000000000000039, -0.4000499999999996281 ) ) ;
#263 = FILL_AREA_STYLE_COLOUR ( '', #868 ) ;
#264 = AXIS2_PLACEMENT_3D ( 'NONE', #3813, #549, #1770 ) ;
#265 = ORIENTED_EDGE ( 'NONE', *, *, #200, .T. ) ;
#266 = CIRCLE ( 'NONE', #3249, 0.6730999999717822702 ) ;
#267 = COLOUR_RGB ( '',0.4941176470588235503, 0.4941176470588235503, 0.4941176470588235503 ) ;
#268 = CARTESIAN_POINT ( 'NONE',  ( 3.469446951953614189E-15, -2.794000000000000039, -2.539999999999996927 ) ) ;
#269 = COLOUR_RGB ( '',0.4941176470588235503, 0.4941176470588235503, 0.4941176470588235503 ) ;
#270 = CARTESIAN_POINT ( 'NONE',  ( 2.539974600000002969, -2.794000000000000039, 0.000000000000000000 ) ) ;
#271 = MECHANICAL_DESIGN_GEOMETRIC_PRESENTATION_REPRESENTATION (  '', ( #4315 ), #1733 ) ;
#272 = DIRECTION ( 'NONE',  ( -0.000000000000000000, 1.000000000000000000, -0.000000000000000000 ) ) ;
#273 = CARTESIAN_POINT ( 'NONE',  ( 4.227651986100122272, 0.000000000000000000, 0.3062480138883852954 ) ) ;
#274 =( GEOMETRIC_REPRESENTATION_CONTEXT ( 3 ) GLOBAL_UNCERTAINTY_ASSIGNED_CONTEXT ( ( #3775 ) ) GLOBAL_UNIT_ASSIGNED_CONTEXT ( ( #2360, #4542, #1208 ) ) REPRESENTATION_CONTEXT ( 'NONE', 'WORKASPACE' ) );
#275 = COLOUR_RGB ( '',0.4941176470588235503, 0.4941176470588235503, 0.4941176470588235503 ) ;
#276 = AXIS2_PLACEMENT_3D ( 'NONE', #3523, #1696, #3136 ) ;
#277 = DIRECTION ( 'NONE',  ( -0.3420201433256656598, 0.000000000000000000, 0.9396926207859095381 ) ) ;
#278 = ORIENTED_EDGE ( 'NONE', *, *, #3658, .F. ) ;
#279 = VERTEX_POINT ( 'NONE', #79 ) ;
#280 = UNCERTAINTY_MEASURE_WITH_UNIT (LENGTH_MEASURE( 1.000000000000000082E-05 ), #3057, 'distance_accuracy_value', 'NONE');
#281 = FACE_OUTER_BOUND ( 'NONE', #1037, .T. ) ;
#282 = EDGE_CURVE ( 'NONE', #3402, #1058, #2586, .T. ) ;
#283 = EDGE_CURVE ( 'NONE', #1292, #3241, #1183, .T. ) ;
#284 = FACE_OUTER_BOUND ( 'NONE', #3517, .T. ) ;
#285 = ORIENTED_EDGE ( 'NONE', *, *, #4002, .T. ) ;
#286 = SURFACE_STYLE_USAGE ( .BOTH. , #2715 ) ;
#287 = EDGE_CURVE ( 'NONE', #1100, #2167, #430, .T. ) ;
#288 = UNCERTAINTY_MEASURE_WITH_UNIT (LENGTH_MEASURE( 1.000000000000000082E-05 ), #1104, 'distance_accuracy_value', 'NONE');
#289 = SURFACE_STYLE_USAGE ( .BOTH. , #4240 ) ;
#290 = AXIS2_PLACEMENT_3D ( 'NONE', #2955, #1568, #4424 ) ;
#291 = FILL_AREA_STYLE_COLOUR ( '', #3984 ) ;
#292 = PRESENTATION_LAYER_ASSIGNMENT (  '', '', ( #1463 ) ) ;
#293 = ORIENTED_EDGE ( 'NONE', *, *, #2295, .T. ) ;
#294 = VECTOR ( 'NONE', #375, 1000.000000000000000 ) ;
#295 = DIRECTION ( 'NONE',  ( -1.000000000000000000, -0.000000000000000000, -0.000000000000000000 ) ) ;
#296 = FILL_AREA_STYLE_COLOUR ( '', #267 ) ;
#297 = CARTESIAN_POINT ( 'NONE',  ( 3.708400000000000141, 0.000000000000000000, 0.5461000000000006960 ) ) ;
#298 = SURFACE_STYLE_USAGE ( .BOTH. , #3551 ) ;
#299 = SURFACE_STYLE_USAGE ( .BOTH. , #4384 ) ;
#300 = SURFACE_STYLE_FILL_AREA ( #2116 ) ;
#301 = ORIENTED_EDGE ( 'NONE', *, *, #1063, .F. ) ;
#302 = ORIENTED_EDGE ( 'NONE', *, *, #1293, .F. ) ;
#303 = SURFACE_STYLE_FILL_AREA ( #2069 ) ;
#304 = DIRECTION ( 'NONE',  ( -0.000000000000000000, -1.000000000000000000, -0.000000000000000000 ) ) ;
#305 = ORIENTED_EDGE ( 'NONE', *, *, #1898, .T. ) ;
#306 = CARTESIAN_POINT ( 'NONE',  ( 0.000000000000000000, 0.000000000000000000, 0.000000000000000000 ) ) ;
#307 = DIRECTION ( 'NONE',  ( 0.000000000000000000, 0.000000000000000000, 1.000000000000000000 ) ) ;
#308 = CARTESIAN_POINT ( 'NONE',  ( 3.504373707781806235, -2.794000000000000039, -1.270000000000004903 ) ) ;
#309 = PRESENTATION_STYLE_ASSIGNMENT (( #2546 ) ) ;
#310 = UNCERTAINTY_MEASURE_WITH_UNIT (LENGTH_MEASURE( 1.000000000000000082E-05 ), #1878, 'distance_accuracy_value', 'NONE');
#311 = VERTEX_POINT ( 'NONE', #457 ) ;
#312 = EDGE_CURVE ( 'NONE', #3423, #490, #1159, .T. ) ;
#313 = DIRECTION ( 'NONE',  ( -0.000000000000000000, -0.000000000000000000, -1.000000000000000000 ) ) ;
#314 =( GEOMETRIC_REPRESENTATION_CONTEXT ( 3 ) GLOBAL_UNCERTAINTY_ASSIGNED_CONTEXT ( ( #3923 ) ) GLOBAL_UNIT_ASSIGNED_CONTEXT ( ( #4622, #633, #2782 ) ) REPRESENTATION_CONTEXT ( 'NONE', 'WORKASPACE' ) );
#315 = COLOUR_RGB ( '',0.4941176470588235503, 0.4941176470588235503, 0.4941176470588235503 ) ;
#316 = EDGE_CURVE ( 'NONE', #2844, #2198, #1546, .T. ) ;
#317 = ADVANCED_FACE ( 'NONE', ( #1909 ), #2762, .T. ) ;
#318 = SURFACE_STYLE_FILL_AREA ( #2574 ) ;
#319 = DIRECTION ( 'NONE',  ( -1.000000000000000000, 0.000000000000000000, 0.000000000000000000 ) ) ;
#320 = CARTESIAN_POINT ( 'NONE',  ( 1.549400000000012323, 8.709688035535916541E-17, -0.7111999999999951694 ) ) ;
#321 = ORIENTED_EDGE ( 'NONE', *, *, #891, .F. ) ;
#322 = VERTEX_POINT ( 'NONE', #2699 ) ;
#323 = CYLINDRICAL_SURFACE ( 'NONE', #3027, 0.9499600000000134603 ) ;
#324 = EDGE_CURVE ( 'NONE', #2691, #1836, #3094, .T. ) ;
#325 = AXIS2_PLACEMENT_3D ( 'NONE', #2227, #1487, #2569 ) ;
#326 =( NAMED_UNIT ( * ) PLANE_ANGLE_UNIT ( ) SI_UNIT ( $, .RADIAN. ) );
#327 = CARTESIAN_POINT ( 'NONE',  ( 2.539974600000003413, 1.084202172485504434E-16, 6.872690403361758345E-17 ) ) ;
#328 = EDGE_LOOP ( 'NONE', ( #1288, #4554, #285, #3773 ) ) ;
#329 = CARTESIAN_POINT ( 'NONE',  ( 12.08874741556367738, 0.000000000000000000, -2.539999999999978719 ) ) ;
#330 = CARTESIAN_POINT ( 'NONE',  ( 10.01436830778180820, -2.794000000000000039, -2.139949999999989139 ) ) ;
#331 = UNCERTAINTY_MEASURE_WITH_UNIT (LENGTH_MEASURE( 1.000000000000000082E-05 ), #1343, 'distance_accuracy_value', 'NONE');
#332 = SURFACE_SIDE_STYLE ('',( #2151 ) ) ;
#333 = PRESENTATION_STYLE_ASSIGNMENT (( #3301 ) ) ;
#334 = MECHANICAL_DESIGN_GEOMETRIC_PRESENTATION_REPRESENTATION (  '', ( #4460 ), #112 ) ;
#335 =( NAMED_UNIT ( * ) SI_UNIT ( $, .STERADIAN. ) SOLID_ANGLE_UNIT ( ) );
#336 = COLOUR_RGB ( '',0.4941176470588235503, 0.4941176470588235503, 0.4941176470588235503 ) ;
#337 = DIRECTION ( 'NONE',  ( 0.000000000000000000, 0.000000000000000000, 1.000000000000000000 ) ) ;
#338 = ORIENTED_EDGE ( 'NONE', *, *, #4150, .F. ) ;
#339 = STYLED_ITEM ( 'NONE', ( #724 ), #4241 ) ;
#340 = AXIS2_PLACEMENT_3D ( 'NONE', #4396, #4298, #3957 ) ;
#341 = PRODUCT ( '310-43-105-41-105000', '310-43-105-41-105000', '', ( #4215 ) ) ;
#342 = FILL_AREA_STYLE ('',( #444 ) ) ;
#343 = STYLED_ITEM ( 'NONE', ( #1763 ), #4410 ) ;
#344 = EDGE_CURVE ( 'NONE', #767, #1693, #4584, .T. ) ;
#345 =( NAMED_UNIT ( * ) SI_UNIT ( $, .STERADIAN. ) SOLID_ANGLE_UNIT ( ) );
#346 = DIRECTION ( 'NONE',  ( 0.3420201433256644941, 0.000000000000000000, 0.9396926207859098712 ) ) ;
#347 = DIRECTION ( 'NONE',  ( -0.000000000000000000, -1.000000000000000000, -0.000000000000000000 ) ) ;
#348 = VECTOR ( 'NONE', #3829, 1000.000000000000000 ) ;
#349 = ADVANCED_FACE ( 'NONE', ( #2299 ), #155, .F. ) ;
#350 = CIRCLE ( 'NONE', #4024, 0.9499600000000134603 ) ;
#351 = VECTOR ( 'NONE', #3234, 1000.000000000000000 ) ;
#352 = PRESENTATION_LAYER_ASSIGNMENT (  '', '', ( #3017 ) ) ;
#353 = FACE_OUTER_BOUND ( 'NONE', #3085, .T. ) ;
#354 = ORIENTED_EDGE ( 'NONE', *, *, #63, .F. ) ;
#355 =( GEOMETRIC_REPRESENTATION_CONTEXT ( 3 ) GLOBAL_UNCERTAINTY_ASSIGNED_CONTEXT ( ( #483 ) ) GLOBAL_UNIT_ASSIGNED_CONTEXT ( ( #4366, #1158, #802 ) ) REPRESENTATION_CONTEXT ( 'NONE', 'WORKASPACE' ) );
#356 = ORIENTED_EDGE ( 'NONE', *, *, #3772, .T. ) ;
#357 =( GEOMETRIC_REPRESENTATION_CONTEXT ( 3 ) GLOBAL_UNCERTAINTY_ASSIGNED_CONTEXT ( ( #580 ) ) GLOBAL_UNIT_ASSIGNED_CONTEXT ( ( #3029, #2305, #1612 ) ) REPRESENTATION_CONTEXT ( 'NONE', 'WORKASPACE' ) );
#358 =( NAMED_UNIT ( * ) PLANE_ANGLE_UNIT ( ) SI_UNIT ( $, .RADIAN. ) );
#359 = AXIS2_PLACEMENT_3D ( 'NONE', #2786, #4247, #2352 ) ;
#360 = SURFACE_SIDE_STYLE ('',( #4390 ) ) ;
#361 = AXIS2_PLACEMENT_3D ( 'NONE', #4058, #2917, #37 ) ;
#362 = SURFACE_STYLE_FILL_AREA ( #3659 ) ;
#363 = ORIENTED_EDGE ( 'NONE', *, *, #2329, .F. ) ;
#364 = FILL_AREA_STYLE_COLOUR ( '', #2862 ) ;
#365 = PRESENTATION_LAYER_ASSIGNMENT (  '', '', ( #2496 ) ) ;
#366 =( LENGTH_UNIT ( ) NAMED_UNIT ( * ) SI_UNIT ( .MILLI., .METRE. ) );
#367 = FILL_AREA_STYLE ('',( #3152 ) ) ;
#368 = LINE ( 'NONE', #3280, #1359 ) ;
#369 = FACE_OUTER_BOUND ( 'NONE', #722, .T. ) ;
#370 = ORIENTED_EDGE ( 'NONE', *, *, #4569, .T. ) ;
#371 = CARTESIAN_POINT ( 'NONE',  ( 11.12437370778180679, -0.8940799999999984315, -1.270000000000004903 ) ) ;
#372 = ORIENTED_EDGE ( 'NONE', *, *, #585, .T. ) ;
#373 = CARTESIAN_POINT ( 'NONE',  ( 6.044373707781806715, -0.8940799999999999859, -0.5448299999999917098 ) ) ;
#374 = DIRECTION ( 'NONE',  ( -0.000000000000000000, 1.000000000000000000, 0.000000000000000000 ) ) ;
#375 = DIRECTION ( 'NONE',  ( -1.000000000000000000, -0.000000000000000000, -0.000000000000000000 ) ) ;
#376 = MECHANICAL_DESIGN_GEOMETRIC_PRESENTATION_REPRESENTATION (  '', ( #3965 ), #3044 ) ;
#377 = ORIENTED_EDGE ( 'NONE', *, *, #4627, .T. ) ;
#378 = ORIENTED_EDGE ( 'NONE', *, *, #923, .F. ) ;
#379 = DIRECTION ( 'NONE',  ( -0.3420201433256694901, 0.000000000000000000, -0.9396926207859080948 ) ) ;
#380 = SURFACE_STYLE_FILL_AREA ( #3680 ) ;
#381 = ORIENTED_EDGE ( 'NONE', *, *, #3209, .F. ) ;
#382 = DIRECTION ( 'NONE',  ( -0.000000000000000000, 1.000000000000000000, -0.000000000000000000 ) ) ;
#383 = PLANE ( 'NONE',  #3185 ) ;
#384 = STYLED_ITEM ( 'NONE', ( #4431 ), #626 ) ;
#385 = UNCERTAINTY_MEASURE_WITH_UNIT (LENGTH_MEASURE( 1.000000000000000082E-05 ), #1370, 'distance_accuracy_value', 'NONE');
#386 = EDGE_CURVE ( 'NONE', #1292, #1079, #4176, .T. ) ;
#387 = LINE ( 'NONE', #3349, #1945 ) ;
#388 = DIRECTION ( 'NONE',  ( -0.3420201433256713219, 0.000000000000000000, 0.9396926207859073177 ) ) ;
#389 = FILL_AREA_STYLE ('',( #3669 ) ) ;
#390 = DIRECTION ( 'NONE',  ( 0.000000000000000000, -0.000000000000000000, -1.000000000000000000 ) ) ;
#391 = VERTEX_POINT ( 'NONE', #885 ) ;
#392 = DIRECTION ( 'NONE',  ( 0.000000000000000000, 0.000000000000000000, 1.000000000000000000 ) ) ;
#393 = COLOUR_RGB ( '',0.8000000000000000444, 0.8039215686274510109, 0.8000000000000000444 ) ;
#394 = LINE ( 'NONE', #140, #1961 ) ;
#395 = PRESENTATION_STYLE_ASSIGNMENT (( #3598 ) ) ;
#396 = SURFACE_STYLE_FILL_AREA ( #496 ) ;
#397 = ORIENTED_EDGE ( 'NONE', *, *, #990, .F. ) ;
#398 = EDGE_LOOP ( 'NONE', ( #3796, #609, #3269, #2948 ) ) ;
#399 = PLANE ( 'NONE',  #4258 ) ;
#400 = DIRECTION ( 'NONE',  ( 1.000000000000000000, 0.000000000000000000, -0.000000000000000000 ) ) ;
#401 =( LENGTH_UNIT ( ) NAMED_UNIT ( * ) SI_UNIT ( .MILLI., .METRE. ) );
#402 = ORIENTED_EDGE ( 'NONE', *, *, #1184, .F. ) ;
#403 = CARTESIAN_POINT ( 'NONE',  ( 0.000000000000000000, -2.794000000000000039, 0.000000000000000000 ) ) ;
#404 = DIRECTION ( 'NONE',  ( 0.3420201433256638834, 0.000000000000000000, -0.9396926207859100932 ) ) ;
#405 = STYLED_ITEM ( 'NONE', ( #1449 ), #1338 ) ;
#406 = SURFACE_STYLE_FILL_AREA ( #3665 ) ;
#407 = CARTESIAN_POINT ( 'NONE',  ( 1.795864635369071038, 8.243097604887940646E-17, -0.6730999999717823812 ) ) ;
#408 = EDGE_CURVE ( 'NONE', #1420, #414, #914, .T. ) ;
#409 = SURFACE_SIDE_STYLE ('',( #692 ) ) ;
#410 = ORIENTED_EDGE ( 'NONE', *, *, #3237, .F. ) ;
#411 = SURFACE_SIDE_STYLE ('',( #3620 ) ) ;
#412 = VECTOR ( 'NONE', #3225, 1000.000000000000000 ) ;
#413 = CARTESIAN_POINT ( 'NONE',  ( 0.9643737077818061998, -0.8940799999999999859, -1.270000000000004903 ) ) ;
#414 = VERTEX_POINT ( 'NONE', #4129 ) ;
#415 = STYLED_ITEM ( 'NONE', ( #2309 ), #4173 ) ;
#416 = MECHANICAL_DESIGN_GEOMETRIC_PRESENTATION_REPRESENTATION (  '', ( #4379 ), #3233 ) ;
#417 =( NAMED_UNIT ( * ) PLANE_ANGLE_UNIT ( ) SI_UNIT ( $, .RADIAN. ) );
#418 = DIRECTION ( 'NONE',  ( 0.000000000000000000, 0.000000000000000000, -1.000000000000000000 ) ) ;
#419 = DIRECTION ( 'NONE',  ( -1.000000000000000000, 0.000000000000000000, 0.000000000000000000 ) ) ;
#420 = MECHANICAL_DESIGN_GEOMETRIC_PRESENTATION_REPRESENTATION (  '', ( #3477 ), #4093 ) ;
#421 = DIRECTION ( 'NONE',  ( -0.000000000000000000, 1.000000000000000000, 0.000000000000000000 ) ) ;
#422 = ORIENTED_EDGE ( 'NONE', *, *, #1915, .F. ) ;
#423 = ORIENTED_EDGE ( 'NONE', *, *, #2942, .T. ) ;
#424 =( NAMED_UNIT ( * ) PLANE_ANGLE_UNIT ( ) SI_UNIT ( $, .RADIAN. ) );
#425 = VECTOR ( 'NONE', #2846, 1000.000000000000000 ) ;
#426 = EDGE_CURVE ( 'NONE', #4168, #3050, #2142, .T. ) ;
#427 = EDGE_LOOP ( 'NONE', ( #2632, #2861, #3978, #1817, #4324, #3679, #1351, #1307, #3859, #4506, #3797, #1746, #4530, #3470, #1242, #1614, #1636, #3737, #2555, #1166, #4179, #748, #3099, #4454, #4041, #3460, #500, #2818, #3075, #576, #247, #3520, #2022, #3719, #725, #3906, #5, #2010, #796, #4661, #338, #2886, #2397, #4387 ) ) ;
#428 =( GEOMETRIC_REPRESENTATION_CONTEXT ( 3 ) GLOBAL_UNCERTAINTY_ASSIGNED_CONTEXT ( ( #1501 ) ) GLOBAL_UNIT_ASSIGNED_CONTEXT ( ( #3579, #699, #3191 ) ) REPRESENTATION_CONTEXT ( 'NONE', 'WORKASPACE' ) );
#429 = CARTESIAN_POINT ( 'NONE',  ( 11.12437370778180679, 0.000000000000000000, -2.219960000000018141 ) ) ;
#430 = LINE ( 'NONE', #4094, #688 ) ;
#431 =( GEOMETRIC_REPRESENTATION_CONTEXT ( 3 ) GLOBAL_UNCERTAINTY_ASSIGNED_CONTEXT ( ( #3001 ) ) GLOBAL_UNIT_ASSIGNED_CONTEXT ( ( #2928, #1816, #1455 ) ) REPRESENTATION_CONTEXT ( 'NONE', 'WORKASPACE' ) );
#432 = COLOUR_RGB ( '',0.8000000000000000444, 0.8039215686274510109, 0.8000000000000000444 ) ;
#433 = UNCERTAINTY_MEASURE_WITH_UNIT (LENGTH_MEASURE( 1.000000000000000082E-05 ), #1995, 'distance_accuracy_value', 'NONE');
#434 = AXIS2_PLACEMENT_3D ( 'NONE', #1410, #684, #307 ) ;
#435 = EDGE_CURVE ( 'NONE', #4491, #4700, #3458, .T. ) ;
#436 = ADVANCED_FACE ( 'NONE', ( #1714 ), #4656, .T. ) ;
#438 =( NAMED_UNIT ( * ) PLANE_ANGLE_UNIT ( ) SI_UNIT ( $, .RADIAN. ) );
#437 = SURFACE_STYLE_USAGE ( .BOTH. , #1911 ) ;
#439 =( NAMED_UNIT ( * ) PLANE_ANGLE_UNIT ( ) SI_UNIT ( $, .RADIAN. ) );
#440 = EDGE_CURVE ( 'NONE', #2681, #490, #642, .T. ) ;
#441 =( NAMED_UNIT ( * ) SI_UNIT ( $, .STERADIAN. ) SOLID_ANGLE_UNIT ( ) );
#442 = EDGE_LOOP ( 'NONE', ( #3382, #3063, #3633, #1785 ) ) ;
#443 = COLOUR_RGB ( '',0.4941176470588235503, 0.4941176470588235503, 0.4941176470588235503 ) ;
#444 = FILL_AREA_STYLE_COLOUR ( '', #4510 ) ;
#445 = SURFACE_STYLE_FILL_AREA ( #4125 ) ;
#446 = EDGE_LOOP ( 'NONE', ( #3754, #3901, #1178, #4619 ) ) ;
#447 = CARTESIAN_POINT ( 'NONE',  ( 3.504373707781806235, -2.794000000000000039, -0.5448299999999917098 ) ) ;
#448 = CARTESIAN_POINT ( 'NONE',  ( 4.353789849825680847, -6.221205739670236568E-17, 0.2540000000000687264 ) ) ;
#449 = CARTESIAN_POINT ( 'NONE',  ( -0.3056262922181931518, -2.794000000000000039, -0.4000499999999999057 ) ) ;
#450 = FILL_AREA_STYLE_COLOUR ( '', #3945 ) ;
#451 = DIRECTION ( 'NONE',  ( -0.000000000000000000, 1.000000000000000000, -0.000000000000000000 ) ) ;
#452 = ORIENTED_EDGE ( 'NONE', *, *, #1384, .T. ) ;
#453 = ORIENTED_EDGE ( 'NONE', *, *, #3820, .F. ) ;
#454 = SURFACE_SIDE_STYLE ('',( #1565 ) ) ;
#455 = VERTEX_POINT ( 'NONE', #1003 ) ;
#456 = CARTESIAN_POINT ( 'NONE',  ( 11.12437370778180679, 0.000000000000000000, -1.270000000000004903 ) ) ;
#457 = CARTESIAN_POINT ( 'NONE',  ( 12.08874741556356724, -2.794000000000000039, 4.065758146820641628E-17 ) ) ;
#459 = DIRECTION ( 'NONE',  ( 1.000000000000000000, -2.134256245049696245E-15, 1.816729069662897656E-15 ) ) ;
#458 = CARTESIAN_POINT ( 'NONE',  ( 0.000000000000000000, 0.000000000000000000, 0.000000000000000000 ) ) ;
#460 = DIRECTION ( 'NONE',  ( 0.000000000000000000, -1.000000000000000000, 0.000000000000000000 ) ) ;
#461 = DIRECTION ( 'NONE',  ( -3.657132581846951845E-29, -1.000000000000000000, 3.491481338843133355E-15 ) ) ;
#462 = ORIENTED_EDGE ( 'NONE', *, *, #4291, .T. ) ;
#463 = ORIENTED_EDGE ( 'NONE', *, *, #645, .T. ) ;
#464 = SURFACE_STYLE_USAGE ( .BOTH. , #2251 ) ;
#465 = SURFACE_STYLE_FILL_AREA ( #2941 ) ;
#466 = EDGE_CURVE ( 'NONE', #4581, #1599, #4680, .T. ) ;
#467 =( LENGTH_UNIT ( ) NAMED_UNIT ( * ) SI_UNIT ( .MILLI., .METRE. ) );
#468 = CARTESIAN_POINT ( 'NONE',  ( 8.584373707781805862, 2.332957050962901456E-15, -1.270000000000004903 ) ) ;
#469 = STYLED_ITEM ( 'NONE', ( #3574 ), #436 ) ;
#470 = EDGE_CURVE ( 'NONE', #1292, #1154, #3979, .T. ) ;
#471 = CARTESIAN_POINT ( 'NONE',  ( 9.694379107781808003, -2.794000000000000039, -0.4000499999999996281 ) ) ;
#472 = PLANE ( 'NONE',  #4445 ) ;
#473 = ORIENTED_EDGE ( 'NONE', *, *, #4307, .F. ) ;
#474 = COLOUR_RGB ( '',0.8000000000000000444, 0.8039215686274510109, 0.8000000000000000444 ) ;
#475 = LINE ( 'NONE', #1927, #2110 ) ;
#476 = STYLED_ITEM ( 'NONE', ( #2579 ), #4613 ) ;
#477 = FILL_AREA_STYLE ('',( #4494 ) ) ;
#478 = SURFACE_STYLE_USAGE ( .BOTH. , #2997 ) ;
#479 = ORIENTED_EDGE ( 'NONE', *, *, #324, .F. ) ;
#480 = AXIS2_PLACEMENT_3D ( 'NONE', #543, #2427, #3062 ) ;
#481 =( GEOMETRIC_REPRESENTATION_CONTEXT ( 3 ) GLOBAL_UNCERTAINTY_ASSIGNED_CONTEXT ( ( #3762 ) ) GLOBAL_UNIT_ASSIGNED_CONTEXT ( ( #2983, #2286, #1936 ) ) REPRESENTATION_CONTEXT ( 'NONE', 'WORKASPACE' ) );
#482 = EDGE_CURVE ( 'NONE', #2509, #3154, #1024, .T. ) ;
#483 = UNCERTAINTY_MEASURE_WITH_UNIT (LENGTH_MEASURE( 1.000000000000000082E-05 ), #4366, 'distance_accuracy_value', 'NONE');
#485 = DIRECTION ( 'NONE',  ( 0.000000000000000000, 0.000000000000000000, 1.000000000000000000 ) ) ;
#484 = SURFACE_STYLE_USAGE ( .BOTH. , #1569 ) ;
#486 = CARTESIAN_POINT ( 'NONE',  ( 5.591498816721848009, -2.058358816721820528, -6.138602388593111107E-17 ) ) ;
#487 = VECTOR ( 'NONE', #4266, 1000.000000000000000 ) ;
#488 = ORIENTED_EDGE ( 'NONE', *, *, #4331, .F. ) ;
#489 = UNCERTAINTY_MEASURE_WITH_UNIT (LENGTH_MEASURE( 1.000000000000000082E-05 ), #366, 'distance_accuracy_value', 'NONE');
#490 = VERTEX_POINT ( 'NONE', #1374 ) ;
#491 = FACE_OUTER_BOUND ( 'NONE', #2581, .T. ) ;
#492 =( NAMED_UNIT ( * ) PLANE_ANGLE_UNIT ( ) SI_UNIT ( $, .RADIAN. ) );
#493 = PRESENTATION_LAYER_ASSIGNMENT (  '', '', ( #3790 ) ) ;
#494 = CARTESIAN_POINT ( 'NONE',  ( 4.131110244821296185, -9.865503688179798763E-17, 0.4027897551787399388 ) ) ;
#495 = AXIS2_PLACEMENT_3D ( 'NONE', #2440, #3535, #2775 ) ;
#496 = FILL_AREA_STYLE ('',( #4151 ) ) ;
#497 = EDGE_CURVE ( 'NONE', #2791, #62, #2808, .T. ) ;
#498 = DIRECTION ( 'NONE',  ( 0.000000000000000000, 0.000000000000000000, 1.000000000000000000 ) ) ;
#499 = MECHANICAL_DESIGN_GEOMETRIC_PRESENTATION_REPRESENTATION (  '', ( #1719 ), #577 ) ;
#500 = ORIENTED_EDGE ( 'NONE', *, *, #3531, .F. ) ;
#501 = EDGE_CURVE ( 'NONE', #870, #1302, #2600, .T. ) ;
#502 = MECHANICAL_DESIGN_GEOMETRIC_PRESENTATION_REPRESENTATION (  '', ( #4623 ), #660 ) ;
#503 = DIRECTION ( 'NONE',  ( 4.037223026264461550E-17, 0.000000000000000000, -1.000000000000000000 ) ) ;
#504 = ORIENTED_EDGE ( 'NONE', *, *, #2321, .F. ) ;
#505 = CARTESIAN_POINT ( 'NONE',  ( 11.12437370778180679, -0.8940799999999999859, -1.995170000000017874 ) ) ;
#506 = VECTOR ( 'NONE', #2945, 1000.000000000000000 ) ;
#508 = SURFACE_SIDE_STYLE ('',( #3777 ) ) ;
#507 = SURFACE_STYLE_USAGE ( .BOTH. , #1236 ) ;
#509 = CARTESIAN_POINT ( 'NONE',  ( 5.591498816721848897, -2.058358816721819640, -1.796364976791478570E-16 ) ) ;
#510 = COLOUR_RGB ( '',0.4941176470588235503, 0.4941176470588235503, 0.4941176470588235503 ) ;
#511 = AXIS2_PLACEMENT_3D ( 'NONE', #2860, #3536, #2442 ) ;
#512 = CARTESIAN_POINT ( 'NONE',  ( 3.860800000097697193, 0.000000000000000000, 0.6730999999149389623 ) ) ;
#513 = AXIS2_PLACEMENT_3D ( 'NONE', #1973, #862, #1581 ) ;
#514 =( NAMED_UNIT ( * ) PLANE_ANGLE_UNIT ( ) SI_UNIT ( $, .RADIAN. ) );
#515 = ORIENTED_EDGE ( 'NONE', *, *, #2015, .T. ) ;
#516 = DIRECTION ( 'NONE',  ( 0.000000000000000000, 0.000000000000000000, -1.000000000000000000 ) ) ;
#517 = PRESENTATION_LAYER_ASSIGNMENT (  '', '', ( #3414 ) ) ;
#518 = CIRCLE ( 'NONE', #3178, 0.2540000000000609548 ) ;
#519 = PRESENTATION_LAYER_ASSIGNMENT (  '', '', ( #3022 ) ) ;
#520 = FILL_AREA_STYLE_COLOUR ( '', #1290 ) ;
#521 = EDGE_LOOP ( 'NONE', ( #629, #3061, #150, #515 ) ) ;
#522 = PRESENTATION_STYLE_ASSIGNMENT (( #882 ) ) ;
#523 = FILL_AREA_STYLE_COLOUR ( '', #764 ) ;
#524 = SURFACE_SIDE_STYLE ('',( #1626 ) ) ;
#525 = COLOUR_RGB ( '',0.4941176470588235503, 0.4941176470588235503, 0.4941176470588235503 ) ;
#526 = PLANE ( 'NONE',  #276 ) ;
#527 = DIRECTION ( 'NONE',  ( -0.3420201433256692125, 0.000000000000000000, -0.9396926207859082059 ) ) ;
#528 = VERTEX_POINT ( 'NONE', #2135 ) ;
#529 = DIRECTION ( 'NONE',  ( 1.000000000000000000, 0.000000000000000000, 0.000000000000000000 ) ) ;
#530 = CARTESIAN_POINT ( 'NONE',  ( 8.584373707781805862, 0.000000000000000000, -2.219960000000018141 ) ) ;
#531 = SURFACE_STYLE_FILL_AREA ( #1955 ) ;
#532 = VERTEX_POINT ( 'NONE', #4308 ) ;
#533 = CARTESIAN_POINT ( 'NONE',  ( 7.008772815563611758, 0.000000000000000000, -2.539999999999996927 ) ) ;
#534 = UNCERTAINTY_MEASURE_WITH_UNIT (LENGTH_MEASURE( 1.000000000000000082E-05 ), #2307, 'distance_accuracy_value', 'NONE');
#535 = DIRECTION ( 'NONE',  ( 1.506739769771851316E-15, 0.000000000000000000, -1.000000000000000000 ) ) ;
#536 = AXIS2_PLACEMENT_3D ( 'NONE', #2344, #4521, #1692 ) ;
#537 = CARTESIAN_POINT ( 'NONE',  ( 0.000000000000000000, 1.119817033140351443E-16, -0.9144000000000095385 ) ) ;
#538 = FILL_AREA_STYLE ('',( #4236 ) ) ;
#539 = EDGE_CURVE ( 'NONE', #3332, #3743, #3184, .T. ) ;
#540 =( NAMED_UNIT ( * ) PLANE_ANGLE_UNIT ( ) SI_UNIT ( $, .RADIAN. ) );
#541 = ORIENTED_EDGE ( 'NONE', *, *, #23, .F. ) ;
#542 = SURFACE_STYLE_USAGE ( .BOTH. , #2370 ) ;
#543 = CARTESIAN_POINT ( 'NONE',  ( 4.614379107781807932, -2.794000000000000039, -2.139949999999988695 ) ) ;
#544 = PRODUCT_DEFINITION_SHAPE ( 'NONE', 'NONE',  #4430 ) ;
#545 = ORIENTED_EDGE ( 'NONE', *, *, #2161, .F. ) ;
#546 =( NAMED_UNIT ( * ) PLANE_ANGLE_UNIT ( ) SI_UNIT ( $, .RADIAN. ) );
#547 = CARTESIAN_POINT ( 'NONE',  ( 9.548772815563612681, -2.794000000000000039, -1.558540622947912624E-16 ) ) ;
#548 = CIRCLE ( 'NONE', #2821, 0.9499600000000134603 ) ;
#549 = DIRECTION ( 'NONE',  ( -1.000000000000000000, -0.000000000000000000, -0.000000000000000000 ) ) ;
#550 = SURFACE_STYLE_USAGE ( .BOTH. , #571 ) ;
#551 =( NAMED_UNIT ( * ) PLANE_ANGLE_UNIT ( ) SI_UNIT ( $, .RADIAN. ) );
#552 = VERTEX_POINT ( 'NONE', #3594 ) ;
#553 = CYLINDRICAL_SURFACE ( 'NONE', #597, 0.9499600000000134603 ) ;
#554 =( NAMED_UNIT ( * ) SI_UNIT ( $, .STERADIAN. ) SOLID_ANGLE_UNIT ( ) );
#555 = PRODUCT_RELATED_PRODUCT_CATEGORY ( 'part', '', ( #3049 ) ) ;
#556 = ORIENTED_EDGE ( 'NONE', *, *, #173, .T. ) ;
#557 = DIRECTION ( 'NONE',  ( 0.000000000000000000, 0.000000000000000000, 1.000000000000000000 ) ) ;
#559 = CARTESIAN_POINT ( 'NONE',  ( 3.860800000097697193, 0.000000000000000000, 0.000000000000000000 ) ) ;
#558 = LINE ( 'NONE', #3372, #4545 ) ;
#560 = CARTESIAN_POINT ( 'NONE',  ( 2.074379107781807452, 1.626303258728256651E-16, -0.4000499999999996836 ) ) ;
#561 = COLOUR_RGB ( '',0.8000000000000000444, 0.8039215686274510109, 0.8000000000000000444 ) ;
#562 = CARTESIAN_POINT ( 'NONE',  ( 10.01436830778180820, 1.084202172485504434E-16, -0.4000499999999996836 ) ) ;
#563 = ORIENTED_EDGE ( 'NONE', *, *, #3570, .T. ) ;
#564 = SURFACE_SIDE_STYLE ('',( #4579 ) ) ;
#565 = EDGE_CURVE ( 'NONE', #3921, #2947, #3231, .T. ) ;
#566 =( LENGTH_UNIT ( ) NAMED_UNIT ( * ) SI_UNIT ( .MILLI., .METRE. ) );
#567 = ORIENTED_EDGE ( 'NONE', *, *, #1774, .T. ) ;
#568 = SURFACE_STYLE_FILL_AREA ( #3043 ) ;
#569 = VECTOR ( 'NONE', #3306, 1000.000000000000114 ) ;
#570 = CARTESIAN_POINT ( 'NONE',  ( 5.591498816721885312, -0.6613588167217951952, -0.5080000000001215765 ) ) ;
#571 = SURFACE_SIDE_STYLE ('',( #2326 ) ) ;
#572 = DIRECTION ( 'NONE',  ( 0.000000000000000000, 0.000000000000000000, 1.000000000000000000 ) ) ;
#573 = ORIENTED_EDGE ( 'NONE', *, *, #3717, .T. ) ;
#574 = FACE_OUTER_BOUND ( 'NONE', #1914, .T. ) ;
#575 = CARTESIAN_POINT ( 'NONE',  ( 0.000000000000000000, 0.000000000000000000, 0.000000000000000000 ) ) ;
#576 = ORIENTED_EDGE ( 'NONE', *, *, #4718, .T. ) ;
#577 =( GEOMETRIC_REPRESENTATION_CONTEXT ( 3 ) GLOBAL_UNCERTAINTY_ASSIGNED_CONTEXT ( ( #103 ) ) GLOBAL_UNIT_ASSIGNED_CONTEXT ( ( #2852, #1057, #225 ) ) REPRESENTATION_CONTEXT ( 'NONE', 'WORKASPACE' ) );
#578 = LINE ( 'NONE', #2048, #4712 ) ;
#579 = MECHANICAL_DESIGN_GEOMETRIC_PRESENTATION_REPRESENTATION (  '', ( #339 ), #4466 ) ;
#580 = UNCERTAINTY_MEASURE_WITH_UNIT (LENGTH_MEASURE( 1.000000000000000082E-05 ), #3029, 'distance_accuracy_value', 'NONE');
#581 = CIRCLE ( 'NONE', #3239, 0.2540000000000606217 ) ;
#582 = SURFACE_SIDE_STYLE ('',( #3846 ) ) ;
#583 =( NAMED_UNIT ( * ) PLANE_ANGLE_UNIT ( ) SI_UNIT ( $, .RADIAN. ) );
#584 = VECTOR ( 'NONE', #1934, 1000.000000000000000 ) ;
#585 = EDGE_CURVE ( 'NONE', #682, #3739, #548, .T. ) ;
#586 = DIRECTION ( 'NONE',  ( -0.3420201433255228851, 0.000000000000000000, -0.9396926207859614966 ) ) ;
#587 = VECTOR ( 'NONE', #1635, 1000.000000000000000 ) ;
#588 = ORIENTED_EDGE ( 'NONE', *, *, #2434, .T. ) ;
#589 = CARTESIAN_POINT ( 'NONE',  ( 7.619974600000002596, -2.794000000000000039, -2.539999999999985825 ) ) ;
#590 = EDGE_CURVE ( 'NONE', #3987, #2280, #3894, .T. ) ;
#591 = ORIENTED_EDGE ( 'NONE', *, *, #3371, .T. ) ;
#592 = UNCERTAINTY_MEASURE_WITH_UNIT (LENGTH_MEASURE( 1.000000000000000082E-05 ), #1873, 'distance_accuracy_value', 'NONE');
#593 = DIRECTION ( 'NONE',  ( 0.3420201433257821222, 0.000000000000000000, -0.9396926207858671276 ) ) ;
#594 = STYLED_ITEM ( 'NONE', ( #2609 ), #1769 ) ;
#595 = DIRECTION ( 'NONE',  ( 0.000000000000000000, -0.000000000000000000, -1.000000000000000000 ) ) ;
#596 = ORIENTED_EDGE ( 'NONE', *, *, #4591, .F. ) ;
#597 = AXIS2_PLACEMENT_3D ( 'NONE', #2790, #4201, #989 ) ;
#598 = VECTOR ( 'NONE', #4333, 1000.000000000000000 ) ;
#599 = COLOUR_RGB ( '',0.4941176470588235503, 0.4941176470588235503, 0.4941176470588235503 ) ;
#600 = DIRECTION ( 'NONE',  ( -1.000000000000000000, -0.000000000000000000, 1.355298456929802892E-15 ) ) ;
#601 = MECHANICAL_DESIGN_GEOMETRIC_PRESENTATION_REPRESENTATION (  '', ( #1051 ), #127 ) ;
#602 = COLOUR_RGB ( '',0.4941176470588235503, 0.4941176470588235503, 0.4941176470588235503 ) ;
#603 = MECHANICAL_DESIGN_GEOMETRIC_PRESENTATION_REPRESENTATION (  '', ( #3487 ), #4255 ) ;
#604 = SURFACE_SIDE_STYLE ('',( #220 ) ) ;
#605 =( LENGTH_UNIT ( ) NAMED_UNIT ( * ) SI_UNIT ( .MILLI., .METRE. ) );
#606 = MECHANICAL_DESIGN_GEOMETRIC_PRESENTATION_REPRESENTATION (  '', ( #834 ), #3339 ) ;
#607 = SURFACE_SIDE_STYLE ('',( #960 ) ) ;
#608 = PRESENTATION_STYLE_ASSIGNMENT (( #1698 ) ) ;
#609 = ORIENTED_EDGE ( 'NONE', *, *, #1757, .F. ) ;
#610 = DIRECTION ( 'NONE',  ( 0.3420201433256681023, 0.000000000000000000, 0.9396926207859086499 ) ) ;
#611 = DIRECTION ( 'NONE',  ( -0.3420201433256720991, 0.000000000000000000, 0.9396926207859070956 ) ) ;
#613 = DIRECTION ( 'NONE',  ( -1.000000000000000000, -0.000000000000000000, -0.000000000000000000 ) ) ;
#612 = SURFACE_STYLE_FILL_AREA ( #3174 ) ;
#614 = CARTESIAN_POINT ( 'NONE',  ( -0.1456062922181931563, 0.000000000000000000, -2.139949999999997132 ) ) ;
#615 = VERTEX_POINT ( 'NONE', #2877 ) ;
#616 = PRESENTATION_STYLE_ASSIGNMENT (( #1987 ) ) ;
#617 = APPLICATION_PROTOCOL_DEFINITION ( 'draft international standard', 'automotive_design', 1998, #2057 ) ;
#618 = VERTEX_POINT ( 'NONE', #221 ) ;
#619 = CARTESIAN_POINT ( 'NONE',  ( 0.000000000000000000, -2.794000000000000039, 0.000000000000000000 ) ) ;
#620 = AXIS2_PLACEMENT_3D ( 'NONE', #3734, #460, #3399 ) ;
#621 = CARTESIAN_POINT ( 'NONE',  ( 6.044373707781806715, 0.000000000000000000, -1.270000000000004903 ) ) ;
#622 =( LENGTH_UNIT ( ) NAMED_UNIT ( * ) SI_UNIT ( .MILLI., .METRE. ) );
#623 = CARTESIAN_POINT ( 'NONE',  ( 6.044373707781806715, -0.8940799999999984315, -0.3200399999999913869 ) ) ;
#624 = EDGE_CURVE ( 'NONE', #3739, #166, #2788, .T. ) ;
#625 = CARTESIAN_POINT ( 'NONE',  ( 6.044373707781806715, 0.000000000000000000, -1.270000000000004903 ) ) ;
#626 = ADVANCED_FACE ( 'NONE', ( #4003 ), #86, .F. ) ;
#627 = ORIENTED_EDGE ( 'NONE', *, *, #63, .T. ) ;
#628 = DIRECTION ( 'NONE',  ( 0.000000000000000000, 0.000000000000000000, 1.000000000000000000 ) ) ;
#629 = ORIENTED_EDGE ( 'NONE', *, *, #1477, .F. ) ;
#630 = UNCERTAINTY_MEASURE_WITH_UNIT (LENGTH_MEASURE( 1.000000000000000082E-05 ), #4511, 'distance_accuracy_value', 'NONE');
#631 = CYLINDRICAL_SURFACE ( 'NONE', #1588, 0.2540000000000609548 ) ;
#632 = ORIENTED_EDGE ( 'NONE', *, *, #1683, .T. ) ;
#633 =( NAMED_UNIT ( * ) PLANE_ANGLE_UNIT ( ) SI_UNIT ( $, .RADIAN. ) );
#634 = AXIS2_PLACEMENT_3D ( 'NONE', #2795, #1122, #1806 ) ;
#635 = MECHANICAL_DESIGN_GEOMETRIC_PRESENTATION_REPRESENTATION (  '', ( #4288 ), #4682 ) ;
#636 = PLANE ( 'NONE',  #2086 ) ;
#637 = SURFACE_SIDE_STYLE ('',( #4329 ) ) ;
#638 = COLOUR_RGB ( '',0.4941176470588235503, 0.4941176470588235503, 0.4941176470588235503 ) ;
#639 = CARTESIAN_POINT ( 'NONE',  ( 5.079974600000002560, -2.794000000000000039, -2.539999999999995595 ) ) ;
#640 =( LENGTH_UNIT ( ) NAMED_UNIT ( * ) SI_UNIT ( .MILLI., .METRE. ) );
#641 = FACE_OUTER_BOUND ( 'NONE', #916, .T. ) ;
#642 = LINE ( 'NONE', #2082, #3052 ) ;
#643 = PRESENTATION_STYLE_ASSIGNMENT (( #2136 ) ) ;
#644 = EDGE_CURVE ( 'NONE', #3743, #4134, #1550, .T. ) ;
#645 = EDGE_CURVE ( 'NONE', #840, #115, #2642, .T. ) ;
#646 = FILL_AREA_STYLE_COLOUR ( '', #4635 ) ;
#647 = CYLINDRICAL_SURFACE ( 'NONE', #188, 0.7251700000000131929 ) ;
#648 = ADVANCED_FACE ( 'NONE', ( #3691 ), #737, .F. ) ;
#649 = ORIENTED_EDGE ( 'NONE', *, *, #3173, .T. ) ;
#650 = ORIENTED_EDGE ( 'NONE', *, *, #746, .T. ) ;
#651 =( NAMED_UNIT ( * ) SI_UNIT ( $, .STERADIAN. ) SOLID_ANGLE_UNIT ( ) );
#652 =( GEOMETRIC_REPRESENTATION_CONTEXT ( 3 ) GLOBAL_UNCERTAINTY_ASSIGNED_CONTEXT ( ( #2090 ) ) GLOBAL_UNIT_ASSIGNED_CONTEXT ( ( #1844, #1862, #3664 ) ) REPRESENTATION_CONTEXT ( 'NONE', 'WORKASPACE' ) );
#653 = FILL_AREA_STYLE_COLOUR ( '', #2557 ) ;
#654 = DIRECTION ( 'NONE',  ( 1.000000000000000000, 0.000000000000000000, 0.000000000000000000 ) ) ;
#655 = VERTEX_POINT ( 'NONE', #16 ) ;
#656 = ITEM_DEFINED_TRANSFORMATION ( 'NONE', 'NONE', #4451,  #4608 ) ;
#657 = COLOUR_RGB ( '',0.4941176470588235503, 0.4941176470588235503, 0.4941176470588235503 ) ;
#659 = SURFACE_STYLE_USAGE ( .BOTH. , #997 ) ;
#658 = SURFACE_STYLE_FILL_AREA ( #706 ) ;
#660 =( GEOMETRIC_REPRESENTATION_CONTEXT ( 3 ) GLOBAL_UNCERTAINTY_ASSIGNED_CONTEXT ( ( #310 ) ) GLOBAL_UNIT_ASSIGNED_CONTEXT ( ( #1878, #1447, #1424 ) ) REPRESENTATION_CONTEXT ( 'NONE', 'WORKASPACE' ) );
#661 = DIRECTION ( 'NONE',  ( 1.506739769771851316E-15, 0.000000000000000000, -1.000000000000000000 ) ) ;
#662 = LINE ( 'NONE', #3911, #1025 ) ;
#663 =( LENGTH_UNIT ( ) NAMED_UNIT ( * ) SI_UNIT ( .MILLI., .METRE. ) );
#664 = UNCERTAINTY_MEASURE_WITH_UNIT (LENGTH_MEASURE( 1.000000000000000082E-05 ), #1967, 'distance_accuracy_value', 'NONE');
#665 =( GEOMETRIC_REPRESENTATION_CONTEXT ( 3 ) GLOBAL_UNCERTAINTY_ASSIGNED_CONTEXT ( ( #630 ) ) GLOBAL_UNIT_ASSIGNED_CONTEXT ( ( #4511, #417, #3018 ) ) REPRESENTATION_CONTEXT ( 'NONE', 'WORKASPACE' ) );
#666 = VECTOR ( 'NONE', #2459, 1000.000000000000000 ) ;
#667 = ORIENTED_EDGE ( 'NONE', *, *, #2857, .F. ) ;
#668 = VECTOR ( 'NONE', #2809, 1000.000000000000000 ) ;
#669 = CARTESIAN_POINT ( 'NONE',  ( 2.394368307781808092, -2.794000000000000039, -0.4000499999999996281 ) ) ;
#670 = AXIS2_PLACEMENT_3D ( 'NONE', #2749, #1983, #557 ) ;
#671 = FILL_AREA_STYLE_COLOUR ( '', #3481 ) ;
#672 = COLOUR_RGB ( '',0.8000000000000000444, 0.8039215686274510109, 0.8000000000000000444 ) ;
#673 = VECTOR ( 'NONE', #593, 1000.000000000000000 ) ;
#674 = DIRECTION ( 'NONE',  ( 0.000000000000000000, 0.000000000000000000, 1.000000000000000000 ) ) ;
#675 = DIRECTION ( 'NONE',  ( -1.000000000000000000, 0.000000000000000000, -0.000000000000000000 ) ) ;
#676 = FILL_AREA_STYLE_COLOUR ( '', #733 ) ;
#677 = VERTEX_POINT ( 'NONE', #1115 ) ;
#678 = VERTEX_POINT ( 'NONE', #2966 ) ;
#679 =( NAMED_UNIT ( * ) PLANE_ANGLE_UNIT ( ) SI_UNIT ( $, .RADIAN. ) );
#680 = CARTESIAN_POINT ( 'NONE',  ( 11.12437370778180679, 0.000000000000000000, -1.270000000000004903 ) ) ;
#681 = DIRECTION ( 'NONE',  ( -1.000000000000000000, -0.000000000000000000, -0.000000000000000000 ) ) ;
#682 = VERTEX_POINT ( 'NONE', #4033 ) ;
#683 = DIRECTION ( 'NONE',  ( -1.000000000000000000, -0.000000000000000000, -0.000000000000000000 ) ) ;
#684 = DIRECTION ( 'NONE',  ( 0.000000000000000000, -1.000000000000000000, 0.000000000000000000 ) ) ;
#685 = ADVANCED_FACE ( 'NONE', ( #763 ), #4689, .F. ) ;
#687 = CARTESIAN_POINT ( 'NONE',  ( 11.84954370778181953, -0.8940799999999993197, -1.270000000000004903 ) ) ;
#686 = CARTESIAN_POINT ( 'NONE',  ( -0.1456062922181931285, -2.794000000000000039, -2.139949999999997132 ) ) ;
#688 = VECTOR ( 'NONE', #3347, 1000.000000000000000 ) ;
#689 = ADVANCED_FACE ( 'NONE', ( #858 ), #2999, .F. ) ;
#690 = EDGE_CURVE ( 'NONE', #391, #9, #1559, .T. ) ;
#691 = LINE ( 'NONE', #1418, #487 ) ;
#692 = SURFACE_STYLE_FILL_AREA ( #3645 ) ;
#693 = ORIENTED_EDGE ( 'NONE', *, *, #2914, .F. ) ;
#694 = MECHANICAL_DESIGN_GEOMETRIC_PRESENTATION_REPRESENTATION (  '', ( #3122 ), #2051 ) ;
#695 = CARTESIAN_POINT ( 'NONE',  ( 3.504373707781806235, -0.8940799999999999859, -1.270000000000004903 ) ) ;
#696 = LINE ( 'NONE', #4335, #3067 ) ;
#697 = CARTESIAN_POINT ( 'NONE',  ( 0.9643737077818063108, -0.8940799999999999859, -1.995170000000017874 ) ) ;
#698 = LINE ( 'NONE', #1077, #1097 ) ;
#699 =( NAMED_UNIT ( * ) PLANE_ANGLE_UNIT ( ) SI_UNIT ( $, .RADIAN. ) );
#700 = VERTEX_POINT ( 'NONE', #113 ) ;
#701 = EDGE_LOOP ( 'NONE', ( #453, #1992, #3078, #2554 ) ) ;
#702 =( NAMED_UNIT ( * ) SI_UNIT ( $, .STERADIAN. ) SOLID_ANGLE_UNIT ( ) );
#703 = VERTEX_POINT ( 'NONE', #2652 ) ;
#704 = FILL_AREA_STYLE ('',( #2148 ) ) ;
#705 = FACE_BOUND ( 'NONE', #4079, .T. ) ;
#707 =( NAMED_UNIT ( * ) SI_UNIT ( $, .STERADIAN. ) SOLID_ANGLE_UNIT ( ) );
#706 = FILL_AREA_STYLE ('',( #2488 ) ) ;
#708 = VECTOR ( 'NONE', #3546, 1000.000000000000000 ) ;
#709 =( NAMED_UNIT ( * ) SI_UNIT ( $, .STERADIAN. ) SOLID_ANGLE_UNIT ( ) );
#710 = DIRECTION ( 'NONE',  ( 1.000000000000000000, 0.000000000000000000, -1.355298456929802892E-15 ) ) ;
#711 = AXIS2_PLACEMENT_3D ( 'NONE', #1469, #319, #2897 ) ;
#712 = ADVANCED_FACE ( 'NONE', ( #1584 ), #4437, .F. ) ;
#713 = ORIENTED_EDGE ( 'NONE', *, *, #3616, .T. ) ;
#714 = AXIS2_PLACEMENT_3D ( 'NONE', #2677, #1882, #4131 ) ;
#715 = DIRECTION ( 'NONE',  ( -1.000000000000000000, -0.000000000000000000, 1.355298456929802892E-15 ) ) ;
#716 = COLOUR_RGB ( '',0.4941176470588235503, 0.4941176470588235503, 0.4941176470588235503 ) ;
#717 = PRESENTATION_LAYER_ASSIGNMENT (  '', '', ( #3457 ) ) ;
#718 = STYLED_ITEM ( 'NONE', ( #3761 ), #85 ) ;
#719 = CARTESIAN_POINT ( 'NONE',  ( 10.01436830778180820, -2.794000000000000039, -2.139949999999988695 ) ) ;
#720 = SURFACE_SIDE_STYLE ('',( #318 ) ) ;
#721 = CARTESIAN_POINT ( 'NONE',  ( 12.39437370778181879, -2.794000000000000039, -2.139949999999958941 ) ) ;
#722 = EDGE_LOOP ( 'NONE', ( #820, #1326, #2529, #1948 ) ) ;
#723 = EDGE_LOOP ( 'NONE', ( #77, #4016, #108, #667 ) ) ;
#724 = PRESENTATION_STYLE_ASSIGNMENT (( #74 ) ) ;
#725 = ORIENTED_EDGE ( 'NONE', *, *, #1114, .F. ) ;
#726 = CYLINDRICAL_SURFACE ( 'NONE', #2720, 0.9499600000000134603 ) ;
#727 = FILL_AREA_STYLE ('',( #2149 ) ) ;
#728 = UNCERTAINTY_MEASURE_WITH_UNIT (LENGTH_MEASURE( 1.000000000000000082E-05 ), #2291, 'distance_accuracy_value', 'NONE');
#729 = CARTESIAN_POINT ( 'NONE',  ( 12.39437370778181879, -2.794000000000000039, -2.539999999999996927 ) ) ;
#730 = AXIS2_PLACEMENT_3D ( 'NONE', #2932, #2589, #1162 ) ;
#731 = EDGE_CURVE ( 'NONE', #4417, #2225, #4130, .T. ) ;
#732 = SURFACE_STYLE_USAGE ( .BOTH. , #3540 ) ;
#733 = COLOUR_RGB ( '',0.8000000000000000444, 0.8039215686274510109, 0.8000000000000000444 ) ;
#734 = ORIENTED_EDGE ( 'NONE', *, *, #2996, .T. ) ;
#735 = VECTOR ( 'NONE', #2576, 1000.000000000000000 ) ;
#736 = PRESENTATION_LAYER_ASSIGNMENT (  '', '', ( #3005 ) ) ;
#737 = CYLINDRICAL_SURFACE ( 'NONE', #2391, 0.7251700000000131929 ) ;
#738 = VECTOR ( 'NONE', #347, 1000.000000000000000 ) ;
#739 = LINE ( 'NONE', #3186, #1120 ) ;
#740 = ORIENTED_EDGE ( 'NONE', *, *, #3565, .F. ) ;
#741 = SURFACE_STYLE_USAGE ( .BOTH. , #2524 ) ;
#742 = CARTESIAN_POINT ( 'NONE',  ( -0.3056262922181931518, -2.794000000000000039, -2.539999999999996927 ) ) ;
#743 = VECTOR ( 'NONE', #2217, 1000.000000000000000 ) ;
#744 = COLOUR_RGB ( '',0.4941176470588235503, 0.4941176470588235503, 0.4941176470588235503 ) ;
#745 = DIRECTION ( 'NONE',  ( -0.000000000000000000, -1.000000000000000000, 0.000000000000000000 ) ) ;
#746 = EDGE_CURVE ( 'NONE', #3050, #4168, #1960, .T. ) ;
#747 = ORIENTED_EDGE ( 'NONE', *, *, #4064, .T. ) ;
#748 = ORIENTED_EDGE ( 'NONE', *, *, #2190, .T. ) ;
#749 = AXIS2_PLACEMENT_3D ( 'NONE', #575, #1279, #2730 ) ;
#750 = DIRECTION ( 'NONE',  ( -0.000000000000000000, 1.000000000000000000, -0.000000000000000000 ) ) ;
#751 = PRESENTATION_LAYER_ASSIGNMENT (  '', '', ( #908 ) ) ;
#752 = VECTOR ( 'NONE', #4269, 1000.000000000000000 ) ;
#753 =( LENGTH_UNIT ( ) NAMED_UNIT ( * ) SI_UNIT ( .MILLI., .METRE. ) );
#754 = COLOUR_RGB ( '',0.8000000000000000444, 0.8039215686274510109, 0.8000000000000000444 ) ;
#755 = CARTESIAN_POINT ( 'NONE',  ( 11.12437370778180679, 0.000000000000000000, -1.270000000000004903 ) ) ;
#756 = EDGE_LOOP ( 'NONE', ( #888, #3967, #3389, #3885, #3966 ) ) ;
#757 = CARTESIAN_POINT ( 'NONE',  ( 12.39437370778181879, -2.794000000000000039, -2.139949999999958941 ) ) ;
#758 =( GEOMETRIC_REPRESENTATION_CONTEXT ( 3 ) GLOBAL_UNCERTAINTY_ASSIGNED_CONTEXT ( ( #3532 ) ) GLOBAL_UNIT_ASSIGNED_CONTEXT ( ( #4207, #1357, #3583 ) ) REPRESENTATION_CONTEXT ( 'NONE', 'WORKASPACE' ) );
#759 = DIRECTION ( 'NONE',  ( 8.820551857043884749E-15, 1.000000000000000000, 4.037223026264497295E-17 ) ) ;
#760 = SURFACE_STYLE_USAGE ( .BOTH. , #1107 ) ;
#761 = CARTESIAN_POINT ( 'NONE',  ( 5.083498816721895075, -2.058358816721815643, -4.336808689942017736E-16 ) ) ;
#762 = FILL_AREA_STYLE_COLOUR ( '', #2912 ) ;
#763 = FACE_OUTER_BOUND ( 'NONE', #2107, .T. ) ;
#764 = COLOUR_RGB ( '',0.4941176470588235503, 0.4941176470588235503, 0.4941176470588235503 ) ;
#765 =( LENGTH_UNIT ( ) NAMED_UNIT ( * ) SI_UNIT ( .MILLI., .METRE. ) );
#766 = SURFACE_STYLE_USAGE ( .BOTH. , #2898 ) ;
#767 = VERTEX_POINT ( 'NONE', #864 ) ;
#768 = ORIENTED_EDGE ( 'NONE', *, *, #1502, .T. ) ;
#769 = SURFACE_SIDE_STYLE ('',( #2884 ) ) ;
#770 = EDGE_CURVE ( 'NONE', #1221, #2924, #518, .T. ) ;
#771 =( LENGTH_UNIT ( ) NAMED_UNIT ( * ) SI_UNIT ( .MILLI., .METRE. ) );
#772 = ORIENTED_EDGE ( 'NONE', *, *, #1345, .F. ) ;
#773 = LINE ( 'NONE', #1908, #3168 ) ;
#774 = VECTOR ( 'NONE', #313, 1000.000000000000000 ) ;
#775 = UNCERTAINTY_MEASURE_WITH_UNIT (LENGTH_MEASURE( 1.000000000000000082E-05 ), #2515, 'distance_accuracy_value', 'NONE');
#777 = CARTESIAN_POINT ( 'NONE',  ( -0.3056262922181931518, -2.794000000000000039, -0.4000499999999999057 ) ) ;
#776 = DIRECTION ( 'NONE',  ( -1.000000000000000000, 8.537024980198784979E-15, 0.000000000000000000 ) ) ;
#778 = CARTESIAN_POINT ( 'NONE',  ( 5.083498816721890634, -2.566358816721769021, -1.024042098327744217E-16 ) ) ;
#779 = SURFACE_STYLE_USAGE ( .BOTH. , #1572 ) ;
#780 =( NAMED_UNIT ( * ) SI_UNIT ( $, .STERADIAN. ) SOLID_ANGLE_UNIT ( ) );
#781 = ORIENTED_EDGE ( 'NONE', *, *, #4415, .F. ) ;
#782 = FILL_AREA_STYLE_COLOUR ( '', #3501 ) ;
#783 = ORIENTED_EDGE ( 'NONE', *, *, #2264, .F. ) ;
#784 = CARTESIAN_POINT ( 'NONE',  ( 5.212344780397893729, 0.2540000000000897651, -1.516333492136838174E-17 ) ) ;
#785 = EDGE_CURVE ( 'NONE', #2216, #3050, #1131, .T. ) ;
#786 = SURFACE_STYLE_FILL_AREA ( #2598 ) ;
#787 = PLANE ( 'NONE',  #4219 ) ;
#788 = VECTOR ( 'NONE', #1217, 1000.000000000000000 ) ;
#789 = PRESENTATION_LAYER_ASSIGNMENT (  '', '', ( #2617 ) ) ;
#790 = EDGE_CURVE ( 'NONE', #1693, #2225, #1439, .T. ) ;
#791 = LINE ( 'NONE', #4086, #506 ) ;
#792 = EDGE_CURVE ( 'NONE', #1030, #2580, #791, .T. ) ;
#793 = LINE ( 'NONE', #2233, #1554 ) ;
#794 = ORIENTED_EDGE ( 'NONE', *, *, #2695, .T. ) ;
#795 = VECTOR ( 'NONE', #61, 1000.000000000000000 ) ;
#796 = ORIENTED_EDGE ( 'NONE', *, *, #3118, .F. ) ;
#797 =( NAMED_UNIT ( * ) SI_UNIT ( $, .STERADIAN. ) SOLID_ANGLE_UNIT ( ) );
#798 = FILL_AREA_STYLE_COLOUR ( '', #2403 ) ;
#799 = EDGE_CURVE ( 'NONE', #2280, #4409, #1202, .T. ) ;
#800 = DIRECTION ( 'NONE',  ( 0.000000000000000000, 0.000000000000000000, 1.000000000000000000 ) ) ;
#801 = ORIENTED_EDGE ( 'NONE', *, *, #1481, .F. ) ;
#802 =( NAMED_UNIT ( * ) SI_UNIT ( $, .STERADIAN. ) SOLID_ANGLE_UNIT ( ) );
#803 = DIRECTION ( 'NONE',  ( -0.000000000000000000, 1.000000000000000000, -0.000000000000000000 ) ) ;
#805 = DIRECTION ( 'NONE',  ( 0.000000000000000000, 0.000000000000000000, 1.000000000000000000 ) ) ;
#804 = FILL_AREA_STYLE ('',( #56 ) ) ;
#806 = SURFACE_STYLE_FILL_AREA ( #1864 ) ;
#807 = SURFACE_STYLE_USAGE ( .BOTH. , #3710 ) ;
#808 = DIRECTION ( 'NONE',  ( 1.000000000000000000, 0.000000000000000000, 1.047444401652940007E-14 ) ) ;
#809 = VERTEX_POINT ( 'NONE', #3340 ) ;
#810 = MECHANICAL_DESIGN_GEOMETRIC_PRESENTATION_REPRESENTATION (  '', ( #1512 ), #3153 ) ;
#811 = CARTESIAN_POINT ( 'NONE',  ( 2.394368307781808092, -2.794000000000000039, -0.4000499999999996281 ) ) ;
#812 = MECHANICAL_DESIGN_GEOMETRIC_PRESENTATION_REPRESENTATION (  '', ( #2017 ), #3704 ) ;
#813 = FILL_AREA_STYLE ('',( #4082 ) ) ;
#814 =( GEOMETRIC_REPRESENTATION_CONTEXT ( 3 ) GLOBAL_UNCERTAINTY_ASSIGNED_CONTEXT ( ( #1310 ) ) GLOBAL_UNIT_ASSIGNED_CONTEXT ( ( #4594, #3969, #2816 ) ) REPRESENTATION_CONTEXT ( 'NONE', 'WORKASPACE' ) );
#815 = CIRCLE ( 'NONE', #2019, 0.7251700000000131929 ) ;
#816 = PLANE ( 'NONE',  #4375 ) ;
#817 = CARTESIAN_POINT ( 'NONE',  ( 12.39437370778181879, 0.000000000000000000, -2.139949999999958941 ) ) ;
#818 = CARTESIAN_POINT ( 'NONE',  ( 12.08874741556367738, 0.000000000000000000, -2.539999999999978719 ) ) ;
#819 = VERTEX_POINT ( 'NONE', #2232 ) ;
#820 = ORIENTED_EDGE ( 'NONE', *, *, #4172, .T. ) ;
#821 = VECTOR ( 'NONE', #1966, 1000.000000000000114 ) ;
#822 = LINE ( 'NONE', #72, #2499 ) ;
#823 = DIRECTION ( 'NONE',  ( -0.000000000000000000, 1.000000000000000000, -0.000000000000000000 ) ) ;
#824 = VECTOR ( 'NONE', #4004, 1000.000000000000000 ) ;
#825 = ORIENTED_EDGE ( 'NONE', *, *, #312, .T. ) ;
#826 = AXIS2_PLACEMENT_3D ( 'NONE', #2410, #160, #1235 ) ;
#827 = CARTESIAN_POINT ( 'NONE',  ( 4.614379107781807932, -2.794000000000000039, -2.139949999999988695 ) ) ;
#828 = DIRECTION ( 'NONE',  ( -1.000000000000000000, -0.000000000000000000, -0.000000000000000000 ) ) ;
#829 = VECTOR ( 'NONE', #3245, 1000.000000000000000 ) ;
#830 = CIRCLE ( 'NONE', #359, 0.5461000000000006960 ) ;
#831 = UNCERTAINTY_MEASURE_WITH_UNIT (LENGTH_MEASURE( 1.000000000000000082E-05 ), #996, 'distance_accuracy_value', 'NONE');
#833 =( LENGTH_UNIT ( ) NAMED_UNIT ( * ) SI_UNIT ( .MILLI., .METRE. ) );
#832 = DIRECTION ( 'NONE',  ( 0.000000000000000000, 0.000000000000000000, 1.000000000000000000 ) ) ;
#834 = STYLED_ITEM ( 'NONE', ( #2532 ), #3529 ) ;
#835 =( LENGTH_UNIT ( ) NAMED_UNIT ( * ) SI_UNIT ( .MILLI., .METRE. ) );
#836 = EDGE_CURVE ( 'NONE', #1031, #4200, #3871, .T. ) ;
#837 = ORIENTED_EDGE ( 'NONE', *, *, #2807, .T. ) ;
#838 = EDGE_CURVE ( 'NONE', #115, #2627, #68, .T. ) ;
#839 = ADVANCED_FACE ( 'N', ( #1541 ), #3197, .T. ) ;
#840 = VERTEX_POINT ( 'NONE', #988 ) ;
#841 = SURFACE_SIDE_STYLE ('',( #1466 ) ) ;
#842 =( LENGTH_UNIT ( ) NAMED_UNIT ( * ) SI_UNIT ( .MILLI., .METRE. ) );
#843 = ORIENTED_EDGE ( 'NONE', *, *, #838, .F. ) ;
#844 = DIRECTION ( 'NONE',  ( 0.000000000000000000, 1.000000000000000000, -0.000000000000000000 ) ) ;
#845 = EDGE_CURVE ( 'NONE', #1302, #3402, #1376, .T. ) ;
#846 =( LENGTH_UNIT ( ) NAMED_UNIT ( * ) SI_UNIT ( .MILLI., .METRE. ) );
#847 = ORIENTED_EDGE ( 'NONE', *, *, #1345, .T. ) ;
#848 = COLOUR_RGB ( '',0.8000000000000000444, 0.8039215686274510109, 0.8000000000000000444 ) ;
#849 = ORIENTED_EDGE ( 'NONE', *, *, #1145, .T. ) ;
#850 = LINE ( 'NONE', #827, #1663 ) ;
#851 = CARTESIAN_POINT ( 'NONE',  ( 6.044373707781806715, 2.332957050962901456E-15, -1.270000000000004903 ) ) ;
#852 = LINE ( 'NONE', #1216, #1039 ) ;
#853 = DIRECTION ( 'NONE',  ( 0.000000000000000000, 0.000000000000000000, 1.000000000000000000 ) ) ;
#854 = DIRECTION ( 'NONE',  ( -1.000000000000000000, 0.000000000000000000, 0.000000000000000000 ) ) ;
#855 = VERTEX_POINT ( 'NONE', #3140 ) ;
#856 = EDGE_CURVE ( 'NONE', #2627, #881, #3096, .T. ) ;
#857 = VERTEX_POINT ( 'NONE', #4250 ) ;
#858 = FACE_OUTER_BOUND ( 'NONE', #442, .T. ) ;
#859 = FILL_AREA_STYLE ('',( #2373 ) ) ;
#860 = EDGE_CURVE ( 'NONE', #677, #2691, #4100, .T. ) ;
#861 = PRODUCT_DEFINITION_CONTEXT ( 'detailed design', #2057, 'design' ) ;
#862 = DIRECTION ( 'NONE',  ( -0.9396926207859072067, 0.000000000000000000, -0.3420201433256721546 ) ) ;
#863 = DIRECTION ( 'NONE',  ( 0.3420201433256656598, 0.000000000000000000, -0.9396926207859095381 ) ) ;
#864 = CARTESIAN_POINT ( 'NONE',  ( 1.549400000000012323, 0.000000000000000000, 0.7111999999999951694 ) ) ;
#865 = FACE_OUTER_BOUND ( 'NONE', #1494, .T. ) ;
#866 = ORIENTED_EDGE ( 'NONE', *, *, #2942, .F. ) ;
#867 = CIRCLE ( 'NONE', #634, 0.7251700000000131929 ) ;
#868 = COLOUR_RGB ( '',0.4941176470588235503, 0.4941176470588235503, 0.4941176470588235503 ) ;
#869 = DIRECTION ( 'NONE',  ( 0.000000000000000000, 0.000000000000000000, 1.000000000000000000 ) ) ;
#870 = VERTEX_POINT ( 'NONE', #623 ) ;
#871 = CIRCLE ( 'NONE', #238, 0.9499600000000134603 ) ;
#872 = COLOUR_RGB ( '',0.8000000000000000444, 0.8039215686274510109, 0.8000000000000000444 ) ;
#873 = UNCERTAINTY_MEASURE_WITH_UNIT (LENGTH_MEASURE( 1.000000000000000082E-05 ), #3849, 'distance_accuracy_value', 'NONE');
#875 = CARTESIAN_POINT ( 'NONE',  ( 5.079974600000003448, 1.084202172485504434E-16, 1.035724901770631287E-16 ) ) ;
#874 = CARTESIAN_POINT ( 'NONE',  ( 9.694379107781808003, 0.000000000000000000, -0.4000499999999996281 ) ) ;
#876 = LINE ( 'NONE', #4188, #584 ) ;
#877 = DIRECTION ( 'NONE',  ( 0.000000000000000000, 1.000000000000000000, 0.000000000000000000 ) ) ;
#878 = MECHANICAL_DESIGN_GEOMETRIC_PRESENTATION_REPRESENTATION (  '', ( #1264 ), #4368 ) ;
#879 = ORIENTED_EDGE ( 'NONE', *, *, #4002, .F. ) ;
#880 = SURFACE_SIDE_STYLE ('',( #3857 ) ) ;
#881 = VERTEX_POINT ( 'NONE', #3121 ) ;
#882 = SURFACE_STYLE_USAGE ( .BOTH. , #1222 ) ;
#883 = MECHANICAL_DESIGN_GEOMETRIC_PRESENTATION_REPRESENTATION (  '', ( #3790 ), #665 ) ;
#884 = CARTESIAN_POINT ( 'NONE',  ( 5.083498816721763625, -0.6613588167217951952, 2.363382134669227238E-16 ) ) ;
#885 = CARTESIAN_POINT ( 'NONE',  ( 7.474368307781807275, -2.794000000000000039, -2.139949999999988695 ) ) ;
#886 = DIRECTION ( 'NONE',  ( 0.000000000000000000, 0.000000000000000000, 1.000000000000000000 ) ) ;
#887 = COLOUR_RGB ( '',0.4941176470588235503, 0.4941176470588235503, 0.4941176470588235503 ) ;
#888 = ORIENTED_EDGE ( 'NONE', *, *, #1734, .F. ) ;
#889 = DIRECTION ( 'NONE',  ( -0.3420201433256692125, 0.000000000000000000, -0.9396926207859082059 ) ) ;
#890 = CARTESIAN_POINT ( 'NONE',  ( 8.584373707781805862, -0.8940799999999984315, -2.219960000000018141 ) ) ;
#891 = EDGE_CURVE ( 'NONE', #2424, #71, #3502, .T. ) ;
#892 = ORIENTED_EDGE ( 'NONE', *, *, #3715, .T. ) ;
#893 = DIRECTION ( 'NONE',  ( 0.000000000000000000, 0.000000000000000000, 1.000000000000000000 ) ) ;
#894 = PRESENTATION_LAYER_ASSIGNMENT (  '', '', ( #2325 ) ) ;
#895 = VECTOR ( 'NONE', #2435, 1000.000000000000000 ) ;
#896 = STYLED_ITEM ( 'NONE', ( #3263 ), #1144 ) ;
#898 = CARTESIAN_POINT ( 'NONE',  ( 7.008772815563611758, -2.794000000000000039, 0.000000000000000000 ) ) ;
#897 = DIRECTION ( 'NONE',  ( 1.000000000000000000, -0.000000000000000000, 0.000000000000000000 ) ) ;
#899 = CARTESIAN_POINT ( 'NONE',  ( 2.539974600000003413, 0.000000000000000000, -2.539999999999996039 ) ) ;
#900 = AXIS2_PLACEMENT_3D ( 'NONE', #189, #3850, #1792 ) ;
#901 = STYLED_ITEM ( 'NONE', ( #1840 ), #2523 ) ;
#902 = CARTESIAN_POINT ( 'NONE',  ( 12.08874741556367738, -2.794000000000000039, -2.539999999999978719 ) ) ;
#903 =( GEOMETRIC_REPRESENTATION_CONTEXT ( 3 ) GLOBAL_UNCERTAINTY_ASSIGNED_CONTEXT ( ( #2004 ) ) GLOBAL_UNIT_ASSIGNED_CONTEXT ( ( #3757, #1341, #3132 ) ) REPRESENTATION_CONTEXT ( 'NONE', 'WORKASPACE' ) );
#904 = DIRECTION ( 'NONE',  ( -1.000000000000000000, 0.000000000000000000, -3.491481338843133355E-15 ) ) ;
#905 = ORIENTED_EDGE ( 'NONE', *, *, #990, .T. ) ;
#906 = CARTESIAN_POINT ( 'NONE',  ( 8.584373707781805862, 0.000000000000000000, -1.270000000000004903 ) ) ;
#907 = AXIS2_PLACEMENT_3D ( 'NONE', #3124, #3486, #1682 ) ;
#908 = STYLED_ITEM ( 'NONE', ( #522 ), #689 ) ;
#909 = EDGE_LOOP ( 'NONE', ( #2531, #504, #1318, #3167 ) ) ;
#910 = DIRECTION ( 'NONE',  ( 8.820551857043884749E-15, 1.000000000000000000, 4.037223026264497295E-17 ) ) ;
#911 = UNCERTAINTY_MEASURE_WITH_UNIT (LENGTH_MEASURE( 1.000000000000000082E-05 ), #3229, 'distance_accuracy_value', 'NONE');
#912 = FACE_OUTER_BOUND ( 'NONE', #4191, .T. ) ;
#913 = CARTESIAN_POINT ( 'NONE',  ( 5.083498816721765401, -0.4227335466384433138, 2.363382134669227238E-16 ) ) ;
#914 = LINE ( 'NONE', #3867, #1086 ) ;
#915 = CARTESIAN_POINT ( 'NONE',  ( 5.083498816721892410, -2.355938327036253277, -0.5079999999999554872 ) ) ;
#916 = EDGE_LOOP ( 'NONE', ( #1404, #3314, #2701, #2271 ) ) ;
#917 = CARTESIAN_POINT ( 'NONE',  ( 2.394368307781808092, -2.794000000000000039, -2.139949999999989139 ) ) ;
#918 = PRESENTATION_STYLE_ASSIGNMENT (( #1305 ) ) ;
#919 = CARTESIAN_POINT ( 'NONE',  ( 4.676140000000003738, -0.6613588167217926417, 2.198922295187134249E-16 ) ) ;
#920 = ORIENTED_EDGE ( 'NONE', *, *, #2750, .F. ) ;
#921 = CARTESIAN_POINT ( 'NONE',  ( -0.1456062922181931285, 0.000000000000000000, -0.4000499999999999612 ) ) ;
#922 = PRESENTATION_LAYER_ASSIGNMENT (  '', '', ( #3733 ) ) ;
#923 = EDGE_CURVE ( 'NONE', #655, #1196, #1875, .T. ) ;
#924 = UNCERTAINTY_MEASURE_WITH_UNIT (LENGTH_MEASURE( 1.000000000000000082E-05 ), #467, 'distance_accuracy_value', 'NONE');
#925 = SURFACE_STYLE_FILL_AREA ( #104 ) ;
#926 = AXIS2_PLACEMENT_3D ( 'NONE', #3190, #4336, #2832 ) ;
#927 = CARTESIAN_POINT ( 'NONE',  ( 5.591498816721848897, -2.058358816721820528, -6.138602388593111107E-17 ) ) ;
#928 = DIRECTION ( 'NONE',  ( 0.000000000000000000, 0.000000000000000000, 1.000000000000000000 ) ) ;
#929 = CONTEXT_DEPENDENT_SHAPE_REPRESENTATION ( #4537, #4199 ) ;
#930 = VERTEX_POINT ( 'NONE', #936 ) ;
#931 = ORIENTED_EDGE ( 'NONE', *, *, #2823, .F. ) ;
#932 = FILL_AREA_STYLE_COLOUR ( '', #2592 ) ;
#933 = FILL_AREA_STYLE ('',( #1294 ) ) ;
#934 =( NAMED_UNIT ( * ) SI_UNIT ( $, .STERADIAN. ) SOLID_ANGLE_UNIT ( ) );
#935 =( NAMED_UNIT ( * ) SI_UNIT ( $, .STERADIAN. ) SOLID_ANGLE_UNIT ( ) );
#936 = CARTESIAN_POINT ( 'NONE',  ( 9.694379107781808003, -2.794000000000000039, -2.139949999999988695 ) ) ;
#937 = EDGE_CURVE ( 'NONE', #4386, #3345, #4270, .T. ) ;
#938 = EDGE_LOOP ( 'NONE', ( #2952, #176, #261, #4229 ) ) ;
#939 = CARTESIAN_POINT ( 'NONE',  ( 6.044373707781806715, 0.000000000000000000, -0.5448299999999917098 ) ) ;
#940 = COLOUR_RGB ( '',0.4941176470588235503, 0.4941176470588235503, 0.4941176470588235503 ) ;
#941 = FACE_OUTER_BOUND ( 'NONE', #4440, .T. ) ;
#942 = EDGE_CURVE ( 'NONE', #2791, #4626, #4556, .T. ) ;
#943 = SURFACE_SIDE_STYLE ('',( #4203 ) ) ;
#944 = EDGE_LOOP ( 'NONE', ( #1230, #381 ) ) ;
#945 = DIRECTION ( 'NONE',  ( -0.000000000000000000, 1.000000000000000000, -0.000000000000000000 ) ) ;
#946 = AXIS2_PLACEMENT_3D ( 'NONE', #3997, #1547, #2590 ) ;
#947 = SURFACE_STYLE_FILL_AREA ( #1749 ) ;
#949 = CARTESIAN_POINT ( 'NONE',  ( 4.676140000000003738, 0.000000000000000000, 0.000000000000000000 ) ) ;
#948 = FACE_OUTER_BOUND ( 'NONE', #938, .T. ) ;
#950 = FILL_AREA_STYLE_COLOUR ( '', #3007 ) ;
#951 = STYLED_ITEM ( 'NONE', ( #4603 ), #2670 ) ;
#952 = SURFACE_SIDE_STYLE ('',( #2008 ) ) ;
#953 = SHAPE_DEFINITION_REPRESENTATION ( #544, #3510 ) ;
#954 = ORIENTED_EDGE ( 'NONE', *, *, #2278, .F. ) ;
#955 =( LENGTH_UNIT ( ) NAMED_UNIT ( * ) SI_UNIT ( .MILLI., .METRE. ) );
#956 = FACE_BOUND ( 'NONE', #4156, .T. ) ;
#957 = STYLED_ITEM ( 'NONE', ( #1243 ), #685 ) ;
#958 = PRESENTATION_STYLE_ASSIGNMENT (( #1347 ) ) ;
#959 = CARTESIAN_POINT ( 'NONE',  ( 10.01436830778180820, -2.794000000000000039, -2.139949999999989139 ) ) ;
#960 = SURFACE_STYLE_FILL_AREA ( #1902 ) ;
#961 = EDGE_CURVE ( 'NONE', #881, #1883, #2764, .T. ) ;
#962 = DIRECTION ( 'NONE',  ( 0.000000000000000000, 1.000000000000000000, 0.000000000000000000 ) ) ;
#963 = COLOUR_RGB ( '',0.4941176470588235503, 0.4941176470588235503, 0.4941176470588235503 ) ;
#964 = EDGE_LOOP ( 'NONE', ( #2745, #2883 ) ) ;
#965 =( GEOMETRIC_REPRESENTATION_CONTEXT ( 3 ) GLOBAL_UNCERTAINTY_ASSIGNED_CONTEXT ( ( #2588 ) ) GLOBAL_UNIT_ASSIGNED_CONTEXT ( ( #1755, #4303, #1367 ) ) REPRESENTATION_CONTEXT ( 'NONE', 'WORKASPACE' ) );
#966 = LINE ( 'NONE', #3126, #2029 ) ;
#967 = UNCERTAINTY_MEASURE_WITH_UNIT (LENGTH_MEASURE( 1.000000000000000082E-05 ), #2062, 'distance_accuracy_value', 'NONE');
#968 = CARTESIAN_POINT ( 'NONE',  ( 4.614379107781807932, -2.794000000000000039, -0.4000499999999996281 ) ) ;
#969 = STYLED_ITEM ( 'NONE', ( #2244 ), #2219 ) ;
#970 = FILL_AREA_STYLE_COLOUR ( '', #4320 ) ;
#971 = AXIS2_PLACEMENT_3D ( 'NONE', #117, #145, #869 ) ;
#972 = VERTEX_POINT ( 'NONE', #156 ) ;
#973 = DIRECTION ( 'NONE',  ( 0.3420201433256638834, 0.000000000000000000, -0.9396926207859100932 ) ) ;
#974 = DIRECTION ( 'NONE',  ( 1.000000000000000000, 0.000000000000000000, 0.000000000000000000 ) ) ;
#975 = ORIENTED_EDGE ( 'NONE', *, *, #3712, .F. ) ;
#976 = CIRCLE ( 'NONE', #4633, 0.5461000000000006960 ) ;
#977 = CIRCLE ( 'NONE', #3875, 0.9499600000000134603 ) ;
#978 = STYLED_ITEM ( 'NONE', ( #3650 ), #3825 ) ;
#979 = EDGE_CURVE ( 'NONE', #311, #819, #1631, .T. ) ;
#980 = SURFACE_STYLE_FILL_AREA ( #4245 ) ;
#981 = VECTOR ( 'NONE', #1957, 1000.000000000000000 ) ;
#982 = AXIS2_PLACEMENT_3D ( 'NONE', #3771, #1981, #1660 ) ;
#983 = EDGE_CURVE ( 'NONE', #9, #3683, #1760, .T. ) ;
#984 = MECHANICAL_DESIGN_GEOMETRIC_PRESENTATION_REPRESENTATION (  '', ( #4403 ), #1591 ) ;
#985 =( GEOMETRIC_REPRESENTATION_CONTEXT ( 3 ) GLOBAL_UNCERTAINTY_ASSIGNED_CONTEXT ( ( #4206 ) ) GLOBAL_UNIT_ASSIGNED_CONTEXT ( ( #3045, #2649, #3358 ) ) REPRESENTATION_CONTEXT ( 'NONE', 'WORKASPACE' ) );
#986 = DIRECTION ( 'NONE',  ( 0.000000000000000000, 1.000000000000000000, 0.000000000000000000 ) ) ;
#987 = CIRCLE ( 'NONE', #1448, 0.9153588167218809080 ) ;
#988 = CARTESIAN_POINT ( 'NONE',  ( 9.694379107781808003, -2.794000000000000039, -0.4000499999999995726 ) ) ;
#989 = DIRECTION ( 'NONE',  ( 0.000000000000000000, 0.000000000000000000, 1.000000000000000000 ) ) ;
#990 = EDGE_CURVE ( 'NONE', #2844, #3555, #2647, .T. ) ;
#991 = ORIENTED_EDGE ( 'NONE', *, *, #2308, .T. ) ;
#992 = DIRECTION ( 'NONE',  ( 0.000000000000000000, 0.000000000000000000, 1.000000000000000000 ) ) ;
#993 =( LENGTH_UNIT ( ) NAMED_UNIT ( * ) SI_UNIT ( .MILLI., .METRE. ) );
#994 = DIRECTION ( 'NONE',  ( 0.000000000000000000, 0.000000000000000000, 1.000000000000000000 ) ) ;
#995 = EDGE_LOOP ( 'NONE', ( #4140, #293, #1430, #2923 ) ) ;
#996 =( LENGTH_UNIT ( ) NAMED_UNIT ( * ) SI_UNIT ( .MILLI., .METRE. ) );
#997 = SURFACE_SIDE_STYLE ('',( #2462 ) ) ;
#998 =( NAMED_UNIT ( * ) PLANE_ANGLE_UNIT ( ) SI_UNIT ( $, .RADIAN. ) );
#999 = VECTOR ( 'NONE', #1619, 1000.000000000000114 ) ;
#1000 = UNCERTAINTY_MEASURE_WITH_UNIT (LENGTH_MEASURE( 1.000000000000000082E-05 ), #1153, 'distance_accuracy_value', 'NONE');
#1001 = ADVANCED_FACE ( 'NONE', ( #3232 ), #2160, .T. ) ;
#1002 = FILL_AREA_STYLE_COLOUR ( '', #198 ) ;
#1003 = CARTESIAN_POINT ( 'NONE',  ( 4.614379107781807932, -2.794000000000000039, -2.139949999999988695 ) ) ;
#1004 = LINE ( 'NONE', #4683, #3553 ) ;
#1005 = AXIS2_PLACEMENT_3D ( 'NONE', #1395, #3161, #3525 ) ;
#1006 =( NAMED_UNIT ( * ) PLANE_ANGLE_UNIT ( ) SI_UNIT ( $, .RADIAN. ) );
#1007 = ORIENTED_EDGE ( 'NONE', *, *, #1082, .T. ) ;
#1008 = ORIENTED_EDGE ( 'NONE', *, *, #1984, .T. ) ;
#1009 = UNCERTAINTY_MEASURE_WITH_UNIT (LENGTH_MEASURE( 1.000000000000000082E-05 ), #1270, 'distance_accuracy_value', 'NONE');
#1010 = DIRECTION ( 'NONE',  ( -0.000000000000000000, 1.000000000000000000, -0.000000000000000000 ) ) ;
#1011 = SURFACE_SIDE_STYLE ('',( #1385 ) ) ;
#1012 = ORIENTED_EDGE ( 'NONE', *, *, #2850, .T. ) ;
#1013 = LINE ( 'NONE', #329, #666 ) ;
#1014 = PRESENTATION_STYLE_ASSIGNMENT (( #3788 ) ) ;
#1015 = MECHANICAL_DESIGN_GEOMETRIC_PRESENTATION_REPRESENTATION (  '', ( #3914 ), #2549 ) ;
#1017 = DIRECTION ( 'NONE',  ( 0.000000000000000000, 0.000000000000000000, 1.000000000000000000 ) ) ;
#1016 = DIRECTION ( 'NONE',  ( -0.9396926207859093161, 0.000000000000000000, 0.3420201433256663814 ) ) ;
#1018 = VECTOR ( 'NONE', #613, 1000.000000000000000 ) ;
#1019 = AXIS2_PLACEMENT_3D ( 'NONE', #2972, #4463, #69 ) ;
#1020 = SURFACE_STYLE_FILL_AREA ( #2165 ) ;
#1021 = SURFACE_STYLE_USAGE ( .BOTH. , #1088 ) ;
#1022 = SURFACE_STYLE_USAGE ( .BOTH. , #2784 ) ;
#1023 = ORIENTED_EDGE ( 'NONE', *, *, #4117, .F. ) ;
#1024 = LINE ( 'NONE', #1421, #3819 ) ;
#1025 = VECTOR ( 'NONE', #2873, 1000.000000000000000 ) ;
#1026 = CARTESIAN_POINT ( 'NONE',  ( 4.131110244821296185, 0.8055795103574796556, -0.4027897551787398278 ) ) ;
#1027 = LINE ( 'NONE', #2164, #2463 ) ;
#1028 = EDGE_CURVE ( 'NONE', #2739, #2681, #1004, .T. ) ;
#1029 = FACE_OUTER_BOUND ( 'NONE', #756, .T. ) ;
#1030 = VERTEX_POINT ( 'NONE', #3621 ) ;
#1031 = VERTEX_POINT ( 'NONE', #2111 ) ;
#1032 = DIRECTION ( 'NONE',  ( -0.3420201433256694901, 0.000000000000000000, -0.9396926207859080948 ) ) ;
#1033 = AXIS2_PLACEMENT_3D ( 'NONE', #1085, #4425, #776 ) ;
#1034 = EDGE_CURVE ( 'NONE', #1904, #4722, #1074, .T. ) ;
#1035 = CARTESIAN_POINT ( 'NONE',  ( 1.928772815563611909, -2.794000000000000039, -2.539999999999994262 ) ) ;
#1036 = PRESENTATION_LAYER_ASSIGNMENT (  '', '', ( #2017 ) ) ;
#1037 = EDGE_LOOP ( 'NONE', ( #1524, #1380, #3655, #422 ) ) ;
#1038 = PRESENTATION_STYLE_ASSIGNMENT (( #3930 ) ) ;
#1039 = VECTOR ( 'NONE', #1639, 1000.000000000000000 ) ;
#1040 =( NAMED_UNIT ( * ) SI_UNIT ( $, .STERADIAN. ) SOLID_ANGLE_UNIT ( ) );
#1041 = COLOUR_RGB ( '',0.8000000000000000444, 0.8039215686274510109, 0.8000000000000000444 ) ;
#1042 = AXIS2_PLACEMENT_3D ( 'NONE', #1858, #3992, #2170 ) ;
#1043 = FILL_AREA_STYLE_COLOUR ( '', #2851 ) ;
#1044 = DIRECTION ( 'NONE',  ( -1.000000000000000000, 0.000000000000000000, -1.506739769771851316E-15 ) ) ;
#1045 = SURFACE_STYLE_USAGE ( .BOTH. , #637 ) ;
#1046 = ORIENTED_EDGE ( 'NONE', *, *, #2161, .T. ) ;
#1047 = AXIS2_PLACEMENT_3D ( 'NONE', #203, #3527, #2380 ) ;
#1048 = AXIS2_PLACEMENT_3D ( 'NONE', #3163, #4634, #3839 ) ;
#1049 = CARTESIAN_POINT ( 'NONE',  ( 3.504373707781806235, -0.8940799999999984315, -1.270000000000004903 ) ) ;
#1050 = SURFACE_STYLE_FILL_AREA ( #3576 ) ;
#1051 = STYLED_ITEM ( 'NONE', ( #2838 ), #2368 ) ;
#1052 = VECTOR ( 'NONE', #1075, 1000.000000000000114 ) ;
#1053 = CARTESIAN_POINT ( 'NONE',  ( 12.39437370778181879, -2.794000000000000039, -0.4000499999999815870 ) ) ;
#1054 = SURFACE_STYLE_FILL_AREA ( #4312 ) ;
#1055 = VECTOR ( 'NONE', #4062, 1000.000000000000000 ) ;
#1056 = DIRECTION ( 'NONE',  ( 1.000000000000000000, -0.000000000000000000, 1.506739769771851316E-15 ) ) ;
#1057 =( NAMED_UNIT ( * ) PLANE_ANGLE_UNIT ( ) SI_UNIT ( $, .RADIAN. ) );
#1058 = VERTEX_POINT ( 'NONE', #3548 ) ;
#1059 = ORIENTED_EDGE ( 'NONE', *, *, #3264, .F. ) ;
#1060 = FILL_AREA_STYLE ('',( #1526 ) ) ;
#1061 = CARTESIAN_POINT ( 'NONE',  ( 0.9643737077818063108, -0.8940799999999984315, -2.219960000000018141 ) ) ;
#1062 = ORIENTED_EDGE ( 'NONE', *, *, #2823, .T. ) ;
#1063 = EDGE_CURVE ( 'NONE', #2994, #1907, #3596, .T. ) ;
#1064 = FACE_OUTER_BOUND ( 'NONE', #4578, .T. ) ;
#1065 = CARTESIAN_POINT ( 'NONE',  ( 1.928772815563611909, -2.794000000000000039, -2.539999999999996039 ) ) ;
#1066 = FACE_OUTER_BOUND ( 'NONE', #1155, .T. ) ;
#1067 = DIRECTION ( 'NONE',  ( 0.000000000000000000, 0.000000000000000000, 1.000000000000000000 ) ) ;
#1068 = DIRECTION ( 'NONE',  ( 0.000000000000000000, 0.000000000000000000, -1.000000000000000000 ) ) ;
#1069 = LINE ( 'NONE', #1436, #3077 ) ;
#1070 = CARTESIAN_POINT ( 'NONE',  ( 9.694379107781808003, -2.794000000000000039, -2.139949999999988695 ) ) ;
#1071 = AXIS2_PLACEMENT_3D ( 'NONE', #413, #4057, #138 ) ;
#1072 = ORIENTED_EDGE ( 'NONE', *, *, #3653, .T. ) ;
#1073 = SURFACE_SIDE_STYLE ('',( #2159 ) ) ;
#1074 = LINE ( 'NONE', #1422, #824 ) ;
#1075 = DIRECTION ( 'NONE',  ( -0.3420201433256720991, 0.000000000000000000, 0.9396926207859070956 ) ) ;
#1076 = CARTESIAN_POINT ( 'NONE',  ( 7.474368307781807275, 0.000000000000000000, -2.139949999999988695 ) ) ;
#1077 = CARTESIAN_POINT ( 'NONE',  ( -0.3056262922181931518, -2.794000000000000039, -2.139949999999997132 ) ) ;
#1078 = DIRECTION ( 'NONE',  ( -1.000000000000000000, -0.000000000000000000, -0.000000000000000000 ) ) ;
#1079 = VERTEX_POINT ( 'NONE', #719 ) ;
#1080 = ORIENTED_EDGE ( 'NONE', *, *, #4654, .T. ) ;
#1081 = CYLINDRICAL_SURFACE ( 'NONE', #1296, 0.9144000000000095385 ) ;
#1082 = EDGE_CURVE ( 'NONE', #2436, #3332, #3962, .T. ) ;
#1083 =( LENGTH_UNIT ( ) NAMED_UNIT ( * ) SI_UNIT ( .MILLI., .METRE. ) );
#1084 = ORIENTED_EDGE ( 'NONE', *, *, #2517, .T. ) ;
#1085 = CARTESIAN_POINT ( 'NONE',  ( 5.337498816721779171, -2.058358816721817419, -7.164057037264560262E-17 ) ) ;
#1086 = VECTOR ( 'NONE', #2353, 1000.000000000000000 ) ;
#1087 = FACE_OUTER_BOUND ( 'NONE', #4342, .T. ) ;
#1088 = SURFACE_SIDE_STYLE ('',( #3977 ) ) ;
#1089 = CARTESIAN_POINT ( 'NONE',  ( 7.154379107781808855, 0.000000000000000000, -0.4000499999999996281 ) ) ;
#1090 = CONICAL_SURFACE ( 'NONE', #1486, 0.6730999999149389623, 0.7853981633974482790 ) ;
#1091 = ORIENTED_EDGE ( 'NONE', *, *, #2606, .F. ) ;
#1092 =( NAMED_UNIT ( * ) PLANE_ANGLE_UNIT ( ) SI_UNIT ( $, .RADIAN. ) );
#1093 = MECHANICAL_DESIGN_GEOMETRIC_PRESENTATION_REPRESENTATION (  '', ( #951 ), #3381 ) ;
#1094 = AXIS2_PLACEMENT_3D ( 'NONE', #3037, #2269, #461 ) ;
#1095 = CARTESIAN_POINT ( 'NONE',  ( 0.9643737077818061998, 0.000000000000000000, -1.270000000000004903 ) ) ;
#1096 = DIRECTION ( 'NONE',  ( -0.3420201433255228851, 0.000000000000000000, -0.9396926207859614966 ) ) ;
#1097 = VECTOR ( 'NONE', #745, 1000.000000000000000 ) ;
#1098 = DIRECTION ( 'NONE',  ( 1.000000000000000000, -0.000000000000000000, -0.000000000000000000 ) ) ;
#1099 = ORIENTED_EDGE ( 'NONE', *, *, #4571, .T. ) ;
#1100 = VERTEX_POINT ( 'NONE', #4309 ) ;
#1101 = FACE_OUTER_BOUND ( 'NONE', #236, .T. ) ;
#1102 = ORIENTED_EDGE ( 'NONE', *, *, #1585, .F. ) ;
#1103 =( LENGTH_UNIT ( ) NAMED_UNIT ( * ) SI_UNIT ( .MILLI., .METRE. ) );
#1104 =( LENGTH_UNIT ( ) NAMED_UNIT ( * ) SI_UNIT ( .MILLI., .METRE. ) );
#1105 =( GEOMETRIC_REPRESENTATION_CONTEXT ( 3 ) GLOBAL_UNCERTAINTY_ASSIGNED_CONTEXT ( ( #4642 ) ) GLOBAL_UNIT_ASSIGNED_CONTEXT ( ( #3181, #4561, #3566 ) ) REPRESENTATION_CONTEXT ( 'NONE', 'WORKASPACE' ) );
#1107 = SURFACE_SIDE_STYLE ('',( #2979 ) ) ;
#1106 = FACE_OUTER_BOUND ( 'NONE', #1996, .T. ) ;
#1108 = SURFACE_SIDE_STYLE ('',( #806 ) ) ;
#1109 = VECTOR ( 'NONE', #897, 1000.000000000000000 ) ;
#1110 = DIRECTION ( 'NONE',  ( -1.000000000000000000, -0.000000000000000000, -0.000000000000000000 ) ) ;
#1111 = MECHANICAL_DESIGN_GEOMETRIC_PRESENTATION_REPRESENTATION (  '', ( #2318 ), #1195 ) ;
#1112 = CARTESIAN_POINT ( 'NONE',  ( 8.584373707781805862, -0.8940799999999984315, -0.3200399999999913869 ) ) ;
#1113 = VECTOR ( 'NONE', #823, 1000.000000000000000 ) ;
#1114 = EDGE_CURVE ( 'NONE', #1030, #1529, #739, .T. ) ;
#1115 = CARTESIAN_POINT ( 'NONE',  ( 11.12437370778180679, -2.794000000000000039, -0.5448299999999917098 ) ) ;
#1116 = STYLED_ITEM ( 'NONE', ( #1433 ), #3964 ) ;
#1117 =( NAMED_UNIT ( * ) SI_UNIT ( $, .STERADIAN. ) SOLID_ANGLE_UNIT ( ) );
#1118 = LINE ( 'NONE', #2272, #2802 ) ;
#1119 = EDGE_CURVE ( 'NONE', #4200, #1031, #2866, .T. ) ;
#1120 = VECTOR ( 'NONE', #1467, 1000.000000000000114 ) ;
#1121 = DIRECTION ( 'NONE',  ( 0.000000000000000000, 1.000000000000000000, 0.000000000000000000 ) ) ;
#1122 = DIRECTION ( 'NONE',  ( -0.000000000000000000, 1.000000000000000000, -0.000000000000000000 ) ) ;
#1123 =( NAMED_UNIT ( * ) SI_UNIT ( $, .STERADIAN. ) SOLID_ANGLE_UNIT ( ) );
#1124 = AXIS2_PLACEMENT_3D ( 'NONE', #4297, #1818, #3274 ) ;
#1125 = AXIS2_PLACEMENT_3D ( 'NONE', #2796, #4261, #994 ) ;
#1126 = COLOUR_RGB ( '',0.4941176470588235503, 0.4941176470588235503, 0.4941176470588235503 ) ;
#1127 = SURFACE_STYLE_FILL_AREA ( #1833 ) ;
#1128 = ORIENTED_EDGE ( 'NONE', *, *, #147, .T. ) ;
#1129 = ORIENTED_EDGE ( 'NONE', *, *, #3000, .F. ) ;
#1130 = CIRCLE ( 'NONE', #3335, 0.4073588167217589984 ) ;
#1131 = CIRCLE ( 'NONE', #3098, 0.5080000000000194360 ) ;
#1132 = AXIS2_PLACEMENT_3D ( 'NONE', #1713, #4631, #1974 ) ;
#1133 = SURFACE_STYLE_USAGE ( .BOTH. , #360 ) ;
#1134 = CARTESIAN_POINT ( 'NONE',  ( 2.074379107781807896, 0.000000000000000000, -0.4000499999999994616 ) ) ;
#1135 = EDGE_LOOP ( 'NONE', ( #194, #920 ) ) ;
#1136 = DIRECTION ( 'NONE',  ( 0.000000000000000000, 0.000000000000000000, 1.000000000000000000 ) ) ;
#1137 = PRESENTATION_LAYER_ASSIGNMENT (  '', '', ( #2734 ) ) ;
#1138 = DIRECTION ( 'NONE',  ( 0.9396926207859100932, 0.000000000000000000, 0.3420201433256638834 ) ) ;
#1140 = DIRECTION ( 'NONE',  ( 1.000000000000000000, 0.000000000000000000, -0.000000000000000000 ) ) ;
#1139 = DIRECTION ( 'NONE',  ( 0.000000000000000000, 0.000000000000000000, -1.000000000000000000 ) ) ;
#1141 = CARTESIAN_POINT ( 'NONE',  ( 3.504373707781806235, 2.332957050962901456E-15, -1.270000000000004903 ) ) ;
#1142 = DIRECTION ( 'NONE',  ( -1.000000000000000000, -0.000000000000000000, -0.000000000000000000 ) ) ;
#1143 = CYLINDRICAL_SURFACE ( 'NONE', #2073, 0.2540000000000609548 ) ;
#1144 = ADVANCED_FACE ( 'NONE', ( #2829 ), #4289, .T. ) ;
#1145 = EDGE_CURVE ( 'NONE', #4722, #1154, #3354, .T. ) ;
#1146 =( NAMED_UNIT ( * ) PLANE_ANGLE_UNIT ( ) SI_UNIT ( $, .RADIAN. ) );
#1147 = CARTESIAN_POINT ( 'NONE',  ( 4.036529984063008669, 3.155443620884047222E-27, 0.000000000000000000 ) ) ;
#1148 = ADVANCED_FACE ( 'NONE', ( #491, #87 ), #2643, .F. ) ;
#1149 =( NAMED_UNIT ( * ) SI_UNIT ( $, .STERADIAN. ) SOLID_ANGLE_UNIT ( ) );
#1150 = VECTOR ( 'NONE', #973, 1000.000000000000000 ) ;
#1151 = FILL_AREA_STYLE_COLOUR ( '', #432 ) ;
#1152 = CARTESIAN_POINT ( 'NONE',  ( 2.074379107781807896, -2.794000000000000039, -2.139949999999988695 ) ) ;
#1153 =( LENGTH_UNIT ( ) NAMED_UNIT ( * ) SI_UNIT ( .MILLI., .METRE. ) );
#1154 = VERTEX_POINT ( 'NONE', #2988 ) ;
#1155 = EDGE_LOOP ( 'NONE', ( #3116, #1982, #3840, #2289 ) ) ;
#1156 = CARTESIAN_POINT ( 'NONE',  ( 3.469446951953614189E-15, -2.794000000000000039, 0.000000000000000000 ) ) ;
#1157 = ORIENTED_EDGE ( 'NONE', *, *, #1757, .T. ) ;
#1158 =( NAMED_UNIT ( * ) PLANE_ANGLE_UNIT ( ) SI_UNIT ( $, .RADIAN. ) );
#1159 = LINE ( 'NONE', #4070, #1304 ) ;
#1160 = VECTOR ( 'NONE', #986, 1000.000000000000000 ) ;
#1161 = UNCERTAINTY_MEASURE_WITH_UNIT (LENGTH_MEASURE( 1.000000000000000082E-05 ), #1223, 'distance_accuracy_value', 'NONE');
#1162 = DIRECTION ( 'NONE',  ( 0.000000000000000000, 0.000000000000000000, -1.000000000000000000 ) ) ;
#1163 = SURFACE_SIDE_STYLE ('',( #2445 ) ) ;
#1164 = PRESENTATION_STYLE_ASSIGNMENT (( #807 ) ) ;
#1165 = CARTESIAN_POINT ( 'NONE',  ( 0.000000000000000000, 0.000000000000000000, 0.000000000000000000 ) ) ;
#1166 = ORIENTED_EDGE ( 'NONE', *, *, #2195, .F. ) ;
#1167 =( LENGTH_UNIT ( ) NAMED_UNIT ( * ) SI_UNIT ( .MILLI., .METRE. ) );
#1168 = FACE_OUTER_BOUND ( 'NONE', #107, .T. ) ;
#1169 = VECTOR ( 'NONE', #346, 1000.000000000000227 ) ;
#1170 = ORIENTED_EDGE ( 'NONE', *, *, #2308, .F. ) ;
#1171 = CARTESIAN_POINT ( 'NONE',  ( 0.000000000000000000, 0.000000000000000000, 0.000000000000000000 ) ) ;
#1172 = CARTESIAN_POINT ( 'NONE',  ( 4.131110244821296185, 4.932751844089899382E-17, -0.4027897551787399388 ) ) ;
#1173 = SURFACE_SIDE_STYLE ('',( #66 ) ) ;
#1174 = DIRECTION ( 'NONE',  ( 0.000000000000000000, 0.000000000000000000, 1.000000000000000000 ) ) ;
#1175 = PRESENTATION_STYLE_ASSIGNMENT (( #43 ) ) ;
#1176 = VERTEX_POINT ( 'NONE', #2940 ) ;
#1177 = AXIS2_PLACEMENT_3D ( 'NONE', #2133, #2181, #2494 ) ;
#1178 = ORIENTED_EDGE ( 'NONE', *, *, #565, .T. ) ;
#1179 = LINE ( 'NONE', #2656, #4398 ) ;
#1180 = EDGE_CURVE ( 'NONE', #2094, #4432, #4268, .T. ) ;
#1181 = ORIENTED_EDGE ( 'NONE', *, *, #4565, .T. ) ;
#1182 = DIRECTION ( 'NONE',  ( -1.000000000000000000, -0.000000000000000000, -0.000000000000000000 ) ) ;
#1183 = LINE ( 'NONE', #2634, #4189 ) ;
#1184 = EDGE_CURVE ( 'NONE', #972, #4168, #3963, .T. ) ;
#1185 = PRESENTATION_LAYER_ASSIGNMENT (  '', '', ( #2009 ) ) ;
#1186 = ADVANCED_FACE ( 'NONE', ( #1168 ), #2620, .F. ) ;
#1187 = CARTESIAN_POINT ( 'NONE',  ( 1.549400000044443004, 9.051854350960427117E-17, -0.7391399999789882713 ) ) ;
#1188 = FACE_OUTER_BOUND ( 'NONE', #25, .T. ) ;
#1189 =( LENGTH_UNIT ( ) NAMED_UNIT ( * ) SI_UNIT ( .MILLI., .METRE. ) );
#1190 = DIRECTION ( 'NONE',  ( 1.000000000000000000, 0.000000000000000000, 1.047444401652940007E-14 ) ) ;
#1191 = ORIENTED_EDGE ( 'NONE', *, *, #3361, .F. ) ;
#1192 = ADVANCED_FACE ( 'NONE', ( #4221 ), #3066, .T. ) ;
#1193 =( GEOMETRIC_REPRESENTATION_CONTEXT ( 3 ) GLOBAL_UNCERTAINTY_ASSIGNED_CONTEXT ( ( #1441 ) ) GLOBAL_UNIT_ASSIGNED_CONTEXT ( ( #993, #4643, #1705 ) ) REPRESENTATION_CONTEXT ( 'NONE', 'WORKASPACE' ) );
#1194 = DIRECTION ( 'NONE',  ( -0.000000000000000000, 1.000000000000000000, -0.000000000000000000 ) ) ;
#1195 =( GEOMETRIC_REPRESENTATION_CONTEXT ( 3 ) GLOBAL_UNCERTAINTY_ASSIGNED_CONTEXT ( ( #4399 ) ) GLOBAL_UNIT_ASSIGNED_CONTEXT ( ( #2154, #2179, #3976 ) ) REPRESENTATION_CONTEXT ( 'NONE', 'WORKASPACE' ) );
#1196 = VERTEX_POINT ( 'NONE', #1650 ) ;
#1197 = STYLED_ITEM ( 'NONE', ( #4443 ), #4271 ) ;
#1198 = COLOUR_RGB ( '',0.4941176470588235503, 0.4941176470588235503, 0.4941176470588235503 ) ;
#1199 = STYLED_ITEM ( 'NONE', ( #3110 ), #2300 ) ;
#1200 = SURFACE_STYLE_USAGE ( .BOTH. , #4457 ) ;
#1201 = SURFACE_STYLE_USAGE ( .BOTH. , #1226 ) ;
#1202 = LINE ( 'NONE', #818, #2254 ) ;
#1203 = CARTESIAN_POINT ( 'NONE',  ( 1.136868377216160297E-10, 0.000000000000000000, 0.000000000000000000 ) ) ;
#1204 = ORIENTED_EDGE ( 'NONE', *, *, #4073, .T. ) ;
#1205 = DIRECTION ( 'NONE',  ( -0.000000000000000000, 1.000000000000000000, -0.000000000000000000 ) ) ;
#1206 = DIRECTION ( 'NONE',  ( -0.000000000000000000, 1.000000000000000000, -0.000000000000000000 ) ) ;
#1207 = AXIS2_PLACEMENT_3D ( 'NONE', #2971, #2258, #42 ) ;
#1208 =( NAMED_UNIT ( * ) SI_UNIT ( $, .STERADIAN. ) SOLID_ANGLE_UNIT ( ) );
#1209 = ORIENTED_EDGE ( 'NONE', *, *, #1536, .T. ) ;
#1210 = STYLED_ITEM ( 'NONE', ( #3920 ), #1980 ) ;
#1211 =( NAMED_UNIT ( * ) PLANE_ANGLE_UNIT ( ) SI_UNIT ( $, .RADIAN. ) );
#1212 = VECTOR ( 'NONE', #3034, 1000.000000000000000 ) ;
#1213 = STYLED_ITEM ( 'NONE', ( #958 ), #3303 ) ;
#1214 = ADVANCED_FACE ( 'NONE', ( #237, #3452, #171, #3834, #1244, #1319 ), #2398, .T. ) ;
#1215 = AXIS2_PLACEMENT_3D ( 'NONE', #4456, #2645, #4108 ) ;
#1217 = DIRECTION ( 'NONE',  ( -1.000000000000000000, -0.000000000000000000, -0.000000000000000000 ) ) ;
#1216 = CARTESIAN_POINT ( 'NONE',  ( 0.000000000000000000, -2.794000000000000039, 0.000000000000000000 ) ) ;
#1218 = ADVANCED_FACE ( 'NONE', ( #3521 ), #3065, .T. ) ;
#1219 = ORIENTED_EDGE ( 'NONE', *, *, #3717, .F. ) ;
#1220 = UNCERTAINTY_MEASURE_WITH_UNIT (LENGTH_MEASURE( 1.000000000000000082E-05 ), #1752, 'distance_accuracy_value', 'NONE');
#1221 = VERTEX_POINT ( 'NONE', #2493 ) ;
#1222 = SURFACE_SIDE_STYLE ('',( #3434 ) ) ;
#1223 =( LENGTH_UNIT ( ) NAMED_UNIT ( * ) SI_UNIT ( .MILLI., .METRE. ) );
#1224 = ORIENTED_EDGE ( 'NONE', *, *, #3390, .F. ) ;
#1225 = SURFACE_SIDE_STYLE ('',( #139 ) ) ;
#1226 = SURFACE_SIDE_STYLE ('',( #4459 ) ) ;
#1227 = CARTESIAN_POINT ( 'NONE',  ( 11.12437370778180679, 0.000000000000000000, -1.995170000000017874 ) ) ;
#1228 = CARTESIAN_POINT ( 'NONE',  ( 4.490320489685523775, 0.000000000000000000, 0.7620000000000719531 ) ) ;
#1229 = DIRECTION ( 'NONE',  ( 0.000000000000000000, 1.000000000000000000, 0.000000000000000000 ) ) ;
#1230 = ORIENTED_EDGE ( 'NONE', *, *, #1598, .F. ) ;
#1231 = DIRECTION ( 'NONE',  ( 0.3420201433256638834, 0.000000000000000000, -0.9396926207859100932 ) ) ;
#1232 = CARTESIAN_POINT ( 'NONE',  ( 12.23435370778180875, 0.000000000000000000, -2.139949999999958941 ) ) ;
#1233 = DIRECTION ( 'NONE',  ( 1.000000000000000000, 0.000000000000000000, -1.355298456929802892E-15 ) ) ;
#1234 = ORIENTED_EDGE ( 'NONE', *, *, #1507, .T. ) ;
#1235 = DIRECTION ( 'NONE',  ( 0.000000000000000000, 0.000000000000000000, 1.000000000000000000 ) ) ;
#1237 = DIRECTION ( 'NONE',  ( -0.000000000000000000, 1.000000000000000000, 0.000000000000000000 ) ) ;
#1236 = SURFACE_SIDE_STYLE ('',( #1932 ) ) ;
#1238 = SURFACE_STYLE_FILL_AREA ( #2389 ) ;
#1239 = ORIENTED_EDGE ( 'NONE', *, *, #2070, .F. ) ;
#1240 = FACE_BOUND ( 'NONE', #2603, .T. ) ;
#1241 = CARTESIAN_POINT ( 'NONE',  ( 0.9643737077818061998, -0.8940799999999984315, -1.270000000000004903 ) ) ;
#1242 = ORIENTED_EDGE ( 'NONE', *, *, #3206, .F. ) ;
#1243 = PRESENTATION_STYLE_ASSIGNMENT (( #4407 ) ) ;
#1244 = FACE_BOUND ( 'NONE', #3619, .T. ) ;
#1245 =( NAMED_UNIT ( * ) PLANE_ANGLE_UNIT ( ) SI_UNIT ( $, .RADIAN. ) );
#1246 = ADVANCED_FACE ( 'NONE', ( #3203 ), #3155, .T. ) ;
#1247 = FACE_OUTER_BOUND ( 'NONE', #4204, .T. ) ;
#1248 = CARTESIAN_POINT ( 'NONE',  ( 4.227651986100122272, -7.500912999072902948E-17, 0.3062480138883852954 ) ) ;
#1249 = CARTESIAN_POINT ( 'NONE',  ( 0.000000000000000000, 8.709688035535916541E-17, -0.7111999999999951694 ) ) ;
#1250 = COLOUR_RGB ( '',0.4941176470588235503, 0.4941176470588235503, 0.4941176470588235503 ) ;
#1251 = VERTEX_POINT ( 'NONE', #4653 ) ;
#1252 = COLOUR_RGB ( '',0.8000000000000000444, 0.8039215686274510109, 0.8000000000000000444 ) ;
#1253 = DIRECTION ( 'NONE',  ( 0.000000000000000000, 0.000000000000000000, 1.000000000000000000 ) ) ;
#1254 = AXIS2_PLACEMENT_3D ( 'NONE', #24, #451, #1493 ) ;
#1255 = FILL_AREA_STYLE_COLOUR ( '', #3780 ) ;
#1256 = ORIENTED_EDGE ( 'NONE', *, *, #1814, .F. ) ;
#1257 = CARTESIAN_POINT ( 'NONE',  ( 12.08874741556367738, -2.794000000000000039, -2.539999999999978719 ) ) ;
#1258 = CARTESIAN_POINT ( 'NONE',  ( 7.474368307781808163, 1.084202172485504434E-16, -0.4000499999999996836 ) ) ;
#1259 = UNCERTAINTY_MEASURE_WITH_UNIT (LENGTH_MEASURE( 1.000000000000000082E-05 ), #622, 'distance_accuracy_value', 'NONE');
#1261 = CARTESIAN_POINT ( 'NONE',  ( 6.044373707781806715, -2.794000000000000039, -0.5448299999999917098 ) ) ;
#1260 = PLANE ( 'NONE',  #181 ) ;
#1262 = LINE ( 'NONE', #2706, #2651 ) ;
#1263 = DIRECTION ( 'NONE',  ( -0.9396926207859093161, 0.000000000000000000, 0.3420201433256663814 ) ) ;
#1264 = STYLED_ITEM ( 'NONE', ( #1712 ), #1246 ) ;
#1265 = ORIENTED_EDGE ( 'NONE', *, *, #1180, .T. ) ;
#1266 = SURFACE_STYLE_USAGE ( .BOTH. , #3832 ) ;
#1267 = CARTESIAN_POINT ( 'NONE',  ( 11.12437370778180679, -2.794000000000000039, -1.995170000000017874 ) ) ;
#1268 = EDGE_LOOP ( 'NONE', ( #402, #110, #3038, #3628 ) ) ;
#1269 = PRESENTATION_LAYER_ASSIGNMENT (  '', '', ( #1512 ) ) ;
#1270 =( LENGTH_UNIT ( ) NAMED_UNIT ( * ) SI_UNIT ( .MILLI., .METRE. ) );
#1271 = EDGE_CURVE ( 'NONE', #455, #3273, #1069, .T. ) ;
#1272 = CARTESIAN_POINT ( 'NONE',  ( 5.591498816721848009, -2.058358816721820528, -4.336808689942017736E-16 ) ) ;
#1273 = PRODUCT_DEFINITION_SHAPE ( 'NONE', 'NONE',  #4724 ) ;
#1274 = CIRCLE ( 'NONE', #3778, 0.9499600000000134603 ) ;
#1275 = ORIENTED_EDGE ( 'NONE', *, *, #1301, .T. ) ;
#1276 =( NAMED_UNIT ( * ) SI_UNIT ( $, .STERADIAN. ) SOLID_ANGLE_UNIT ( ) );
#1277 = MECHANICAL_DESIGN_GEOMETRIC_PRESENTATION_REPRESENTATION (  '', ( #2855 ), #3630 ) ;
#1278 =( NAMED_UNIT ( * ) PLANE_ANGLE_UNIT ( ) SI_UNIT ( $, .RADIAN. ) );
#1279 = DIRECTION ( 'NONE',  ( -1.000000000000000000, -0.000000000000000000, -0.000000000000000000 ) ) ;
#1280 = ORIENTED_EDGE ( 'NONE', *, *, #1180, .F. ) ;
#1281 = PRESENTATION_STYLE_ASSIGNMENT (( #2682 ) ) ;
#1282 = VECTOR ( 'NONE', #2896, 1000.000000000000114 ) ;
#1283 = VECTOR ( 'NONE', #2743, 1000.000000000000000 ) ;
#1284 = CARTESIAN_POINT ( 'NONE',  ( 8.584373707781805862, -0.8940799999999984315, -1.270000000000004903 ) ) ;
#1285 = DIRECTION ( 'NONE',  ( 0.000000000000000000, 0.000000000000000000, 1.000000000000000000 ) ) ;
#1286 = VECTOR ( 'NONE', #4518, 1000.000000000000000 ) ;
#1287 = PRESENTATION_LAYER_ASSIGNMENT (  '', '', ( #197 ) ) ;
#1288 = ORIENTED_EDGE ( 'NONE', *, *, #1700, .F. ) ;
#1289 = FILL_AREA_STYLE ('',( #4552 ) ) ;
#1290 = COLOUR_RGB ( '',0.4941176470588235503, 0.4941176470588235503, 0.4941176470588235503 ) ;
#1291 = PRESENTATION_STYLE_ASSIGNMENT (( #1939 ) ) ;
#1292 = VERTEX_POINT ( 'NONE', #3644 ) ;
#1293 = EDGE_CURVE ( 'NONE', #1610, #3805, #691, .T. ) ;
#1294 = FILL_AREA_STYLE_COLOUR ( '', #754 ) ;
#1295 = UNCERTAINTY_MEASURE_WITH_UNIT (LENGTH_MEASURE( 1.000000000000000082E-05 ), #4054, 'distance_accuracy_value', 'NONE');
#1296 = AXIS2_PLACEMENT_3D ( 'NONE', #4153, #2261, #4180 ) ;
#1297 = EDGE_CURVE ( 'NONE', #870, #1058, #662, .T. ) ;
#1298 = ADVANCED_FACE ( 'NONE', ( #2465 ), #3936, .F. ) ;
#1299 = CARTESIAN_POINT ( 'NONE',  ( 5.083498816721765401, -0.4227335466384432028, -0.5080000000001214655 ) ) ;
#1300 = SURFACE_STYLE_USAGE ( .BOTH. , #607 ) ;
#1301 = EDGE_CURVE ( 'NONE', #1722, #1709, #1027, .T. ) ;
#1302 = VERTEX_POINT ( 'NONE', #2527 ) ;
#1303 = LINE ( 'NONE', #939, #895 ) ;
#1304 = VECTOR ( 'NONE', #2239, 1000.000000000000000 ) ;
#1305 = SURFACE_STYLE_USAGE ( .BOTH. , #2727 ) ;
#1306 = PLANE ( 'NONE',  #907 ) ;
#1307 = ORIENTED_EDGE ( 'NONE', *, *, #4679, .T. ) ;
#1308 = DIRECTION ( 'NONE',  ( 0.000000000000000000, 0.000000000000000000, 1.000000000000000000 ) ) ;
#1309 = COLOUR_RGB ( '',0.4941176470588235503, 0.4941176470588235503, 0.4941176470588235503 ) ;
#1310 = UNCERTAINTY_MEASURE_WITH_UNIT (LENGTH_MEASURE( 1.000000000000000082E-05 ), #4594, 'distance_accuracy_value', 'NONE');
#1311 = CARTESIAN_POINT ( 'NONE',  ( 0.9643737077818063108, -2.794000000000000039, -1.995170000000017874 ) ) ;
#1313 = DIRECTION ( 'NONE',  ( -1.000000000000000000, 0.000000000000000000, 0.000000000000000000 ) ) ;
#1312 = DIRECTION ( 'NONE',  ( -0.000000000000000000, 1.000000000000000000, -0.000000000000000000 ) ) ;
#1314 = COLOUR_RGB ( '',0.8000000000000000444, 0.8039215686274510109, 0.8000000000000000444 ) ;
#1315 = CARTESIAN_POINT ( 'NONE',  ( 5.591498816721848009, -2.058358816721820084, -4.336808689942017736E-16 ) ) ;
#1316 = CARTESIAN_POINT ( 'NONE',  ( 1.136868377216160297E-10, 0.000000000000000000, 0.000000000000000000 ) ) ;
#1317 = ORIENTED_EDGE ( 'NONE', *, *, #3531, .T. ) ;
#1318 = ORIENTED_EDGE ( 'NONE', *, *, #1293, .T. ) ;
#1319 = FACE_OUTER_BOUND ( 'NONE', #4358, .T. ) ;
#1320 = CARTESIAN_POINT ( 'NONE',  ( 7.154379107781808855, 0.000000000000000000, -2.139949999999988695 ) ) ;
#1321 = CARTESIAN_POINT ( 'NONE',  ( 5.591498816721887977, -0.1251540363239028175, 2.257412777420009925E-16 ) ) ;
#1322 = FILL_AREA_STYLE_COLOUR ( '', #940 ) ;
#1323 = CARTESIAN_POINT ( 'NONE',  ( 5.083498816721891522, -2.566358816721768576, -0.2975795103144428522 ) ) ;
#1324 = SURFACE_SIDE_STYLE ('',( #3505 ) ) ;
#1325 =( GEOMETRIC_REPRESENTATION_CONTEXT ( 3 ) GLOBAL_UNCERTAINTY_ASSIGNED_CONTEXT ( ( #2339 ) ) GLOBAL_UNIT_ASSIGNED_CONTEXT ( ( #605, #2018, #3073 ) ) REPRESENTATION_CONTEXT ( 'NONE', 'WORKASPACE' ) );
#1326 = ORIENTED_EDGE ( 'NONE', *, *, #1824, .F. ) ;
#1327 = LINE ( 'NONE', #180, #981 ) ;
#1328 = CIRCLE ( 'NONE', #946, 0.9499600000000134603 ) ;
#1329 = CIRCLE ( 'NONE', #1254, 0.7251700000000131929 ) ;
#1330 = CYLINDRICAL_SURFACE ( 'NONE', #3647, 0.7251700000000131929 ) ;
#1331 = UNCERTAINTY_MEASURE_WITH_UNIT (LENGTH_MEASURE( 1.000000000000000082E-05 ), #3818, 'distance_accuracy_value', 'NONE');
#1332 = LINE ( 'NONE', #2193, #2616 ) ;
#1333 = EDGE_CURVE ( 'NONE', #2947, #3690, #698, .T. ) ;
#1334 = DIRECTION ( 'NONE',  ( 0.000000000000000000, -1.000000000000000000, 0.000000000000000000 ) ) ;
#1335 = CIRCLE ( 'NONE', #3988, 0.7251700000000131929 ) ;
#1336 = MANIFOLD_SOLID_BREP ( 'Imported1', #1594 ) ;
#1337 = ORIENTED_EDGE ( 'NONE', *, *, #3592, .F. ) ;
#1338 = ADVANCED_FACE ( 'NONE', ( #1808 ), #3580, .F. ) ;
#1339 = DIRECTION ( 'NONE',  ( 0.000000000000000000, -1.000000000000000000, -0.000000000000000000 ) ) ;
#1340 = ORIENTED_EDGE ( 'NONE', *, *, #1779, .T. ) ;
#1341 =( NAMED_UNIT ( * ) PLANE_ANGLE_UNIT ( ) SI_UNIT ( $, .RADIAN. ) );
#1342 = EDGE_LOOP ( 'NONE', ( #1758, #1451, #4543, #1624 ) ) ;
#1343 =( LENGTH_UNIT ( ) NAMED_UNIT ( * ) SI_UNIT ( .MILLI., .METRE. ) );
#1344 = SURFACE_STYLE_FILL_AREA ( #3156 ) ;
#1345 = EDGE_CURVE ( 'NONE', #1709, #4365, #2899, .T. ) ;
#1346 =( GEOMETRIC_REPRESENTATION_CONTEXT ( 3 ) GLOBAL_UNCERTAINTY_ASSIGNED_CONTEXT ( ( #4497 ) ) GLOBAL_UNIT_ASSIGNED_CONTEXT ( ( #137, #1576, #3064 ) ) REPRESENTATION_CONTEXT ( 'NONE', 'WORKASPACE' ) );
#1347 = SURFACE_STYLE_USAGE ( .BOTH. , #1678 ) ;
#1348 = DIRECTION ( 'NONE',  ( -0.3420201433256694901, 0.000000000000000000, -0.9396926207859080948 ) ) ;
#1349 =( LENGTH_UNIT ( ) NAMED_UNIT ( * ) SI_UNIT ( .MILLI., .METRE. ) );
#1350 = COLOUR_RGB ( '',0.4941176470588235503, 0.4941176470588235503, 0.4941176470588235503 ) ;
#1351 = ORIENTED_EDGE ( 'NONE', *, *, #2675, .F. ) ;
#1352 = MECHANICAL_DESIGN_GEOMETRIC_PRESENTATION_REPRESENTATION (  '', ( #179 ), #3091 ) ;
#1353 = FACE_OUTER_BOUND ( 'NONE', #1748, .T. ) ;
#1354 = UNCERTAINTY_MEASURE_WITH_UNIT (LENGTH_MEASURE( 1.000000000000000082E-05 ), #3123, 'distance_accuracy_value', 'NONE');
#1355 = CIRCLE ( 'NONE', #4383, 0.5461000000000006960 ) ;
#1356 = CIRCLE ( 'NONE', #340, 0.5461000000000006960 ) ;
#1357 =( NAMED_UNIT ( * ) PLANE_ANGLE_UNIT ( ) SI_UNIT ( $, .RADIAN. ) );
#1358 =( NAMED_UNIT ( * ) SI_UNIT ( $, .STERADIAN. ) SOLID_ANGLE_UNIT ( ) );
#1359 = VECTOR ( 'NONE', #30, 1000.000000000000000 ) ;
#1360 = CARTESIAN_POINT ( 'NONE',  ( 3.469446951953614189E-15, 0.000000000000000000, -2.139949999999997132 ) ) ;
#1361 = VECTOR ( 'NONE', #4049, 1000.000000000000000 ) ;
#1362 = EDGE_LOOP ( 'NONE', ( #591, #4088, #3176, #2641 ) ) ;
#1363 = EDGE_CURVE ( 'NONE', #855, #3700, #4317, .T. ) ;
#1364 = UNCERTAINTY_MEASURE_WITH_UNIT (LENGTH_MEASURE( 1.000000000000000082E-05 ), #2460, 'distance_accuracy_value', 'NONE');
#1365 = PRESENTATION_LAYER_ASSIGNMENT (  '', '', ( #1513 ) ) ;
#1366 = EDGE_CURVE ( 'NONE', #2854, #3090, #3897, .T. ) ;
#1367 =( NAMED_UNIT ( * ) SI_UNIT ( $, .STERADIAN. ) SOLID_ANGLE_UNIT ( ) );
#1368 = VECTOR ( 'NONE', #3779, 1000.000000000000114 ) ;
#1369 = ORIENTED_EDGE ( 'NONE', *, *, #4032, .F. ) ;
#1370 =( LENGTH_UNIT ( ) NAMED_UNIT ( * ) SI_UNIT ( .MILLI., .METRE. ) );
#1371 = VECTOR ( 'NONE', #3019, 1000.000000000000114 ) ;
#1372 = STYLED_ITEM ( 'NONE', ( #1014 ), #84 ) ;
#1373 = CARTESIAN_POINT ( 'NONE',  ( 4.676140000000001962, 0.2540000000000883218, 1.887862008203631295E-16 ) ) ;
#1374 = CARTESIAN_POINT ( 'NONE',  ( 7.154379107781808855, -2.794000000000000039, -0.4000499999999995171 ) ) ;
#1375 = STYLED_ITEM ( 'NONE', ( #3606 ), #3472 ) ;
#1376 = LINE ( 'NONE', #1679, #1283 ) ;
#1377 = CARTESIAN_POINT ( 'NONE',  ( 6.044373707781806715, -2.794000000000000039, -1.270000000000004903 ) ) ;
#1378 = CARTESIAN_POINT ( 'NONE',  ( 4.490320489685463379, 0.5080000000001052562, 0.2540000000000526836 ) ) ;
#1379 = LINE ( 'NONE', #3627, #2637 ) ;
#1380 = ORIENTED_EDGE ( 'NONE', *, *, #1917, .T. ) ;
#1381 = STYLED_ITEM ( 'NONE', ( #3792 ), #317 ) ;
#1382 = ORIENTED_EDGE ( 'NONE', *, *, #3865, .F. ) ;
#1383 = PRESENTATION_STYLE_ASSIGNMENT (( #2507 ) ) ;
#1384 = EDGE_CURVE ( 'NONE', #4626, #2348, #2197, .T. ) ;
#1385 = SURFACE_STYLE_FILL_AREA ( #252 ) ;
#1386 = VERTEX_POINT ( 'NONE', #1913 ) ;
#1387 = AXIS2_PLACEMENT_3D ( 'NONE', #2059, #2740, #4195 ) ;
#1388 = SURFACE_SIDE_STYLE ('',( #1994 ) ) ;
#1389 = CONTEXT_DEPENDENT_SHAPE_REPRESENTATION ( #4694, #2752 ) ;
#1390 = EDGE_LOOP ( 'NONE', ( #3131, #1514, #2748, #2336 ) ) ;
#1391 = FILL_AREA_STYLE ('',( #4349 ) ) ;
#1392 =( NAMED_UNIT ( * ) PLANE_ANGLE_UNIT ( ) SI_UNIT ( $, .RADIAN. ) );
#1393 = PRODUCT_DEFINITION_CONTEXT ( 'detailed design', #4052, 'design' ) ;
#1394 = EDGE_LOOP ( 'NONE', ( #1674, #2875, #1337, #1340 ) ) ;
#1395 = CARTESIAN_POINT ( 'NONE',  ( 0.000000000000000000, -2.794000000000000039, 0.000000000000000000 ) ) ;
#1396 =( LENGTH_UNIT ( ) NAMED_UNIT ( * ) SI_UNIT ( .MILLI., .METRE. ) );
#1397 = VECTOR ( 'NONE', #1348, 1000.000000000000114 ) ;
#1398 = ADVANCED_FACE ( 'NONE', ( #4404 ), #2129, .T. ) ;
#1399 =( NAMED_UNIT ( * ) SI_UNIT ( $, .STERADIAN. ) SOLID_ANGLE_UNIT ( ) );
#1400 = FILL_AREA_STYLE ('',( #4227 ) ) ;
#1401 =( NAMED_UNIT ( * ) SI_UNIT ( $, .STERADIAN. ) SOLID_ANGLE_UNIT ( ) );
#1402 = CARTESIAN_POINT ( 'NONE',  ( 2.074379107781807896, -2.794000000000000039, -2.139949999999988695 ) ) ;
#1403 = ORIENTED_EDGE ( 'NONE', *, *, #2366, .T. ) ;
#1404 = ORIENTED_EDGE ( 'NONE', *, *, #2417, .T. ) ;
#1405 = CARTESIAN_POINT ( 'NONE',  ( 3.504373707781806235, 0.000000000000000000, -1.270000000000004903 ) ) ;
#1406 = SURFACE_SIDE_STYLE ('',( #612 ) ) ;
#1407 = DIRECTION ( 'NONE',  ( 0.000000000000000000, 0.000000000000000000, 1.000000000000000000 ) ) ;
#1408 = ORIENTED_EDGE ( 'NONE', *, *, #2014, .F. ) ;
#1409 = SURFACE_STYLE_USAGE ( .BOTH. , #2799 ) ;
#1410 = CARTESIAN_POINT ( 'NONE',  ( 11.12437370778180679, -0.8940799999999999859, -1.270000000000004903 ) ) ;
#1411 = UNCERTAINTY_MEASURE_WITH_UNIT (LENGTH_MEASURE( 1.000000000000000082E-05 ), #4110, 'distance_accuracy_value', 'NONE');
#1413 = LINE ( 'NONE', #233, #2766 ) ;
#1412 = DIRECTION ( 'NONE',  ( -1.000000000000000000, 0.000000000000000000, 0.000000000000000000 ) ) ;
#1414 = COLOUR_RGB ( '',0.4941176470588235503, 0.4941176470588235503, 0.4941176470588235503 ) ;
#1415 = COLOUR_RGB ( '',0.8000000000000000444, 0.8039215686274510109, 0.8000000000000000444 ) ;
#1416 =( NAMED_UNIT ( * ) SI_UNIT ( $, .STERADIAN. ) SOLID_ANGLE_UNIT ( ) );
#1417 = CARTESIAN_POINT ( 'NONE',  ( 7.474368307781808163, -2.794000000000000039, -2.139949999999989139 ) ) ;
#1418 = CARTESIAN_POINT ( 'NONE',  ( 12.39437370778181879, -2.794000000000000039, -0.4000499999999815315 ) ) ;
#1419 =( GEOMETRIC_REPRESENTATION_CONTEXT ( 3 ) GLOBAL_UNCERTAINTY_ASSIGNED_CONTEXT ( ( #1295 ) ) GLOBAL_UNIT_ASSIGNED_CONTEXT ( ( #4054, #3689, #2874 ) ) REPRESENTATION_CONTEXT ( 'NONE', 'WORKASPACE' ) );
#1420 = VERTEX_POINT ( 'NONE', #2639 ) ;
#1421 = CARTESIAN_POINT ( 'NONE',  ( 1.928772815563611687, -2.794000000000000039, 0.000000000000000000 ) ) ;
#1422 = CARTESIAN_POINT ( 'NONE',  ( 12.08874741556367738, 0.000000000000000000, -2.539999999999978719 ) ) ;
#1423 = FILL_AREA_STYLE_COLOUR ( '', #1126 ) ;
#1424 =( NAMED_UNIT ( * ) SI_UNIT ( $, .STERADIAN. ) SOLID_ANGLE_UNIT ( ) );
#1425 = ADVANCED_FACE ( 'NONE', ( #2247 ), #31, .T. ) ;
#1426 = PRESENTATION_STYLE_ASSIGNMENT (( #2792 ) ) ;
#1427 = ORIENTED_EDGE ( 'NONE', *, *, #2770, .T. ) ;
#1428 = ORIENTED_EDGE ( 'NONE', *, *, #4504, .T. ) ;
#1429 = CARTESIAN_POINT ( 'NONE',  ( 3.860800000097697193, 8.243097604019137316E-17, -0.6730999999149389623 ) ) ;
#1430 = ORIENTED_EDGE ( 'NONE', *, *, #1366, .T. ) ;
#1431 = PRESENTATION_LAYER_ASSIGNMENT (  '', '', ( #3938 ) ) ;
#1432 = LINE ( 'NONE', #2864, #2118 ) ;
#1433 = PRESENTATION_STYLE_ASSIGNMENT (( #3612 ) ) ;
#1434 = CYLINDRICAL_SURFACE ( 'NONE', #2787, 0.9499600000000134603 ) ;
#1435 = SURFACE_STYLE_USAGE ( .BOTH. , #4699 ) ;
#1436 = CARTESIAN_POINT ( 'NONE',  ( 4.614379107781807932, -2.794000000000000039, -2.139949999999988695 ) ) ;
#1437 = ORIENTED_EDGE ( 'NONE', *, *, #1503, .T. ) ;
#1438 = APPLICATION_CONTEXT ( 'automotive_design' ) ;
#1439 = CIRCLE ( 'NONE', #1207, 0.7111999999999951694 ) ;
#1440 = EDGE_CURVE ( 'NONE', #2520, #3114, #1827, .T. ) ;
#1441 = UNCERTAINTY_MEASURE_WITH_UNIT (LENGTH_MEASURE( 1.000000000000000082E-05 ), #993, 'distance_accuracy_value', 'NONE');
#1442 = CARTESIAN_POINT ( 'NONE',  ( 12.39437370778181879, -2.794000000000000039, -2.139949999999958941 ) ) ;
#1443 = PRESENTATION_LAYER_ASSIGNMENT (  '', '', ( #901 ) ) ;
#1444 = MECHANICAL_DESIGN_GEOMETRIC_PRESENTATION_REPRESENTATION (  '', ( #4637 ), #2573 ) ;
#1445 = ADVANCED_FACE ( 'NONE', ( #2593 ), #4053, .F. ) ;
#1446 = FACE_OUTER_BOUND ( 'NONE', #1268, .T. ) ;
#1447 =( NAMED_UNIT ( * ) PLANE_ANGLE_UNIT ( ) SI_UNIT ( $, .RADIAN. ) );
#1448 = AXIS2_PLACEMENT_3D ( 'NONE', #1646, #4527, #4166 ) ;
#1449 = PRESENTATION_STYLE_ASSIGNMENT (( #299 ) ) ;
#1450 = DIRECTION ( 'NONE',  ( 0.000000000000000000, -1.000000000000000000, 0.000000000000000000 ) ) ;
#1451 = ORIENTED_EDGE ( 'NONE', *, *, #3327, .T. ) ;
#1452 = EDGE_LOOP ( 'NONE', ( #94, #2458, #4132, #879 ) ) ;
#1453 = SURFACE_SIDE_STYLE ('',( #4715 ) ) ;
#1454 =( NAMED_UNIT ( * ) SI_UNIT ( $, .STERADIAN. ) SOLID_ANGLE_UNIT ( ) );
#1455 =( NAMED_UNIT ( * ) SI_UNIT ( $, .STERADIAN. ) SOLID_ANGLE_UNIT ( ) );
#1456 = ORIENTED_EDGE ( 'NONE', *, *, #1984, .F. ) ;
#1457 = SURFACE_STYLE_FILL_AREA ( #4721 ) ;
#1458 = DIRECTION ( 'NONE',  ( 8.820551857043884749E-15, 1.000000000000000000, 4.037223026264497295E-17 ) ) ;
#1459 = DIRECTION ( 'NONE',  ( -0.9396926207859072067, 0.000000000000000000, -0.3420201433256721546 ) ) ;
#1460 =( NAMED_UNIT ( * ) SI_UNIT ( $, .STERADIAN. ) SOLID_ANGLE_UNIT ( ) );
#1461 =( NAMED_UNIT ( * ) PLANE_ANGLE_UNIT ( ) SI_UNIT ( $, .RADIAN. ) );
#1462 = CARTESIAN_POINT ( 'NONE',  ( 9.548772815563612681, 0.000000000000000000, -2.539999999999993374 ) ) ;
#1463 = STYLED_ITEM ( 'NONE', ( #109 ), #1148 ) ;
#1464 = VERTEX_POINT ( 'NONE', #3059 ) ;
#1465 = PRESENTATION_LAYER_ASSIGNMENT (  '', '', ( #4122 ) ) ;
#1466 = SURFACE_STYLE_FILL_AREA ( #342 ) ;
#1467 = DIRECTION ( 'NONE',  ( -0.3420201433256709889, 0.000000000000000000, -0.9396926207859075397 ) ) ;
#1468 = DIRECTION ( 'NONE',  ( -0.000000000000000000, 1.000000000000000000, -0.000000000000000000 ) ) ;
#1469 = CARTESIAN_POINT ( 'NONE',  ( 0.7620000000000335394, 0.9144000000000095385, 0.000000000000000000 ) ) ;
#1470 = EDGE_LOOP ( 'NONE', ( #573, #4294 ) ) ;
#1471 = ORIENTED_EDGE ( 'NONE', *, *, #3430, .T. ) ;
#1472 =( NAMED_UNIT ( * ) PLANE_ANGLE_UNIT ( ) SI_UNIT ( $, .RADIAN. ) );
#1473 =( NAMED_UNIT ( * ) PLANE_ANGLE_UNIT ( ) SI_UNIT ( $, .RADIAN. ) );
#1474 = ORIENTED_EDGE ( 'NONE', *, *, #1870, .T. ) ;
#1475 = DIRECTION ( 'NONE',  ( 1.000000000000000000, 0.000000000000000000, -1.355298456929802892E-15 ) ) ;
#1476 = FACE_OUTER_BOUND ( 'NONE', #1390, .T. ) ;
#1477 = EDGE_CURVE ( 'NONE', #9, #1904, #229, .T. ) ;
#1479 = DIRECTION ( 'NONE',  ( 3.357208029738807697E-15, 1.000000000000000000, 1.417484439069005588E-31 ) ) ;
#1478 =( NAMED_UNIT ( * ) SI_UNIT ( $, .STERADIAN. ) SOLID_ANGLE_UNIT ( ) );
#1480 = DIRECTION ( 'NONE',  ( -1.000000000000000000, -0.000000000000000000, 0.000000000000000000 ) ) ;
#1481 = EDGE_CURVE ( 'NONE', #2688, #1599, #4162, .T. ) ;
#1482 = DIRECTION ( 'NONE',  ( -1.000000000000000000, 0.000000000000000000, -0.000000000000000000 ) ) ;
#1483 =( NAMED_UNIT ( * ) SI_UNIT ( $, .STERADIAN. ) SOLID_ANGLE_UNIT ( ) );
#1484 = FACE_OUTER_BOUND ( 'NONE', #3380, .T. ) ;
#1485 = STYLED_ITEM ( 'NONE', ( #309 ), #1218 ) ;
#1486 = AXIS2_PLACEMENT_3D ( 'NONE', #559, #1313, #1617 ) ;
#1487 = DIRECTION ( 'NONE',  ( 0.9396926207859100932, 0.000000000000000000, 0.3420201433256638834 ) ) ;
#1488 = MECHANICAL_DESIGN_GEOMETRIC_PRESENTATION_REPRESENTATION (  '', ( #3457 ), #1419 ) ;
#1489 = CARTESIAN_POINT ( 'NONE',  ( 7.619974600000002596, -2.794000000000000039, -2.539999999999994706 ) ) ;
#1490 = SURFACE_SIDE_STYLE ('',( #2776 ) ) ;
#1491 = COLOUR_RGB ( '',0.8000000000000000444, 0.8039215686274510109, 0.8000000000000000444 ) ;
#1492 = FILL_AREA_STYLE_COLOUR ( '', #393 ) ;
#1493 = DIRECTION ( 'NONE',  ( 0.000000000000000000, 0.000000000000000000, 1.000000000000000000 ) ) ;
#1494 = EDGE_LOOP ( 'NONE', ( #4423, #1918, #2548, #3954 ) ) ;
#1495 = EDGE_LOOP ( 'NONE', ( #4429, #1099, #1080, #4061 ) ) ;
#1496 = CARTESIAN_POINT ( 'NONE',  ( 8.584373707781805862, -0.8940799999999999859, -0.5448299999999917098 ) ) ;
#1497 = FILL_AREA_STYLE_COLOUR ( '', #3870 ) ;
#1498 = ORIENTED_EDGE ( 'NONE', *, *, #2888, .F. ) ;
#1499 = LINE ( 'NONE', #3320, #4313 ) ;
#1500 =( NAMED_UNIT ( * ) PLANE_ANGLE_UNIT ( ) SI_UNIT ( $, .RADIAN. ) );
#1501 = UNCERTAINTY_MEASURE_WITH_UNIT (LENGTH_MEASURE( 1.000000000000000082E-05 ), #3579, 'distance_accuracy_value', 'NONE');
#1502 = EDGE_CURVE ( 'NONE', #3783, #4296, #1671, .T. ) ;
#1503 = EDGE_CURVE ( 'NONE', #881, #2739, #4139, .T. ) ;
#1504 = LINE ( 'NONE', #729, #2376 ) ;
#1505 = CARTESIAN_POINT ( 'NONE',  ( 5.083498816721895075, -2.058358816721815643, -1.796364976791478570E-16 ) ) ;
#1506 = MECHANICAL_DESIGN_GEOMETRIC_PRESENTATION_REPRESENTATION (  '', ( #2325 ), #4305 ) ;
#1507 = EDGE_CURVE ( 'NONE', #1586, #2627, #3886, .T. ) ;
#1508 = PRESENTATION_STYLE_ASSIGNMENT (( #105 ) ) ;
#1509 = CARTESIAN_POINT ( 'NONE',  ( 0.000000000000000000, 0.000000000000000000, 0.000000000000000000 ) ) ;
#1510 = VECTOR ( 'NONE', #3982, 1000.000000000000000 ) ;
#1511 = SURFACE_SIDE_STYLE ('',( #1848 ) ) ;
#1512 = STYLED_ITEM ( 'NONE', ( #4109 ), #3895 ) ;
#1514 = ORIENTED_EDGE ( 'NONE', *, *, #3758, .F. ) ;
#1513 = STYLED_ITEM ( 'NONE', ( #2863 ), #1643 ) ;
#1515 = AXIS2_PLACEMENT_3D ( 'NONE', #1377, #272, #3919 ) ;
#1516 = STYLED_ITEM ( 'NONE', ( #175 ), #839 ) ;
#1517 = DIRECTION ( 'NONE',  ( 0.3420201433256638834, 0.000000000000000000, -0.9396926207859100932 ) ) ;
#1518 = FACE_OUTER_BOUND ( 'NONE', #4293, .T. ) ;
#1519 = AXIS2_PLACEMENT_3D ( 'NONE', #306, #683, #3177 ) ;
#1520 = COLOUR_RGB ( '',0.4941176470588235503, 0.4941176470588235503, 0.4941176470588235503 ) ;
#1521 = VECTOR ( 'NONE', #1675, 1000.000000000000000 ) ;
#1522 = SURFACE_SIDE_STYLE ('',( #396 ) ) ;
#1523 = SURFACE_SIDE_STYLE ('',( #2946 ) ) ;
#1524 = ORIENTED_EDGE ( 'NONE', *, *, #2770, .F. ) ;
#1525 = ORIENTED_EDGE ( 'NONE', *, *, #942, .F. ) ;
#1526 = FILL_AREA_STYLE_COLOUR ( '', #3956 ) ;
#1527 = MECHANICAL_DESIGN_GEOMETRIC_PRESENTATION_REPRESENTATION (  '', ( #1375 ), #4406 ) ;
#1528 = LINE ( 'NONE', #2583, #3394 ) ;
#1529 = VERTEX_POINT ( 'NONE', #562 ) ;
#1530 = DIRECTION ( 'NONE',  ( 1.000000000000000000, -0.000000000000000000, -0.000000000000000000 ) ) ;
#1531 = CARTESIAN_POINT ( 'NONE',  ( 0.000000000000000000, 0.000000000000000000, 0.000000000000000000 ) ) ;
#1532 = ORIENTED_EDGE ( 'NONE', *, *, #4501, .T. ) ;
#1533 = VECTOR ( 'NONE', #4447, 1000.000000000000000 ) ;
#1534 =( NAMED_UNIT ( * ) PLANE_ANGLE_UNIT ( ) SI_UNIT ( $, .RADIAN. ) );
#1535 = AXIS2_PLACEMENT_3D ( 'NONE', #3407, #3383, #390 ) ;
#1536 = EDGE_CURVE ( 'NONE', #2030, #2628, #3663, .T. ) ;
#1537 = CARTESIAN_POINT ( 'NONE',  ( 5.083498816721762736, -0.6613588167217941960, 0.5080000000001225757 ) ) ;
#1538 = FILL_AREA_STYLE_COLOUR ( '', #602 ) ;
#1539 = DIRECTION ( 'NONE',  ( 1.000000000000000000, 0.000000000000000000, -0.000000000000000000 ) ) ;
#1540 = EDGE_CURVE ( 'NONE', #1251, #4614, #2779, .T. ) ;
#1541 = FACE_OUTER_BOUND ( 'NONE', #1968, .T. ) ;
#1542 = ADVANCED_FACE ( 'NONE', ( #3804 ), #4097, .F. ) ;
#1543 = ORIENTED_EDGE ( 'NONE', *, *, #2245, .F. ) ;
#1544 = ORIENTED_EDGE ( 'NONE', *, *, #344, .T. ) ;
#1545 = ORIENTED_EDGE ( 'NONE', *, *, #3327, .F. ) ;
#1546 = LINE ( 'NONE', #3707, #1747 ) ;
#1547 = DIRECTION ( 'NONE',  ( -0.000000000000000000, 1.000000000000000000, -0.000000000000000000 ) ) ;
#1548 = VERTEX_POINT ( 'NONE', #2311 ) ;
#1549 = MECHANICAL_DESIGN_GEOMETRIC_PRESENTATION_REPRESENTATION (  '', ( #3595 ), #3980 ) ;
#1550 = LINE ( 'NONE', #811, #4455 ) ;
#1551 = SURFACE_STYLE_USAGE ( .BOTH. , #1602 ) ;
#1552 = VECTOR ( 'NONE', #3109, 1000.000000000000000 ) ;
#1553 = DIRECTION ( 'NONE',  ( 1.000000000000000000, 0.000000000000000000, -1.355298456929802892E-15 ) ) ;
#1554 = VECTOR ( 'NONE', #1229, 1000.000000000000000 ) ;
#1555 = FILL_AREA_STYLE_COLOUR ( '', #2847 ) ;
#1556 = CARTESIAN_POINT ( 'NONE',  ( 4.490320489685464267, 3.110602869834922301E-17, -0.2540000000000526836 ) ) ;
#1557 = MECHANICAL_DESIGN_GEOMETRIC_PRESENTATION_REPRESENTATION (  '', ( #1708 ), #314 ) ;
#1558 =( GEOMETRIC_REPRESENTATION_CONTEXT ( 3 ) GLOBAL_UNCERTAINTY_ASSIGNED_CONTEXT ( ( #4485 ) ) GLOBAL_UNIT_ASSIGNED_CONTEXT ( ( #3677, #1736, #2105 ) ) REPRESENTATION_CONTEXT ( 'NONE', 'WORKASPACE' ) );
#1559 = LINE ( 'NONE', #1608, #1739 ) ;
#1560 =( NAMED_UNIT ( * ) SI_UNIT ( $, .STERADIAN. ) SOLID_ANGLE_UNIT ( ) );
#1561 = AXIS2_PLACEMENT_3D ( 'NONE', #2668, #904, #82 ) ;
#1562 = ORIENTED_EDGE ( 'NONE', *, *, #1271, .F. ) ;
#1563 =( NAMED_UNIT ( * ) PLANE_ANGLE_UNIT ( ) SI_UNIT ( $, .RADIAN. ) );
#1564 = EDGE_CURVE ( 'NONE', #3050, #3555, #2421, .T. ) ;
#1565 = SURFACE_STYLE_FILL_AREA ( #477 ) ;
#1566 = ORIENTED_EDGE ( 'NONE', *, *, #2322, .T. ) ;
#1567 = DIRECTION ( 'NONE',  ( 0.000000000000000000, 0.000000000000000000, 1.000000000000000000 ) ) ;
#1568 = DIRECTION ( 'NONE',  ( -0.000000000000000000, 1.000000000000000000, -0.000000000000000000 ) ) ;
#1569 = SURFACE_SIDE_STYLE ('',( #3108 ) ) ;
#1570 = DIRECTION ( 'NONE',  ( 0.000000000000000000, 0.000000000000000000, -1.000000000000000000 ) ) ;
#1571 =( BOUNDED_SURFACE ( )  B_SPLINE_SURFACE ( 3, 3, ( 
 ( #3866, #4562, #913, #884 ),
 ( #3893, #1653, #1299, #4197 ),
 ( #4583, #240, #2741, #570 ),
 ( #1373, #4175, #1321, #154 ) ),
 .UNSPECIFIED., .F., .F., .F. ) 
 B_SPLINE_SURFACE_WITH_KNOTS ( ( 4, 4 ),
 ( 4, 4 ),
 ( 0.000000000000000000, 1.000000000000000000 ),
 ( 0.000000000000000000, 1.000000000000000000 ),
 .UNSPECIFIED. ) 
 GEOMETRIC_REPRESENTATION_ITEM ( )  RATIONAL_B_SPLINE_SURFACE ( (
 ( 1.000000000000000000, 0.8047378541243638272, 0.8047378541243638272, 1.000000000000000000),
 ( 0.3333333333333333703, 0.2682459513747879609, 0.2682459513747879609, 0.3333333333333333703),
 ( 0.3333333333333333703, 0.2682459513747879609, 0.2682459513747879609, 0.3333333333333333703),
 ( 1.000000000000000000, 0.8047378541243638272, 0.8047378541243638272, 1.000000000000000000) ) ) 
 REPRESENTATION_ITEM ( '' )  SURFACE ( )  );
#1572 = SURFACE_SIDE_STYLE ('',( #3378 ) ) ;
#1573 = CARTESIAN_POINT ( 'NONE',  ( 0.000000000000000000, 0.000000000000000000, 0.000000000000000000 ) ) ;
#1574 = ORIENTED_EDGE ( 'NONE', *, *, #4126, .F. ) ;
#1575 = ORIENTED_EDGE ( 'NONE', *, *, #792, .F. ) ;
#1576 =( NAMED_UNIT ( * ) PLANE_ANGLE_UNIT ( ) SI_UNIT ( $, .RADIAN. ) );
#1577 = AXIS2_PLACEMENT_3D ( 'NONE', #3946, #1078, #3509 ) ;
#1578 = ORIENTED_EDGE ( 'NONE', *, *, #254, .T. ) ;
#1579 = AXIS2_PLACEMENT_3D ( 'NONE', #3322, #1843, #4526 ) ;
#1580 = CIRCLE ( 'NONE', #3626, 0.9499600000000134603 ) ;
#1581 = DIRECTION ( 'NONE',  ( -0.3420201433256720991, 0.000000000000000000, 0.9396926207859070956 ) ) ;
#1582 = CARTESIAN_POINT ( 'NONE',  ( 2.074379107781807896, -2.794000000000000039, -0.4000499999999996281 ) ) ;
#1583 = CARTESIAN_POINT ( 'NONE',  ( 0.000000000000000000, 0.000000000000000000, 0.000000000000000000 ) ) ;
#1584 = FACE_OUTER_BOUND ( 'NONE', #3713, .T. ) ;
#1585 = EDGE_CURVE ( 'NONE', #2628, #703, #3429, .T. ) ;
#1586 = VERTEX_POINT ( 'NONE', #3467 ) ;
#1587 = PLANE ( 'NONE',  #1941 ) ;
#1588 = AXIS2_PLACEMENT_3D ( 'NONE', #3725, #4019, #3293 ) ;
#1589 = ORIENTED_EDGE ( 'NONE', *, *, #2266, .T. ) ;
#1590 = DIRECTION ( 'NONE',  ( 0.000000000000000000, -1.000000000000000000, -0.000000000000000000 ) ) ;
#1591 =( GEOMETRIC_REPRESENTATION_CONTEXT ( 3 ) GLOBAL_UNCERTAINTY_ASSIGNED_CONTEXT ( ( #1411 ) ) GLOBAL_UNIT_ASSIGNED_CONTEXT ( ( #4110, #3312, #1924 ) ) REPRESENTATION_CONTEXT ( 'NONE', 'WORKASPACE' ) );
#1592 = PRESENTATION_LAYER_ASSIGNMENT (  '', '', ( #4637 ) ) ;
#1593 = UNCERTAINTY_MEASURE_WITH_UNIT (LENGTH_MEASURE( 1.000000000000000082E-05 ), #3617, 'distance_accuracy_value', 'NONE');
#1594 = CLOSED_SHELL ( 'NONE', ( #4372, #2219, #2012, #685, #4613, #1643, #317, #3964, #3955, #2965, #4716, #3860, #1192, #2128, #1338, #1542, #3388, #3529, #3010, #1425, #84, #1398, #2547, #1218, #3180, #2497, #3303, #85, #839 ) ) ;
#1595 = FILL_AREA_STYLE ('',( #125 ) ) ;
#1596 = DIRECTION ( 'NONE',  ( 1.000000000000000000, 0.000000000000000000, 0.000000000000000000 ) ) ;
#1597 = MECHANICAL_DESIGN_GEOMETRIC_PRESENTATION_REPRESENTATION (  '', ( #2734 ), #1885 ) ;
#1598 = EDGE_CURVE ( 'NONE', #3169, #1176, #3868, .T. ) ;
#1599 = VERTEX_POINT ( 'NONE', #11 ) ;
#1600 = LINE ( 'NONE', #3497, #1521 ) ;
#1601 = ORIENTED_EDGE ( 'NONE', *, *, #2859, .F. ) ;
#1602 = SURFACE_SIDE_STYLE ('',( #445 ) ) ;
#1603 =( LENGTH_UNIT ( ) NAMED_UNIT ( * ) SI_UNIT ( .MILLI., .METRE. ) );
#1604 = PRESENTATION_STYLE_ASSIGNMENT (( #3411 ) ) ;
#1605 = CARTESIAN_POINT ( 'NONE',  ( 4.227651986100122272, -0.6124960277767704797, 0.3062480138883850733 ) ) ;
#1606 = SURFACE_STYLE_FILL_AREA ( #3021 ) ;
#1607 = VECTOR ( 'NONE', #1871, 1000.000000000000227 ) ;
#1608 = CARTESIAN_POINT ( 'NONE',  ( 7.474368307781808163, -2.794000000000000039, -2.139949999999989139 ) ) ;
#1609 = LINE ( 'NONE', #3204, #3917 ) ;
#1610 = VERTEX_POINT ( 'NONE', #2484 ) ;
#1611 = FACE_OUTER_BOUND ( 'NONE', #3451, .T. ) ;
#1612 =( NAMED_UNIT ( * ) SI_UNIT ( $, .STERADIAN. ) SOLID_ANGLE_UNIT ( ) );
#1613 = PRODUCT_RELATED_PRODUCT_CATEGORY ( 'part', '', ( #4243 ) ) ;
#1614 = ORIENTED_EDGE ( 'NONE', *, *, #2471, .F. ) ;
#1615 =( NAMED_UNIT ( * ) PLANE_ANGLE_UNIT ( ) SI_UNIT ( $, .RADIAN. ) );
#1617 = DIRECTION ( 'NONE',  ( 0.000000000000000000, 0.000000000000000000, 1.000000000000000000 ) ) ;
#1616 = FILL_AREA_STYLE ('',( #184 ) ) ;
#1618 = LINE ( 'NONE', #3751, #1212 ) ;
#1619 = DIRECTION ( 'NONE',  ( -0.3420201433256713219, 0.000000000000000000, 0.9396926207859073177 ) ) ;
#1620 = DIRECTION ( 'NONE',  ( 1.000000000000000000, 0.000000000000000000, 0.000000000000000000 ) ) ;
#1621 = EDGE_LOOP ( 'NONE', ( #1562, #1091, #2443, #2974 ) ) ;
#1622 =( LENGTH_UNIT ( ) NAMED_UNIT ( * ) SI_UNIT ( .MILLI., .METRE. ) );
#1623 = EDGE_CURVE ( 'NONE', #3241, #2688, #1013, .T. ) ;
#1624 = ORIENTED_EDGE ( 'NONE', *, *, #1704, .T. ) ;
#1625 = CARTESIAN_POINT ( 'NONE',  ( 3.504373707781806235, 0.000000000000000000, -1.270000000000004903 ) ) ;
#1626 = SURFACE_STYLE_FILL_AREA ( #933 ) ;
#1627 = UNCERTAINTY_MEASURE_WITH_UNIT (LENGTH_MEASURE( 1.000000000000000082E-05 ), #663, 'distance_accuracy_value', 'NONE');
#1628 = CARTESIAN_POINT ( 'NONE',  ( 5.591498816721887977, -0.1251540363239031506, 1.439591381150273016E-19 ) ) ;
#1629 = FILL_AREA_STYLE ('',( #2016 ) ) ;
#1630 = DIRECTION ( 'NONE',  ( 0.9396926207859100932, 0.000000000000000000, 0.3420201433256638834 ) ) ;
#1631 = LINE ( 'NONE', #2916, #598 ) ;
#1632 = VERTEX_POINT ( 'NONE', #3587 ) ;
#1633 = CIRCLE ( 'NONE', #3752, 0.5461000000000006960 ) ;
#1634 = VECTOR ( 'NONE', #2551, 1000.000000000000000 ) ;
#1635 = DIRECTION ( 'NONE',  ( -0.000000000000000000, -1.000000000000000000, -0.000000000000000000 ) ) ;
#1636 = ORIENTED_EDGE ( 'NONE', *, *, #565, .F. ) ;
#1637 = SURFACE_STYLE_FILL_AREA ( #4573 ) ;
#1638 = UNCERTAINTY_MEASURE_WITH_UNIT (LENGTH_MEASURE( 1.000000000000000082E-05 ), #3808, 'distance_accuracy_value', 'NONE');
#1640 = DIRECTION ( 'NONE',  ( 0.000000000000000000, 1.000000000000000000, -0.000000000000000000 ) ) ;
#1639 = DIRECTION ( 'NONE',  ( 0.000000000000000000, -1.000000000000000000, -0.000000000000000000 ) ) ;
#1641 = DIRECTION ( 'NONE',  ( 0.000000000000000000, -1.000000000000000000, 0.000000000000000000 ) ) ;
#1642 = DIRECTION ( 'NONE',  ( -1.000000000000000000, -0.000000000000000000, -0.000000000000000000 ) ) ;
#1643 = ADVANCED_FACE ( 'NONE', ( #2444 ), #255, .T. ) ;
#1644 = ADVANCED_FACE ( 'NONE', ( #4279 ), #726, .F. ) ;
#1645 = ORIENTED_EDGE ( 'NONE', *, *, #3237, .T. ) ;
#1646 = CARTESIAN_POINT ( 'NONE',  ( 4.676140000000003738, -0.6613588167217926417, 1.887862008203631788E-16 ) ) ;
#1647 = SURFACE_SIDE_STYLE ('',( #1694 ) ) ;
#1648 = EDGE_CURVE ( 'NONE', #3442, #2173, #1872, .T. ) ;
#1649 = ORIENTED_EDGE ( 'NONE', *, *, #1119, .F. ) ;
#1650 = CARTESIAN_POINT ( 'NONE',  ( 11.12437370778180679, 2.332957050962901456E-15, -0.3200399999999913869 ) ) ;
#1651 = AXIS2_PLACEMENT_3D ( 'NONE', #4671, #1412, #2867 ) ;
#1652 =( NAMED_UNIT ( * ) PLANE_ANGLE_UNIT ( ) SI_UNIT ( $, .RADIAN. ) );
#1653 = CARTESIAN_POINT ( 'NONE',  ( 4.914765270083355730, -0.2540000000000337543, -0.5080000000001214655 ) ) ;
#1654 = AXIS2_PLACEMENT_3D ( 'NONE', #4257, #1702, #992 ) ;
#1655 = DIRECTION ( 'NONE',  ( -1.000000000000000000, -0.000000000000000000, -0.000000000000000000 ) ) ;
#1656 = AXIS2_PLACEMENT_3D ( 'NONE', #3639, #1570, #3302 ) ;
#1657 = ORIENTED_EDGE ( 'NONE', *, *, #891, .T. ) ;
#1658 = CIRCLE ( 'NONE', #971, 0.9499600000000134603 ) ;
#1659 = SURFACE_STYLE_USAGE ( .BOTH. , #454 ) ;
#1660 = DIRECTION ( 'NONE',  ( 0.000000000000000000, 0.000000000000000000, 1.000000000000000000 ) ) ;
#1661 = ORIENTED_EDGE ( 'NONE', *, *, #1184, .T. ) ;
#1662 = DIRECTION ( 'NONE',  ( -1.000000000000000000, -0.000000000000000000, -0.000000000000000000 ) ) ;
#1663 = VECTOR ( 'NONE', #1475, 1000.000000000000000 ) ;
#1664 = EDGE_CURVE ( 'NONE', #4417, #767, #3787, .T. ) ;
#1665 =( GEOMETRIC_REPRESENTATION_CONTEXT ( 3 ) GLOBAL_UNCERTAINTY_ASSIGNED_CONTEXT ( ( #4259 ) ) GLOBAL_UNIT_ASSIGNED_CONTEXT ( ( #18, #1762, #1149 ) ) REPRESENTATION_CONTEXT ( 'NONE', 'WORKASPACE' ) );
#1666 =( GEOMETRIC_REPRESENTATION_CONTEXT ( 3 ) GLOBAL_UNCERTAINTY_ASSIGNED_CONTEXT ( ( #2683 ) ) GLOBAL_UNIT_ASSIGNED_CONTEXT ( ( #1349, #551, #2404 ) ) REPRESENTATION_CONTEXT ( 'NONE', 'WORKASPACE' ) );
#1667 = FILL_AREA_STYLE ('',( #4208 ) ) ;
#1668 = CARTESIAN_POINT ( 'NONE',  ( 0.9643737077818061998, -0.8940799999999999859, -1.270000000000004903 ) ) ;
#1669 = VECTOR ( 'NONE', #3489, 1000.000000000000000 ) ;
#1670 =( GEOMETRIC_REPRESENTATION_CONTEXT ( 3 ) GLOBAL_UNCERTAINTY_ASSIGNED_CONTEXT ( ( #4695 ) ) GLOBAL_UNIT_ASSIGNED_CONTEXT ( ( #401, #1473, #99 ) ) REPRESENTATION_CONTEXT ( 'NONE', 'WORKASPACE' ) );
#1671 = LINE ( 'NONE', #4598, #2274 ) ;
#1672 = CIRCLE ( 'NONE', #3334, 0.6730999999999820460 ) ;
#1673 = MECHANICAL_DESIGN_GEOMETRIC_PRESENTATION_REPRESENTATION (  '', ( #718 ), #1880 ) ;
#1674 = ORIENTED_EDGE ( 'NONE', *, *, #2967, .F. ) ;
#1675 = DIRECTION ( 'NONE',  ( -0.000000000000000000, -1.000000000000000000, -0.000000000000000000 ) ) ;
#1676 = ORIENTED_EDGE ( 'NONE', *, *, #3117, .T. ) ;
#1677 = PRESENTATION_STYLE_ASSIGNMENT (( #4531 ) ) ;
#1678 = SURFACE_SIDE_STYLE ('',( #786 ) ) ;
#1679 = CARTESIAN_POINT ( 'NONE',  ( 6.044373707781806715, 0.000000000000000000, -2.219960000000018141 ) ) ;
#1680 = ADVANCED_FACE ( 'NONE', ( #1064 ), #2510, .T. ) ;
#1681 = EDGE_CURVE ( 'NONE', #682, #2047, #1499, .T. ) ;
#1682 = DIRECTION ( 'NONE',  ( 0.000000000000000000, -0.000000000000000000, -1.000000000000000000 ) ) ;
#1683 = EDGE_CURVE ( 'NONE', #3609, #700, #773, .T. ) ;
#1684 = ORIENTED_EDGE ( 'NONE', *, *, #170, .T. ) ;
#1685 = LINE ( 'NONE', #4205, #2725 ) ;
#1686 = UNCERTAINTY_MEASURE_WITH_UNIT (LENGTH_MEASURE( 1.000000000000000082E-05 ), #4209, 'distance_accuracy_value', 'NONE');
#1687 =( LENGTH_UNIT ( ) NAMED_UNIT ( * ) SI_UNIT ( .MILLI., .METRE. ) );
#1688 = CARTESIAN_POINT ( 'NONE',  ( 1.549400000044443004, 0.000000000000000000, 0.7391399999789882713 ) ) ;
#1689 = AXIS2_PLACEMENT_3D ( 'NONE', #2032, #1263, #4577 ) ;
#1690 = EDGE_LOOP ( 'NONE', ( #473, #2141 ) ) ;
#1691 = EDGE_CURVE ( 'NONE', #3114, #2520, #2332, .T. ) ;
#1692 = DIRECTION ( 'NONE',  ( 0.000000000000000000, 0.000000000000000000, 1.000000000000000000 ) ) ;
#1693 = VERTEX_POINT ( 'NONE', #3393 ) ;
#1694 = SURFACE_STYLE_FILL_AREA ( #4242 ) ;
#1695 = LINE ( 'NONE', #218, #2147 ) ;
#1696 = DIRECTION ( 'NONE',  ( 1.506739769771851316E-15, 0.000000000000000000, -1.000000000000000000 ) ) ;
#1697 = DIRECTION ( 'NONE',  ( 0.3420201433256667145, 0.000000000000000000, 0.9396926207859090940 ) ) ;
#1698 = SURFACE_STYLE_USAGE ( .BOTH. , #243 ) ;
#1699 = DIRECTION ( 'NONE',  ( 0.000000000000000000, 0.000000000000000000, 1.000000000000000000 ) ) ;
#1700 = EDGE_CURVE ( 'NONE', #1031, #655, #101, .T. ) ;
#1701 = ORIENTED_EDGE ( 'NONE', *, *, #3820, .T. ) ;
#1702 = DIRECTION ( 'NONE',  ( 0.000000000000000000, -1.000000000000000000, 0.000000000000000000 ) ) ;
#1703 = CIRCLE ( 'NONE', #3295, 0.9499600000000134603 ) ;
#1704 = EDGE_CURVE ( 'NONE', #62, #2348, #4021, .T. ) ;
#1706 =( NAMED_UNIT ( * ) PLANE_ANGLE_UNIT ( ) SI_UNIT ( $, .RADIAN. ) );
#1705 =( NAMED_UNIT ( * ) SI_UNIT ( $, .STERADIAN. ) SOLID_ANGLE_UNIT ( ) );
#1707 = LINE ( 'NONE', #3148, #829 ) ;
#1708 = STYLED_ITEM ( 'NONE', ( #2076 ), #2723 ) ;
#1709 = VERTEX_POINT ( 'NONE', #3685 ) ;
#1710 = PLANE ( 'NONE',  #1920 ) ;
#1711 = PRESENTATION_LAYER_ASSIGNMENT (  '', '', ( #3914 ) ) ;
#1712 = PRESENTATION_STYLE_ASSIGNMENT (( #1021 ) ) ;
#1713 = CARTESIAN_POINT ( 'NONE',  ( 0.7620000000000265450, 0.000000000000000000, 0.000000000000000000 ) ) ;
#1714 = FACE_OUTER_BOUND ( 'NONE', #3447, .T. ) ;
#1715 = DIRECTION ( 'NONE',  ( 0.000000000000000000, 0.000000000000000000, 1.000000000000000000 ) ) ;
#1716 = AXIS2_PLACEMENT_3D ( 'NONE', #3336, #64, #2968 ) ;
#1717 = SURFACE_STYLE_USAGE ( .BOTH. , #2746 ) ;
#1718 = AXIS2_PLACEMENT_3D ( 'NONE', #680, #1010, #2122 ) ;
#1719 = STYLED_ITEM ( 'NONE', ( #1426 ), #2012 ) ;
#1720 = DIRECTION ( 'NONE',  ( 0.3420201433256630508, 0.000000000000000000, -0.9396926207859104263 ) ) ;
#1721 = ORIENTED_EDGE ( 'NONE', *, *, #2996, .F. ) ;
#1722 = VERTEX_POINT ( 'NONE', #757 ) ;
#1723 = UNCERTAINTY_MEASURE_WITH_UNIT (LENGTH_MEASURE( 1.000000000000000082E-05 ), #1998, 'distance_accuracy_value', 'NONE');
#1724 = STYLED_ITEM ( 'NONE', ( #918 ), #4372 ) ;
#1725 = CARTESIAN_POINT ( 'NONE',  ( 10.01436830778180820, -2.794000000000000039, -0.4000499999999996281 ) ) ;
#1726 = ORIENTED_EDGE ( 'NONE', *, *, #4442, .T. ) ;
#1727 = FACE_OUTER_BOUND ( 'NONE', #2088, .T. ) ;
#1728 = APPLICATION_PROTOCOL_DEFINITION ( 'draft international standard', 'automotive_design', 1998, #4052 ) ;
#1729 = VECTOR ( 'NONE', #2469, 1000.000000000000000 ) ;
#1730 = DIRECTION ( 'NONE',  ( -0.3420201433257819001, 0.000000000000000000, 0.9396926207858671276 ) ) ;
#1731 = FILL_AREA_STYLE_COLOUR ( '', #2172 ) ;
#1732 = PRESENTATION_LAYER_ASSIGNMENT (  '', '', ( #1051 ) ) ;
#1733 =( GEOMETRIC_REPRESENTATION_CONTEXT ( 3 ) GLOBAL_UNCERTAINTY_ASSIGNED_CONTEXT ( ( #1723 ) ) GLOBAL_UNIT_ASSIGNED_CONTEXT ( ( #1998, #2767, #1399 ) ) REPRESENTATION_CONTEXT ( 'NONE', 'WORKASPACE' ) );
#1734 = EDGE_CURVE ( 'NONE', #6, #1548, #976, .T. ) ;
#1735 = CARTESIAN_POINT ( 'NONE',  ( 4.676140000000003738, 0.000000000000000000, 0.000000000000000000 ) ) ;
#1736 =( NAMED_UNIT ( * ) PLANE_ANGLE_UNIT ( ) SI_UNIT ( $, .RADIAN. ) );
#1737 = STYLED_ITEM ( 'NONE', ( #1291 ), #2630 ) ;
#1738 = ORIENTED_EDGE ( 'NONE', *, *, #4147, .T. ) ;
#1739 = VECTOR ( 'NONE', #3416, 1000.000000000000000 ) ;
#1740 = CARTESIAN_POINT ( 'NONE',  ( 6.044373707781806715, -0.8940799999999984315, -1.270000000000004903 ) ) ;
#1741 = STYLED_ITEM ( 'NONE', ( #2050 ), #3466 ) ;
#1742 = DIRECTION ( 'NONE',  ( 0.000000000000000000, 0.000000000000000000, -1.000000000000000000 ) ) ;
#1743 = CARTESIAN_POINT ( 'NONE',  ( 9.548772815563612681, -2.794000000000000039, -2.539999999999993374 ) ) ;
#1744 = CARTESIAN_POINT ( 'NONE',  ( 4.227651986100122272, 0.6124960277767703687, -0.3062480138883851843 ) ) ;
#1745 = SURFACE_SIDE_STYLE ('',( #4660 ) ) ;
#1746 = ORIENTED_EDGE ( 'NONE', *, *, #2329, .T. ) ;
#1747 = VECTOR ( 'NONE', #828, 1000.000000000000000 ) ;
#1748 = EDGE_LOOP ( 'NONE', ( #462, #866, #3218, #363 ) ) ;
#1749 = FILL_AREA_STYLE ('',( #2456 ) ) ;
#1750 = ORIENTED_EDGE ( 'NONE', *, *, #2962, .F. ) ;
#1751 = AXIS2_PLACEMENT_3D ( 'NONE', #621, #3891, #2013 ) ;
#1752 =( LENGTH_UNIT ( ) NAMED_UNIT ( * ) SI_UNIT ( .MILLI., .METRE. ) );
#1753 = COLOUR_RGB ( '',0.8000000000000000444, 0.8039215686274510109, 0.8000000000000000444 ) ;
#1754 = CARTESIAN_POINT ( 'NONE',  ( 7.619974600000002596, -2.794000000000000039, -3.677412264999278729E-17 ) ) ;
#1755 =( LENGTH_UNIT ( ) NAMED_UNIT ( * ) SI_UNIT ( .MILLI., .METRE. ) );
#1756 = DIRECTION ( 'NONE',  ( -1.000000000000000000, 0.000000000000000000, -0.000000000000000000 ) ) ;
#1757 = EDGE_CURVE ( 'NONE', #455, #1251, #850, .T. ) ;
#1758 = ORIENTED_EDGE ( 'NONE', *, *, #1384, .F. ) ;
#1759 = CARTESIAN_POINT ( 'NONE',  ( 7.154379107781808855, 0.000000000000000000, -2.139949999999988695 ) ) ;
#1760 = LINE ( 'NONE', #2522, #2100 ) ;
#1761 = VECTOR ( 'NONE', #295, 1000.000000000000000 ) ;
#1762 =( NAMED_UNIT ( * ) PLANE_ANGLE_UNIT ( ) SI_UNIT ( $, .RADIAN. ) );
#1763 = PRESENTATION_STYLE_ASSIGNMENT (( #298 ) ) ;
#1764 = ORIENTED_EDGE ( 'NONE', *, *, #3371, .F. ) ;
#1765 = ORIENTED_EDGE ( 'NONE', *, *, #838, .T. ) ;
#1766 = EDGE_LOOP ( 'NONE', ( #596, #2813, #4713, #2361 ) ) ;
#1767 =( NAMED_UNIT ( * ) PLANE_ANGLE_UNIT ( ) SI_UNIT ( $, .RADIAN. ) );
#1768 = UNCERTAINTY_MEASURE_WITH_UNIT (LENGTH_MEASURE( 1.000000000000000082E-05 ), #1083, 'distance_accuracy_value', 'NONE');
#1769 = ADVANCED_FACE ( 'NONE', ( #2587 ), #3727, .F. ) ;
#1771 = DIRECTION ( 'NONE',  ( -0.000000000000000000, 1.000000000000000000, -0.000000000000000000 ) ) ;
#1770 = DIRECTION ( 'NONE',  ( 0.000000000000000000, 0.000000000000000000, 1.000000000000000000 ) ) ;
#1772 = VECTOR ( 'NONE', #3908, 1000.000000000000000 ) ;
#1773 = AXIS2_PLACEMENT_3D ( 'NONE', #1203, #3542, #3134 ) ;
#1774 = EDGE_CURVE ( 'NONE', #279, #3008, #1685, .T. ) ;
#1775 = FILL_AREA_STYLE_COLOUR ( '', #336 ) ;
#1776 = FILL_AREA_STYLE ('',( #762 ) ) ;
#1777 = AXIS2_PLACEMENT_3D ( 'NONE', #3379, #1190, #3401 ) ;
#1778 = ORIENTED_EDGE ( 'NONE', *, *, #2902, .F. ) ;
#1779 = EDGE_CURVE ( 'NONE', #3700, #4700, #2003, .T. ) ;
#1780 = SURFACE_STYLE_USAGE ( .BOTH. , #1073 ) ;
#1781 = COLOUR_RGB ( '',0.8000000000000000444, 0.8039215686274510109, 0.8000000000000000444 ) ;
#1782 = CARTESIAN_POINT ( 'NONE',  ( 2.394368307781808092, -2.794000000000000039, -2.139949999999988695 ) ) ;
#1783 = LINE ( 'NONE', #4595, #1018 ) ;
#1784 = DIRECTION ( 'NONE',  ( -0.000000000000000000, 1.000000000000000000, -0.000000000000000000 ) ) ;
#1785 = ORIENTED_EDGE ( 'NONE', *, *, #3821, .F. ) ;
#1786 = VERTEX_POINT ( 'NONE', #2337 ) ;
#1787 = DIRECTION ( 'NONE',  ( -0.000000000000000000, 1.000000000000000000, -0.000000000000000000 ) ) ;
#1788 = DIRECTION ( 'NONE',  ( 0.000000000000000000, 0.000000000000000000, 1.000000000000000000 ) ) ;
#1789 = DIRECTION ( 'NONE',  ( -1.000000000000000000, -0.000000000000000000, -0.000000000000000000 ) ) ;
#1790 = CIRCLE ( 'NONE', #2401, 0.2540000000000609548 ) ;
#1791 = VERTEX_POINT ( 'NONE', #4496 ) ;
#1792 = DIRECTION ( 'NONE',  ( 0.000000000000000000, 0.000000000000000000, 1.000000000000000000 ) ) ;
#1793 = PRESENTATION_STYLE_ASSIGNMENT (( #4693 ) ) ;
#1794 = AXIS2_PLACEMENT_3D ( 'NONE', #4558, #910, #3199 ) ;
#1795 = MECHANICAL_DESIGN_GEOMETRIC_PRESENTATION_REPRESENTATION (  '', ( #969 ), #2175 ) ;
#1796 =( NAMED_UNIT ( * ) PLANE_ANGLE_UNIT ( ) SI_UNIT ( $, .RADIAN. ) );
#1797 =( GEOMETRIC_REPRESENTATION_CONTEXT ( 3 ) GLOBAL_UNCERTAINTY_ASSIGNED_CONTEXT ( ( #2467 ) ) GLOBAL_UNIT_ASSIGNED_CONTEXT ( ( #4686, #4612, #3874 ) ) REPRESENTATION_CONTEXT ( 'NONE', 'WORKASPACE' ) );
#1798 = CYLINDRICAL_SURFACE ( 'NONE', #1943, 0.5461000000000006960 ) ;
#1799 = DIRECTION ( 'NONE',  ( 0.000000000000000000, 1.000000000000000000, -0.000000000000000000 ) ) ;
#1800 = EDGE_LOOP ( 'NONE', ( #3431, #4641 ) ) ;
#1801 = MECHANICAL_DESIGN_GEOMETRIC_PRESENTATION_REPRESENTATION (  '', ( #2486 ), #3329 ) ;
#1802 = MECHANICAL_DESIGN_GEOMETRIC_PRESENTATION_REPRESENTATION (  '', ( #3017 ), #2566 ) ;
#1803 = PRESENTATION_LAYER_ASSIGNMENT (  '', '', ( #1210 ) ) ;
#1804 = SURFACE_SIDE_STYLE ('',( #1050 ) ) ;
#1805 = PRESENTATION_LAYER_ASSIGNMENT (  '', '', ( #1213 ) ) ;
#1806 = DIRECTION ( 'NONE',  ( 0.000000000000000000, 0.000000000000000000, 1.000000000000000000 ) ) ;
#1807 = DIRECTION ( 'NONE',  ( 0.000000000000000000, 0.000000000000000000, 1.000000000000000000 ) ) ;
#1808 = FACE_OUTER_BOUND ( 'NONE', #3125, .T. ) ;
#1809 = EDGE_CURVE ( 'NONE', #3683, #930, #966, .T. ) ;
#1810 = DIRECTION ( 'NONE',  ( -1.000000000000000000, -0.000000000000000000, -0.000000000000000000 ) ) ;
#1811 = ORIENTED_EDGE ( 'NONE', *, *, #2322, .F. ) ;
#1812 = ORIENTED_EDGE ( 'NONE', *, *, #2902, .T. ) ;
#1813 = CARTESIAN_POINT ( 'NONE',  ( 1.689543707781819615, -0.8940799999999993197, -1.270000000000004903 ) ) ;
#1814 = EDGE_CURVE ( 'NONE', #3609, #2372, #4479, .T. ) ;
#1815 = DIRECTION ( 'NONE',  ( -0.3420201433256694901, 0.000000000000000000, -0.9396926207859080948 ) ) ;
#1816 =( NAMED_UNIT ( * ) PLANE_ANGLE_UNIT ( ) SI_UNIT ( $, .RADIAN. ) );
#1817 = ORIENTED_EDGE ( 'NONE', *, *, #435, .T. ) ;
#1818 = DIRECTION ( 'NONE',  ( -0.000000000000000000, 1.000000000000000000, -0.000000000000000000 ) ) ;
#1819 = APPLICATION_CONTEXT ( 'automotive_design' ) ;
#1820 = UNCERTAINTY_MEASURE_WITH_UNIT (LENGTH_MEASURE( 1.000000000000000082E-05 ), #1189, 'distance_accuracy_value', 'NONE');
#1822 = DIRECTION ( 'NONE',  ( -0.000000000000000000, 1.000000000000000000, -0.000000000000000000 ) ) ;
#1821 = CARTESIAN_POINT ( 'NONE',  ( -0.3056262922181931518, -2.794000000000000039, -2.139949999999997132 ) ) ;
#1823 =( LENGTH_UNIT ( ) NAMED_UNIT ( * ) SI_UNIT ( .MILLI., .METRE. ) );
#1824 = EDGE_CURVE ( 'NONE', #2509, #618, #3055, .T. ) ;
#1825 = FACE_OUTER_BOUND ( 'NONE', #4194, .T. ) ;
#1826 = ORIENTED_EDGE ( 'NONE', *, *, #983, .T. ) ;
#1827 = CIRCLE ( 'NONE', #620, 0.7251700000000131929 ) ;
#1828 = CARTESIAN_POINT ( 'NONE',  ( 8.584373707781805862, 0.000000000000000000, -1.270000000000004903 ) ) ;
#1829 = DIRECTION ( 'NONE',  ( 0.000000000000000000, 0.000000000000000000, 1.000000000000000000 ) ) ;
#1830 = VERTEX_POINT ( 'NONE', #921 ) ;
#1831 = FILL_AREA_STYLE ('',( #3511 ) ) ;
#1832 = CARTESIAN_POINT ( 'NONE',  ( 9.694379107781808003, -2.794000000000000039, -2.139949999999988695 ) ) ;
#1833 = FILL_AREA_STYLE ('',( #2114 ) ) ;
#1834 = CARTESIAN_POINT ( 'NONE',  ( 12.08874741556367738, -2.794000000000000039, -2.539999999999978719 ) ) ;
#1835 = ORIENTED_EDGE ( 'NONE', *, *, #746, .F. ) ;
#1836 = VERTEX_POINT ( 'NONE', #505 ) ;
#1837 = FILL_AREA_STYLE_COLOUR ( '', #2038 ) ;
#1838 = CARTESIAN_POINT ( 'NONE',  ( 0.000000000000000000, -2.794000000000000039, 0.000000000000000000 ) ) ;
#1839 = EDGE_CURVE ( 'NONE', #1464, #528, #4590, .T. ) ;
#1840 = PRESENTATION_STYLE_ASSIGNMENT (( #75 ) ) ;
#1841 = ORIENTED_EDGE ( 'NONE', *, *, #2962, .T. ) ;
#1842 = CARTESIAN_POINT ( 'NONE',  ( 3.708400000000000141, 0.000000000000000000, 0.000000000000000000 ) ) ;
#1843 = DIRECTION ( 'NONE',  ( -0.9396926207859095381, 0.000000000000000000, -0.3420201433256656598 ) ) ;
#1845 = SURFACE_SIDE_STYLE ('',( #406 ) ) ;
#1844 =( LENGTH_UNIT ( ) NAMED_UNIT ( * ) SI_UNIT ( .MILLI., .METRE. ) );
#1846 = STYLED_ITEM ( 'NONE', ( #148 ), #3010 ) ;
#1847 = MECHANICAL_DESIGN_GEOMETRIC_PRESENTATION_REPRESENTATION (  '', ( #3376 ), #1999 ) ;
#1848 = SURFACE_STYLE_FILL_AREA ( #389 ) ;
#1849 = ADVANCED_FACE ( 'NONE', ( #1825 ), #2960, .F. ) ;
#1850 = SURFACE_SIDE_STYLE ('',( #465 ) ) ;
#1851 = CARTESIAN_POINT ( 'NONE',  ( 3.860800000000025101, 0.000000000000000000, 0.000000000000000000 ) ) ;
#1852 = PLANE ( 'NONE',  #3321 ) ;
#1853 =( GEOMETRIC_REPRESENTATION_CONTEXT ( 3 ) GLOBAL_UNCERTAINTY_ASSIGNED_CONTEXT ( ( #4072 ) ) GLOBAL_UNIT_ASSIGNED_CONTEXT ( ( #4013, #2476, #1401 ) ) REPRESENTATION_CONTEXT ( 'NONE', 'WORKASPACE' ) );
#1854 =( NAMED_UNIT ( * ) PLANE_ANGLE_UNIT ( ) SI_UNIT ( $, .RADIAN. ) );
#1855 = ORIENTED_EDGE ( 'NONE', *, *, #2366, .F. ) ;
#1856 = VERTEX_POINT ( 'NONE', #3031 ) ;
#1857 = DIRECTION ( 'NONE',  ( 0.000000000000000000, -1.000000000000000000, 0.000000000000000000 ) ) ;
#1858 = CARTESIAN_POINT ( 'NONE',  ( 4.614379107781807932, -2.794000000000000039, -2.139949999999988695 ) ) ;
#1859 = FACE_OUTER_BOUND ( 'NONE', #328, .T. ) ;
#1860 = ORIENTED_EDGE ( 'NONE', *, *, #3150, .T. ) ;
#1861 = AXIS2_PLACEMENT_3D ( 'NONE', #458, #1530, #832 ) ;
#1863 = CARTESIAN_POINT ( 'NONE',  ( 3.708400000000000141, 0.000000000000000000, 0.000000000000000000 ) ) ;
#1862 =( NAMED_UNIT ( * ) PLANE_ANGLE_UNIT ( ) SI_UNIT ( $, .RADIAN. ) );
#1864 = FILL_AREA_STYLE ('',( #4371 ) ) ;
#1865 = AXIS2_PLACEMENT_3D ( 'NONE', #1284, #3776, #2362 ) ;
#1866 = EDGE_CURVE ( 'NONE', #767, #4417, #3714, .T. ) ;
#1867 = SURFACE_STYLE_USAGE ( .BOTH. , #409 ) ;
#1868 = ORIENTED_EDGE ( 'NONE', *, *, #344, .F. ) ;
#1869 = PRESENTATION_LAYER_ASSIGNMENT (  '', '', ( #2855 ) ) ;
#1870 = EDGE_CURVE ( 'NONE', #2660, #215, #2023, .T. ) ;
#1871 = DIRECTION ( 'NONE',  ( 0.3420201433256644941, 0.000000000000000000, 0.9396926207859098712 ) ) ;
#1873 =( LENGTH_UNIT ( ) NAMED_UNIT ( * ) SI_UNIT ( .MILLI., .METRE. ) );
#1872 = CIRCLE ( 'NONE', #1124, 0.7251700000000131929 ) ;
#1874 = AXIS2_PLACEMENT_3D ( 'NONE', #695, #4009, #392 ) ;
#1875 = CIRCLE ( 'NONE', #1048, 0.9499600000000134603 ) ;
#1876 = CARTESIAN_POINT ( 'NONE',  ( -0.3056262922181931518, -2.794000000000000039, -0.4000499999999999057 ) ) ;
#1877 = CARTESIAN_POINT ( 'NONE',  ( 4.490320489685463379, -0.5080000000001052562, -0.2540000000000527391 ) ) ;
#1878 =( LENGTH_UNIT ( ) NAMED_UNIT ( * ) SI_UNIT ( .MILLI., .METRE. ) );
#1879 = PRESENTATION_LAYER_ASSIGNMENT (  '', '', ( #2490 ) ) ;
#1880 =( GEOMETRIC_REPRESENTATION_CONTEXT ( 3 ) GLOBAL_UNCERTAINTY_ASSIGNED_CONTEXT ( ( #1220 ) ) GLOBAL_UNIT_ASSIGNED_CONTEXT ( ( #1752, #492, #2694 ) ) REPRESENTATION_CONTEXT ( 'NONE', 'WORKASPACE' ) );
#1881 = DIRECTION ( 'NONE',  ( 0.000000000000000000, 0.000000000000000000, 1.000000000000000000 ) ) ;
#1882 = DIRECTION ( 'NONE',  ( -1.000000000000000000, -0.000000000000000000, -0.000000000000000000 ) ) ;
#1883 = VERTEX_POINT ( 'NONE', #1258 ) ;
#1884 = ORIENTED_EDGE ( 'NONE', *, *, #845, .F. ) ;
#1885 =( GEOMETRIC_REPRESENTATION_CONTEXT ( 3 ) GLOBAL_UNCERTAINTY_ASSIGNED_CONTEXT ( ( #182 ) ) GLOBAL_UNIT_ASSIGNED_CONTEXT ( ( #2856, #424, #2236 ) ) REPRESENTATION_CONTEXT ( 'NONE', 'WORKASPACE' ) );
#1886 = DIRECTION ( 'NONE',  ( 0.9396926207859080948, 0.000000000000000000, -0.3420201433256694901 ) ) ;
#1887 = DIRECTION ( 'NONE',  ( -0.3420201433256692125, 0.000000000000000000, -0.9396926207859082059 ) ) ;
#1888 = EDGE_LOOP ( 'NONE', ( #3922, #1989, #632, #2213 ) ) ;
#1889 = SURFACE_STYLE_FILL_AREA ( #4047 ) ;
#1890 = AXIS2_PLACEMENT_3D ( 'NONE', #3365, #529, #3343 ) ;
#1891 = DIRECTION ( 'NONE',  ( 0.000000000000000000, 0.000000000000000000, 1.000000000000000000 ) ) ;
#1892 = PRESENTATION_STYLE_ASSIGNMENT (( #760 ) ) ;
#1893 = SURFACE_STYLE_FILL_AREA ( #4500 ) ;
#1894 = DIRECTION ( 'NONE',  ( -1.000000000000000000, 0.000000000000000000, -3.491481338843133355E-15 ) ) ;
#1895 = ORIENTED_EDGE ( 'NONE', *, *, #979, .T. ) ;
#1896 = DIRECTION ( 'NONE',  ( 1.000000000000000000, 0.000000000000000000, -0.000000000000000000 ) ) ;
#1897 =( GEOMETRIC_REPRESENTATION_CONTEXT ( 3 ) GLOBAL_UNCERTAINTY_ASSIGNED_CONTEXT ( ( #3637 ) ) GLOBAL_UNIT_ASSIGNED_CONTEXT ( ( #842, #1919, #2040 ) ) REPRESENTATION_CONTEXT ( 'NONE', 'WORKASPACE' ) );
#1898 = EDGE_CURVE ( 'NONE', #2166, #71, #2256, .T. ) ;
#1899 = CARTESIAN_POINT ( 'NONE',  ( 5.591498816721885312, -0.6613588167217958613, 0.5080000000001224647 ) ) ;
#1900 = LINE ( 'NONE', #2623, #2492 ) ;
#1901 = DIRECTION ( 'NONE',  ( 0.000000000000000000, 0.000000000000000000, 1.000000000000000000 ) ) ;
#1902 = FILL_AREA_STYLE ('',( #450 ) ) ;
#1903 = ORIENTED_EDGE ( 'NONE', *, *, #2511, .T. ) ;
#1904 = VERTEX_POINT ( 'NONE', #3879 ) ;
#1905 = CARTESIAN_POINT ( 'NONE',  ( 3.860800000000025101, 0.000000000000000000, 0.6731000000126108329 ) ) ;
#1906 = CARTESIAN_POINT ( 'NONE',  ( 0.000000000000000000, -2.794000000000000039, 0.000000000000000000 ) ) ;
#1907 = VERTEX_POINT ( 'NONE', #206 ) ;
#1908 = CARTESIAN_POINT ( 'NONE',  ( 0.9643737077818061998, 0.000000000000000000, -0.3200399999999913869 ) ) ;
#1909 = FACE_OUTER_BOUND ( 'NONE', #3910, .T. ) ;
#1910 = UNCERTAINTY_MEASURE_WITH_UNIT (LENGTH_MEASURE( 1.000000000000000082E-05 ), #4508, 'distance_accuracy_value', 'NONE');
#1912 = PRESENTATION_STYLE_ASSIGNMENT (( #4426 ) ) ;
#1911 = SURFACE_SIDE_STYLE ('',( #2220 ) ) ;
#1913 = CARTESIAN_POINT ( 'NONE',  ( 3.504373707781806235, -0.8940799999999999859, -0.5448299999999917098 ) ) ;
#1914 = EDGE_LOOP ( 'NONE', ( #2882, #1204, #1940, #2117 ) ) ;
#1915 = EDGE_CURVE ( 'NONE', #3853, #1386, #578, .T. ) ;
#1916 = AXIS2_PLACEMENT_3D ( 'NONE', #3814, #1946, #3500 ) ;
#1917 = EDGE_CURVE ( 'NONE', #159, #552, #1327, .T. ) ;
#1918 = ORIENTED_EDGE ( 'NONE', *, *, #799, .T. ) ;
#1919 =( NAMED_UNIT ( * ) PLANE_ANGLE_UNIT ( ) SI_UNIT ( $, .RADIAN. ) );
#1920 = AXIS2_PLACEMENT_3D ( 'NONE', #2957, #1459, #4075 ) ;
#1921 = CARTESIAN_POINT ( 'NONE',  ( 7.154379107781808855, -2.794000000000000039, -2.139949999999988695 ) ) ;
#1922 = DIRECTION ( 'NONE',  ( 0.000000000000000000, 0.000000000000000000, 1.000000000000000000 ) ) ;
#1923 = AXIS2_PLACEMENT_3D ( 'NONE', #687, #3889, #2101 ) ;
#1924 =( NAMED_UNIT ( * ) SI_UNIT ( $, .STERADIAN. ) SOLID_ANGLE_UNIT ( ) );
#1925 = SURFACE_SIDE_STYLE ('',( #3742 ) ) ;
#1926 = ORIENTED_EDGE ( 'NONE', *, *, #1564, .F. ) ;
#1927 = CARTESIAN_POINT ( 'NONE',  ( 5.079974600000002560, 0.000000000000000000, 0.000000000000000000 ) ) ;
#1928 = LINE ( 'NONE', #3744, #3243 ) ;
#1929 = CARTESIAN_POINT ( 'NONE',  ( 9.694379107781808003, -2.794000000000000039, -2.139949999999988695 ) ) ;
#1930 = ORIENTED_EDGE ( 'NONE', *, *, #3507, .F. ) ;
#1931 = DIRECTION ( 'NONE',  ( 1.000000000000000000, 0.000000000000000000, -0.000000000000000000 ) ) ;
#1933 = FACE_BOUND ( 'NONE', #1135, .T. ) ;
#1932 = SURFACE_STYLE_FILL_AREA ( #1667 ) ;
#1934 = DIRECTION ( 'NONE',  ( -0.000000000000000000, 1.000000000000000000, -0.000000000000000000 ) ) ;
#1935 = VECTOR ( 'NONE', #2621, 1000.000000000000227 ) ;
#1936 =( NAMED_UNIT ( * ) SI_UNIT ( $, .STERADIAN. ) SOLID_ANGLE_UNIT ( ) );
#1937 = ORIENTED_EDGE ( 'NONE', *, *, #4352, .F. ) ;
#1938 = STYLED_ITEM ( 'NONE', ( #3195 ), #4213 ) ;
#1939 = SURFACE_STYLE_USAGE ( .BOTH. , #880 ) ;
#1940 = ORIENTED_EDGE ( 'NONE', *, *, #3816, .T. ) ;
#1941 = AXIS2_PLACEMENT_3D ( 'NONE', #1906, #4568, #2359 ) ;
#1942 = STYLED_ITEM ( 'NONE', ( #3454 ), #119 ) ;
#1943 = AXIS2_PLACEMENT_3D ( 'NONE', #4281, #3255, #3201 ) ;
#1944 = DIRECTION ( 'NONE',  ( -1.000000000000000000, -0.000000000000000000, -0.000000000000000000 ) ) ;
#1945 = VECTOR ( 'NONE', #2891, 1000.000000000000227 ) ;
#1946 = DIRECTION ( 'NONE',  ( -1.000000000000000000, -0.000000000000000000, -0.000000000000000000 ) ) ;
#1947 = DIRECTION ( 'NONE',  ( -0.9659258262801124761, 0.000000000000000000, 0.2588190451359443922 ) ) ;
#1948 = ORIENTED_EDGE ( 'NONE', *, *, #2195, .T. ) ;
#1949 = PRESENTATION_LAYER_ASSIGNMENT (  '', '', ( #2024 ) ) ;
#1950 = PLANE ( 'NONE',  #4099 ) ;
#1951 = CARTESIAN_POINT ( 'NONE',  ( 2.394368307781808092, -2.794000000000000039, -2.139949999999989139 ) ) ;
#1952 =( GEOMETRIC_REPRESENTATION_CONTEXT ( 3 ) GLOBAL_UNCERTAINTY_ASSIGNED_CONTEXT ( ( #1768 ) ) GLOBAL_UNIT_ASSIGNED_CONTEXT ( ( #1083, #2534, #2263 ) ) REPRESENTATION_CONTEXT ( 'NONE', 'WORKASPACE' ) );
#1953 =( GEOMETRIC_REPRESENTATION_CONTEXT ( 3 ) GLOBAL_UNCERTAINTY_ASSIGNED_CONTEXT ( ( #4546 ) ) GLOBAL_UNIT_ASSIGNED_CONTEXT ( ( #2879, #4037, #345 ) ) REPRESENTATION_CONTEXT ( 'NONE', 'WORKASPACE' ) );
#1954 = EDGE_CURVE ( 'NONE', #1420, #3805, #2772, .T. ) ;
#1955 = FILL_AREA_STYLE ('',( #3822 ) ) ;
#1956 = ORIENTED_EDGE ( 'NONE', *, *, #770, .T. ) ;
#1957 = DIRECTION ( 'NONE',  ( -0.000000000000000000, 1.000000000000000000, -0.000000000000000000 ) ) ;
#1958 = VECTOR ( 'NONE', #1233, 1000.000000000000000 ) ;
#1959 = ADVANCED_FACE ( 'NONE', ( #3424 ), #3105, .F. ) ;
#1960 = CIRCLE ( 'NONE', #2572, 0.4027897551850400659 ) ;
#1961 = VECTOR ( 'NONE', #4148, 1000.000000000000000 ) ;
#1963 = LINE ( 'NONE', #2341, #2226 ) ;
#1962 =( NAMED_UNIT ( * ) SI_UNIT ( $, .STERADIAN. ) SOLID_ANGLE_UNIT ( ) );
#1964 = CARTESIAN_POINT ( 'NONE',  ( 1.549400000044443004, 9.051854350960427117E-17, -0.7391399999789882713 ) ) ;
#1965 = COLOUR_RGB ( '',0.4941176470588235503, 0.4941176470588235503, 0.4941176470588235503 ) ;
#1966 = DIRECTION ( 'NONE',  ( -0.7071067811865474617, 0.000000000000000000, 0.7071067811865474617 ) ) ;
#1967 =( LENGTH_UNIT ( ) NAMED_UNIT ( * ) SI_UNIT ( .MILLI., .METRE. ) );
#1968 = EDGE_LOOP ( 'NONE', ( #2468, #3011 ) ) ;
#1969 = FACE_OUTER_BOUND ( 'NONE', #3104, .T. ) ;
#1970 = LINE ( 'NONE', #3890, #3755 ) ;
#1971 = ORIENTED_EDGE ( 'NONE', *, *, #2394, .T. ) ;
#1972 =( NAMED_UNIT ( * ) PLANE_ANGLE_UNIT ( ) SI_UNIT ( $, .RADIAN. ) );
#1973 = CARTESIAN_POINT ( 'NONE',  ( 2.074379107781807896, -2.794000000000000039, -0.4000499999999996281 ) ) ;
#1974 = DIRECTION ( 'NONE',  ( 0.000000000000000000, 0.000000000000000000, 1.000000000000000000 ) ) ;
#1975 =( NAMED_UNIT ( * ) PLANE_ANGLE_UNIT ( ) SI_UNIT ( $, .RADIAN. ) );
#1976 = EDGE_LOOP ( 'NONE', ( #837, #3654, #1676, #224 ) ) ;
#1977 = SURFACE_STYLE_FILL_AREA ( #2358 ) ;
#1978 = DIRECTION ( 'NONE',  ( -0.3420201433256694901, 0.000000000000000000, -0.9396926207859080948 ) ) ;
#1979 = EDGE_CURVE ( 'NONE', #2660, #2235, #2504, .T. ) ;
#1980 = ADVANCED_FACE ( 'NONE', ( #1353 ), #2477, .F. ) ;
#1981 = DIRECTION ( 'NONE',  ( -0.000000000000000000, 1.000000000000000000, -0.000000000000000000 ) ) ;
#1982 = ORIENTED_EDGE ( 'NONE', *, *, #1333, .F. ) ;
#1983 = DIRECTION ( 'NONE',  ( 0.000000000000000000, -1.000000000000000000, 0.000000000000000000 ) ) ;
#1984 = EDGE_CURVE ( 'NONE', #1302, #870, #1274, .T. ) ;
#1985 = CARTESIAN_POINT ( 'NONE',  ( 2.394368307781808092, 1.084202172485504434E-16, -0.4000499999999996836 ) ) ;
#1986 = LINE ( 'NONE', #1035, #4171 ) ;
#1988 =( GEOMETRIC_REPRESENTATION_CONTEXT ( 3 ) GLOBAL_UNCERTAINTY_ASSIGNED_CONTEXT ( ( #1259 ) ) GLOBAL_UNIT_ASSIGNED_CONTEXT ( ( #622, #2521, #3915 ) ) REPRESENTATION_CONTEXT ( 'NONE', 'WORKASPACE' ) );
#1987 = SURFACE_STYLE_USAGE ( .BOTH. , #952 ) ;
#1989 = ORIENTED_EDGE ( 'NONE', *, *, #2690, .T. ) ;
#1990 =( NAMED_UNIT ( * ) PLANE_ANGLE_UNIT ( ) SI_UNIT ( $, .RADIAN. ) );
#1991 =( NAMED_UNIT ( * ) PLANE_ANGLE_UNIT ( ) SI_UNIT ( $, .RADIAN. ) );
#1992 = ORIENTED_EDGE ( 'NONE', *, *, #1540, .F. ) ;
#1993 = UNCERTAINTY_MEASURE_WITH_UNIT (LENGTH_MEASURE( 1.000000000000000082E-05 ), #3770, 'distance_accuracy_value', 'NONE');
#1994 = SURFACE_STYLE_FILL_AREA ( #859 ) ;
#1995 =( LENGTH_UNIT ( ) NAMED_UNIT ( * ) SI_UNIT ( .MILLI., .METRE. ) );
#1996 = EDGE_LOOP ( 'NONE', ( #931, #1532, #3949, #2604 ) ) ;
#1997 = CIRCLE ( 'NONE', #95, 0.2540000000000609548 ) ;
#1998 =( LENGTH_UNIT ( ) NAMED_UNIT ( * ) SI_UNIT ( .MILLI., .METRE. ) );
#1999 =( GEOMETRIC_REPRESENTATION_CONTEXT ( 3 ) GLOBAL_UNCERTAINTY_ASSIGNED_CONTEXT ( ( #4145 ) ) GLOBAL_UNIT_ASSIGNED_CONTEXT ( ( #3624, #3236, #1123 ) ) REPRESENTATION_CONTEXT ( 'NONE', 'WORKASPACE' ) );
#2000 = AXIS2_PLACEMENT_3D ( 'NONE', #2819, #3812, #172 ) ;
#2001 = CARTESIAN_POINT ( 'NONE',  ( 4.614379107781807932, -2.794000000000000039, -2.139949999999988695 ) ) ;
#2002 = EDGE_LOOP ( 'NONE', ( #3660, #378 ) ) ;
#2003 = LINE ( 'NONE', #533, #3254 ) ;
#2004 = UNCERTAINTY_MEASURE_WITH_UNIT (LENGTH_MEASURE( 1.000000000000000082E-05 ), #3757, 'distance_accuracy_value', 'NONE');
#2006 = CARTESIAN_POINT ( 'NONE',  ( 2.074379107781807896, -2.794000000000000039, -2.139949999999988695 ) ) ;
#2005 =( LENGTH_UNIT ( ) NAMED_UNIT ( * ) SI_UNIT ( .MILLI., .METRE. ) );
#2007 =( NAMED_UNIT ( * ) PLANE_ANGLE_UNIT ( ) SI_UNIT ( $, .RADIAN. ) );
#2009 = STYLED_ITEM ( 'NONE', ( #4081 ), #648 ) ;
#2008 = SURFACE_STYLE_FILL_AREA ( #538 ) ;
#2010 = ORIENTED_EDGE ( 'NONE', *, *, #408, .F. ) ;
#2011 = EDGE_LOOP ( 'NONE', ( #4164, #3260, #3130, #3205 ) ) ;
#2012 = ADVANCED_FACE ( 'NONE', ( #1029 ), #2437, .F. ) ;
#2013 = DIRECTION ( 'NONE',  ( 0.000000000000000000, 0.000000000000000000, 1.000000000000000000 ) ) ;
#2014 = EDGE_CURVE ( 'NONE', #703, #4256, #3699, .T. ) ;
#2015 = EDGE_CURVE ( 'NONE', #4491, #1904, #3900, .T. ) ;
#2016 = FILL_AREA_STYLE_COLOUR ( '', #55 ) ;
#2017 = STYLED_ITEM ( 'NONE', ( #2543 ), #2128 ) ;
#2018 =( NAMED_UNIT ( * ) PLANE_ANGLE_UNIT ( ) SI_UNIT ( $, .RADIAN. ) );
#2019 = AXIS2_PLACEMENT_3D ( 'NONE', #1668, #1641, #1285 ) ;
#2020 = CARTESIAN_POINT ( 'NONE',  ( 7.008772815563611758, 0.000000000000000000, -2.539999999999994706 ) ) ;
#2021 = CARTESIAN_POINT ( 'NONE',  ( 8.584373707781805862, -2.794000000000000039, -1.995170000000017874 ) ) ;
#2022 = ORIENTED_EDGE ( 'NONE', *, *, #1507, .F. ) ;
#2023 = LINE ( 'NONE', #3798, #1669 ) ;
#2024 = STYLED_ITEM ( 'NONE', ( #1038 ), #1644 ) ;
#2025 =( NAMED_UNIT ( * ) SI_UNIT ( $, .STERADIAN. ) SOLID_ANGLE_UNIT ( ) );
#2026 = VECTOR ( 'NONE', #2063, 1000.000000000000000 ) ;
#2027 = MECHANICAL_DESIGN_GEOMETRIC_PRESENTATION_REPRESENTATION (  '', ( #1516 ), #1666 ) ;
#2028 = LINE ( 'NONE', #1429, #2710 ) ;
#2029 = VECTOR ( 'NONE', #4230, 1000.000000000000114 ) ;
#2030 = VERTEX_POINT ( 'NONE', #3166 ) ;
#2031 = CIRCLE ( 'NONE', #2938, 0.7251700000000131929 ) ;
#2032 = CARTESIAN_POINT ( 'NONE',  ( 9.694379107781808003, -2.794000000000000039, -2.139949999999988695 ) ) ;
#2033 = VECTOR ( 'NONE', #4705, 1000.000000000000000 ) ;
#2034 = ITEM_DEFINED_TRANSFORMATION ( 'NONE', 'NONE', #1561,  #4608 ) ;
#2035 = ORIENTED_EDGE ( 'NONE', *, *, #1028, .T. ) ;
#2036 = CIRCLE ( 'NONE', #1215, 0.2540000000000606217 ) ;
#2037 =( NAMED_UNIT ( * ) SI_UNIT ( $, .STERADIAN. ) SOLID_ANGLE_UNIT ( ) );
#2038 = COLOUR_RGB ( '',0.4941176470588235503, 0.4941176470588235503, 0.4941176470588235503 ) ;
#2039 = DIRECTION ( 'NONE',  ( -4.037223026264496063E-17, -4.037223026264461550E-17, 1.000000000000000000 ) ) ;
#2040 =( NAMED_UNIT ( * ) SI_UNIT ( $, .STERADIAN. ) SOLID_ANGLE_UNIT ( ) );
#2041 = FILL_AREA_STYLE ('',( #263 ) ) ;
#2042 = EDGE_CURVE ( 'NONE', #2238, #2216, #1379, .T. ) ;
#2043 = DIRECTION ( 'NONE',  ( -0.000000000000000000, 1.000000000000000000, -0.000000000000000000 ) ) ;
#2044 =( BOUNDED_SURFACE ( )  B_SPLINE_SURFACE ( 3, 3, ( 
 ( #2769, #1378, #3943, #2810 ),
 ( #3188, #3528, #3506, #244 ),
 ( #273, #2831, #1744, #2473 ),
 ( #4202, #3211, #1026, #3165 ) ),
 .UNSPECIFIED., .F., .F., .F. ) 
 B_SPLINE_SURFACE_WITH_KNOTS ( ( 4, 4 ),
 ( 4, 4 ),
 ( 0.000000000000000000, 1.000000000000000000 ),
 ( 0.000000000000000000, 1.000000000000000000 ),
 .UNSPECIFIED. ) 
 GEOMETRIC_REPRESENTATION_ITEM ( )  RATIONAL_B_SPLINE_SURFACE ( (
 ( 1.000000000000000000, 0.3333333333333334259, 0.3333333333333334259, 1.000000000000000000),
 ( 0.9492530216665896470, 0.3164176738888633267, 0.3164176738888633267, 0.9492530216665896470),
 ( 0.9492530216665896470, 0.3164176738888633267, 0.3164176738888633267, 0.9492530216665896470),
 ( 1.000000000000000000, 0.3333333333333334259, 0.3333333333333334259, 1.000000000000000000) ) ) 
 REPRESENTATION_ITEM ( '' )  SURFACE ( )  );
#2045 = ADVANCED_FACE ( 'NONE', ( #353 ), #3268, .F. ) ;
#2046 = CARTESIAN_POINT ( 'NONE',  ( 5.591498816721843568, -2.566358816721772573, -0.2975795103144428522 ) ) ;
#2047 = VERTEX_POINT ( 'NONE', #2843 ) ;
#2048 = CARTESIAN_POINT ( 'NONE',  ( 3.504373707781806235, 0.000000000000000000, -0.5448299999999917098 ) ) ;
#2049 = UNCERTAINTY_MEASURE_WITH_UNIT (LENGTH_MEASURE( 1.000000000000000082E-05 ), #3292, 'distance_accuracy_value', 'NONE');
#2050 = PRESENTATION_STYLE_ASSIGNMENT (( #2836 ) ) ;
#2051 =( GEOMETRIC_REPRESENTATION_CONTEXT ( 3 ) GLOBAL_UNCERTAINTY_ASSIGNED_CONTEXT ( ( #1820 ) ) GLOBAL_UNIT_ASSIGNED_CONTEXT ( ( #1189, #60, #2666 ) ) REPRESENTATION_CONTEXT ( 'NONE', 'WORKASPACE' ) );
#2052 = SURFACE_SIDE_STYLE ('',( #2817 ) ) ;
#2053 = ORIENTED_EDGE ( 'NONE', *, *, #1648, .F. ) ;
#2054 = APPLICATION_PROTOCOL_DEFINITION ( 'draft international standard', 'automotive_design', 1998, #1438 ) ;
#2055 = ORIENTED_EDGE ( 'NONE', *, *, #644, .T. ) ;
#2056 = DIRECTION ( 'NONE',  ( 0.000000000000000000, 0.000000000000000000, 1.000000000000000000 ) ) ;
#2057 = APPLICATION_CONTEXT ( 'automotive_design' ) ;
#2058 = DIRECTION ( 'NONE',  ( -0.000000000000000000, 1.000000000000000000, -0.000000000000000000 ) ) ;
#2059 = CARTESIAN_POINT ( 'NONE',  ( 5.337498816721841344, 5.053641183278230642, 2.154867312552873637E-16 ) ) ;
#2060 = SURFACE_STYLE_USAGE ( .BOTH. , #3912 ) ;
#2061 = EDGE_CURVE ( 'NONE', #4491, #391, #3643, .T. ) ;
#2062 =( LENGTH_UNIT ( ) NAMED_UNIT ( * ) SI_UNIT ( .MILLI., .METRE. ) );
#2063 = DIRECTION ( 'NONE',  ( -1.000000000000000000, -0.000000000000000000, 0.000000000000000000 ) ) ;
#2064 = FACE_OUTER_BOUND ( 'NONE', #446, .T. ) ;
#2065 = ORIENTED_EDGE ( 'NONE', *, *, #2190, .F. ) ;
#2066 = EDGE_LOOP ( 'NONE', ( #4482, #2202, #1072, #1574 ) ) ;
#2067 =( GEOMETRIC_REPRESENTATION_CONTEXT ( 3 ) GLOBAL_UNCERTAINTY_ASSIGNED_CONTEXT ( ( #4592 ) ) GLOBAL_UNIT_ASSIGNED_CONTEXT ( ( #2880, #3128, #2163 ) ) REPRESENTATION_CONTEXT ( 'NONE', 'WORKASPACE' ) );
#2068 = VECTOR ( 'NONE', #1947, 1000.000000000000000 ) ;
#2069 = FILL_AREA_STYLE ('',( #653 ) ) ;
#2070 = EDGE_CURVE ( 'NONE', #2924, #1856, #1790, .T. ) ;
#2071 = FILL_AREA_STYLE_COLOUR ( '', #672 ) ;
#2072 = AXIS2_PLACEMENT_3D ( 'NONE', #2489, #3200, #1017 ) ;
#2073 = AXIS2_PLACEMENT_3D ( 'NONE', #1509, #2224, #337 ) ;
#2074 = EDGE_LOOP ( 'NONE', ( #4691, #3474, #3352, #3319 ) ) ;
#2076 = PRESENTATION_STYLE_ASSIGNMENT (( #659 ) ) ;
#2075 = SURFACE_SIDE_STYLE ('',( #658 ) ) ;
#2077 = CARTESIAN_POINT ( 'NONE',  ( 3.504373707781806235, 0.000000000000000000, -1.270000000000004903 ) ) ;
#2078 = SURFACE_STYLE_FILL_AREA ( #4030 ) ;
#2079 = LINE ( 'NONE', #2466, #2294 ) ;
#2080 = ORIENTED_EDGE ( 'NONE', *, *, #1063, .T. ) ;
#2081 = SURFACE_STYLE_FILL_AREA ( #2448 ) ;
#2082 = CARTESIAN_POINT ( 'NONE',  ( 7.154379107781808855, -2.794000000000000039, -0.4000499999999996281 ) ) ;
#2083 = SURFACE_STYLE_FILL_AREA ( #2830 ) ;
#2084 = FILL_AREA_STYLE ('',( #3484 ) ) ;
#2085 = AXIS2_PLACEMENT_3D ( 'NONE', #3425, #4472, #3080 ) ;
#2086 = AXIS2_PLACEMENT_3D ( 'NONE', #619, #4328, #3614 ) ;
#2087 = FILL_AREA_STYLE_COLOUR ( '', #599 ) ;
#2088 = EDGE_LOOP ( 'NONE', ( #3646, #3768 ) ) ;
#2089 = EDGE_LOOP ( 'NONE', ( #3537, #130 ) ) ;
#2090 = UNCERTAINTY_MEASURE_WITH_UNIT (LENGTH_MEASURE( 1.000000000000000082E-05 ), #1844, 'distance_accuracy_value', 'NONE');
#2091 = AXIS2_PLACEMENT_3D ( 'NONE', #2334, #1206, #3724 ) ;
#2092 = PRESENTATION_STYLE_ASSIGNMENT (( #2457 ) ) ;
#2093 = PRESENTATION_LAYER_ASSIGNMENT (  '', '', ( #4017 ) ) ;
#2094 = VERTEX_POINT ( 'NONE', #14 ) ;
#2095 = COLOUR_RGB ( '',0.4941176470588235503, 0.4941176470588235503, 0.4941176470588235503 ) ;
#2096 = ADVANCED_FACE ( 'NONE', ( #4652 ), #3258, .T. ) ;
#2097 = SURFACE_STYLE_FILL_AREA ( #3994 ) ;
#2098 = FILL_AREA_STYLE ('',( #4647 ) ) ;
#2099 = VECTOR ( 'NONE', #1517, 1000.000000000000000 ) ;
#2100 = VECTOR ( 'NONE', #3285, 1000.000000000000000 ) ;
#2101 = DIRECTION ( 'NONE',  ( 0.000000000000000000, -0.000000000000000000, -1.000000000000000000 ) ) ;
#2102 = SURFACE_STYLE_USAGE ( .BOTH. , #3909 ) ;
#2103 = MECHANICAL_DESIGN_GEOMETRIC_PRESENTATION_REPRESENTATION (  '', ( #1213 ), #2801 ) ;
#2104 =( LENGTH_UNIT ( ) NAMED_UNIT ( * ) SI_UNIT ( .MILLI., .METRE. ) );
#2105 =( NAMED_UNIT ( * ) SI_UNIT ( $, .STERADIAN. ) SOLID_ANGLE_UNIT ( ) );
#2106 = COLOUR_RGB ( '',0.8000000000000000444, 0.8039215686274510109, 0.8000000000000000444 ) ;
#2107 = EDGE_LOOP ( 'NONE', ( #1369, #747, #3494, #2771 ) ) ;
#2108 =( GEOMETRIC_REPRESENTATION_CONTEXT ( 3 ) GLOBAL_UNCERTAINTY_ASSIGNED_CONTEXT ( ( #3881 ) ) GLOBAL_UNIT_ASSIGNED_CONTEXT ( ( #1687, #248, #651 ) ) REPRESENTATION_CONTEXT ( 'NONE', 'WORKASPACE' ) );
#2109 = CARTESIAN_POINT ( 'NONE',  ( -0.3056262922181931518, 0.000000000000000000, -2.139949999999997132 ) ) ;
#2110 = VECTOR ( 'NONE', #889, 1000.000000000000114 ) ;
#2111 = CARTESIAN_POINT ( 'NONE',  ( 11.12437370778180679, -0.8940799999999984315, -2.219960000000018141 ) ) ;
#2112 = CARTESIAN_POINT ( 'NONE',  ( 8.584373707781805862, -2.794000000000000039, -1.270000000000004903 ) ) ;
#2113 = DIRECTION ( 'NONE',  ( -0.000000000000000000, 1.000000000000000000, -0.000000000000000000 ) ) ;
#2114 = FILL_AREA_STYLE_COLOUR ( '', #1491 ) ;
#2115 = ADVANCED_FACE ( 'NONE', ( #369 ), #636, .T. ) ;
#2116 = FILL_AREA_STYLE ('',( #676 ) ) ;
#2117 = ORIENTED_EDGE ( 'NONE', *, *, #1598, .T. ) ;
#2118 = VECTOR ( 'NONE', #4326, 1000.000000000000000 ) ;
#2119 = ORIENTED_EDGE ( 'NONE', *, *, #3430, .F. ) ;
#2120 = CARTESIAN_POINT ( 'NONE',  ( 6.044373707781806715, -2.794000000000000039, -1.995170000000017874 ) ) ;
#2121 = ADVANCED_FACE ( 'NONE', ( #2132 ), #1434, .F. ) ;
#2122 = DIRECTION ( 'NONE',  ( 0.000000000000000000, 0.000000000000000000, 1.000000000000000000 ) ) ;
#2123 = EDGE_CURVE ( 'NONE', #4350, #840, #2803, .T. ) ;
#2124 = LINE ( 'NONE', #4234, #2257 ) ;
#2125 = ORIENTED_EDGE ( 'NONE', *, *, #3758, .T. ) ;
#2126 =( GEOMETRIC_REPRESENTATION_CONTEXT ( 3 ) GLOBAL_UNCERTAINTY_ASSIGNED_CONTEXT ( ( #1161 ) ) GLOBAL_UNIT_ASSIGNED_CONTEXT ( ( #1223, #4408, #1117 ) ) REPRESENTATION_CONTEXT ( 'NONE', 'WORKASPACE' ) );
#2127 = CARTESIAN_POINT ( 'NONE',  ( 1.549400000000012323, 0.000000000000000000, 0.000000000000000000 ) ) ;
#2128 = ADVANCED_FACE ( 'NONE', ( #3934 ), #1798, .F. ) ;
#2129 = CONICAL_SURFACE ( 'NONE', #2356, 0.7391399999789882713, 0.2617993878337521174 ) ;
#2131 = PRESENTATION_STYLE_ASSIGNMENT (( #289 ) ) ;
#2130 = DIRECTION ( 'NONE',  ( 0.000000000000000000, 1.000000000000000000, 0.000000000000000000 ) ) ;
#2132 = FACE_OUTER_BOUND ( 'NONE', #3496, .T. ) ;
#2133 = CARTESIAN_POINT ( 'NONE',  ( 9.694379107781808003, -2.794000000000000039, -0.4000499999999996281 ) ) ;
#2134 = ORIENTED_EDGE ( 'NONE', *, *, #4018, .T. ) ;
#2135 = CARTESIAN_POINT ( 'NONE',  ( 4.934368307781808127, 1.084202172485504434E-16, -0.4000499999999996836 ) ) ;
#2136 = SURFACE_STYLE_USAGE ( .BOTH. , #4351 ) ;
#2137 = FACE_OUTER_BOUND ( 'NONE', #4055, .T. ) ;
#2138 = CARTESIAN_POINT ( 'NONE',  ( 1.928772815563611909, 3.252606517456513302E-16, 1.355252715606880543E-17 ) ) ;
#2139 = SURFACE_SIDE_STYLE ('',( #1054 ) ) ;
#2140 =( NAMED_UNIT ( * ) PLANE_ANGLE_UNIT ( ) SI_UNIT ( $, .RADIAN. ) );
#2141 = ORIENTED_EDGE ( 'NONE', *, *, #2827, .F. ) ;
#2142 = CIRCLE ( 'NONE', #1916, 0.4027897551850400659 ) ;
#2143 = ORIENTED_EDGE ( 'NONE', *, *, #4504, .F. ) ;
#2144 =( LENGTH_UNIT ( ) NAMED_UNIT ( * ) SI_UNIT ( .MILLI., .METRE. ) );
#2145 = ORIENTED_EDGE ( 'NONE', *, *, #3390, .T. ) ;
#2146 = STYLED_ITEM ( 'NONE', ( #4575 ), #2965 ) ;
#2147 = VECTOR ( 'NONE', #1756, 1000.000000000000000 ) ;
#2148 = FILL_AREA_STYLE_COLOUR ( '', #2095 ) ;
#2149 = FILL_AREA_STYLE_COLOUR ( '', #4413 ) ;
#2150 = UNCERTAINTY_MEASURE_WITH_UNIT (LENGTH_MEASURE( 1.000000000000000082E-05 ), #1396, 'distance_accuracy_value', 'NONE');
#2152 = CARTESIAN_POINT ( 'NONE',  ( 0.7620000000000265450, 0.000000000000000000, 0.9144000000000095385 ) ) ;
#2151 = SURFACE_STYLE_FILL_AREA ( #4174 ) ;
#2153 = STYLED_ITEM ( 'NONE', ( #4031 ), #4716 ) ;
#2154 =( LENGTH_UNIT ( ) NAMED_UNIT ( * ) SI_UNIT ( .MILLI., .METRE. ) );
#2155 = SURFACE_SIDE_STYLE ('',( #980 ) ) ;
#2156 =( GEOMETRIC_REPRESENTATION_CONTEXT ( 3 ) GLOBAL_UNCERTAINTY_ASSIGNED_CONTEXT ( ( #911 ) ) GLOBAL_UNIT_ASSIGNED_CONTEXT ( ( #3229, #4373, #780 ) ) REPRESENTATION_CONTEXT ( 'NONE', 'WORKASPACE' ) );
#2157 = ORIENTED_EDGE ( 'NONE', *, *, #501, .F. ) ;
#2158 = ADVANCED_FACE ( 'NONE', ( #1087 ), #4301, .F. ) ;
#2159 = SURFACE_STYLE_FILL_AREA ( #3137 ) ;
#2160 = PLANE ( 'NONE',  #195 ) ;
#2161 = EDGE_CURVE ( 'NONE', #2047, #166, #1580, .T. ) ;
#2162 = MECHANICAL_DESIGN_GEOMETRIC_PRESENTATION_REPRESENTATION (  '', ( #957 ), #1346 ) ;
#2163 =( NAMED_UNIT ( * ) SI_UNIT ( $, .STERADIAN. ) SOLID_ANGLE_UNIT ( ) );
#2164 = CARTESIAN_POINT ( 'NONE',  ( 12.39437370778181879, -2.794000000000000039, -2.139949999999958941 ) ) ;
#2165 = FILL_AREA_STYLE ('',( #3 ) ) ;
#2166 = VERTEX_POINT ( 'NONE', #80 ) ;
#2167 = VERTEX_POINT ( 'NONE', #3666 ) ;
#2168 = FILL_AREA_STYLE_COLOUR ( '', #3720 ) ;
#2169 = EDGE_CURVE ( 'NONE', #1464, #2167, #4096, .T. ) ;
#2170 = DIRECTION ( 'NONE',  ( 1.000000000000000000, 0.000000000000000000, -1.355298456929802892E-15 ) ) ;
#2171 = LINE ( 'NONE', #2201, #2411 ) ;
#2172 = COLOUR_RGB ( '',0.4941176470588235503, 0.4941176470588235503, 0.4941176470588235503 ) ;
#2173 = VERTEX_POINT ( 'NONE', #4077 ) ;
#2174 = PRESENTATION_STYLE_ASSIGNMENT (( #3995 ) ) ;
#2175 =( GEOMETRIC_REPRESENTATION_CONTEXT ( 3 ) GLOBAL_UNCERTAINTY_ASSIGNED_CONTEXT ( ( #2487 ) ) GLOBAL_UNIT_ASSIGNED_CONTEXT ( ( #3709, #3732, #3998 ) ) REPRESENTATION_CONTEXT ( 'NONE', 'WORKASPACE' ) );
#2177 = CARTESIAN_POINT ( 'NONE',  ( 3.860800000000025101, 8.243097605215272315E-17, -0.6731000000126108329 ) ) ;
#2176 = SURFACE_SIDE_STYLE ('',( #2978 ) ) ;
#2178 = MECHANICAL_DESIGN_GEOMETRIC_PRESENTATION_REPRESENTATION (  '', ( #1197 ), #3162 ) ;
#2179 =( NAMED_UNIT ( * ) PLANE_ANGLE_UNIT ( ) SI_UNIT ( $, .RADIAN. ) );
#2180 =( NAMED_UNIT ( * ) PLANE_ANGLE_UNIT ( ) SI_UNIT ( $, .RADIAN. ) );
#2181 = DIRECTION ( 'NONE',  ( 0.000000000000000000, 0.000000000000000000, -1.000000000000000000 ) ) ;
#2182 = ORIENTED_EDGE ( 'NONE', *, *, #1704, .F. ) ;
#2183 = PRESENTATION_LAYER_ASSIGNMENT (  '', '', ( #3015 ) ) ;
#2184 = PRESENTATION_LAYER_ASSIGNMENT (  '', '', ( #3111 ) ) ;
#2185 =( NAMED_UNIT ( * ) SI_UNIT ( $, .STERADIAN. ) SOLID_ANGLE_UNIT ( ) );
#2186 = CIRCLE ( 'NONE', #132, 0.2539999999999764668 ) ;
#2187 = LINE ( 'NONE', #17, #4481 ) ;
#2188 = PRESENTATION_LAYER_ASSIGNMENT (  '', '', ( #4403 ) ) ;
#2189 = CIRCLE ( 'NONE', #1132, 0.9144000000000095385 ) ;
#2190 = EDGE_CURVE ( 'NONE', #2287, #4134, #368, .T. ) ;
#2191 = AXIS2_PLACEMENT_3D ( 'NONE', #1921, #88, #1553 ) ;
#2192 = PLANE ( 'NONE',  #513 ) ;
#2193 = CARTESIAN_POINT ( 'NONE',  ( 12.39437370778181879, 0.000000000000000000, -2.139949999999958941 ) ) ;
#2194 = FILL_AREA_STYLE ('',( #19 ) ) ;
#2195 = EDGE_CURVE ( 'NONE', #3154, #3543, #4474, .T. ) ;
#2196 = VECTOR ( 'NONE', #611, 1000.000000000000114 ) ;
#2197 = LINE ( 'NONE', #3652, #294 ) ;
#2198 = VERTEX_POINT ( 'NONE', #407 ) ;
#2199 = EDGE_LOOP ( 'NONE', ( #2839, #2346, #3530, #3602 ) ) ;
#2200 = FACE_BOUND ( 'NONE', #4262, .T. ) ;
#2201 = CARTESIAN_POINT ( 'NONE',  ( 2.539974600000002969, 0.000000000000000000, 0.000000000000000000 ) ) ;
#2202 = ORIENTED_EDGE ( 'NONE', *, *, #2123, .F. ) ;
#2203 = DIRECTION ( 'NONE',  ( -0.000000000000000000, 1.000000000000000000, -0.000000000000000000 ) ) ;
#2205 =( NAMED_UNIT ( * ) SI_UNIT ( $, .STERADIAN. ) SOLID_ANGLE_UNIT ( ) );
#2204 = DIRECTION ( 'NONE',  ( -0.5150380749322442941, -0.8571673006887791102, 0.000000000000000000 ) ) ;
#2206 = CARTESIAN_POINT ( 'NONE',  ( 5.083498816721893299, -2.355938327036255497, 0.5079999999999527116 ) ) ;
#2207 =( LENGTH_UNIT ( ) NAMED_UNIT ( * ) SI_UNIT ( .MILLI., .METRE. ) );
#2208 = CARTESIAN_POINT ( 'NONE',  ( 3.708399999993616802, 0.000000000000000000, 0.000000000000000000 ) ) ;
#2209 = FACE_OUTER_BOUND ( 'NONE', #2011, .T. ) ;
#2210 = DIRECTION ( 'NONE',  ( -1.000000000000000000, 0.000000000000000000, -0.000000000000000000 ) ) ;
#2211 = LINE ( 'NONE', #1152, #1510 ) ;
#2212 = VECTOR ( 'NONE', #1194, 1000.000000000000000 ) ;
#2213 = ORIENTED_EDGE ( 'NONE', *, *, #4307, .T. ) ;
#2214 = ORIENTED_EDGE ( 'NONE', *, *, #2964, .T. ) ;
#2215 = CARTESIAN_POINT ( 'NONE',  ( 6.044373707781806715, -0.8940799999999999859, -1.995170000000017874 ) ) ;
#2216 = VERTEX_POINT ( 'NONE', #4051 ) ;
#2217 = DIRECTION ( 'NONE',  ( -0.000000000000000000, 1.000000000000000000, -0.000000000000000000 ) ) ;
#2218 = SURFACE_SIDE_STYLE ('',( #4367 ) ) ;
#2219 = ADVANCED_FACE ( 'N', ( #1188 ), #4186, .T. ) ;
#2221 =( NAMED_UNIT ( * ) PLANE_ANGLE_UNIT ( ) SI_UNIT ( $, .RADIAN. ) );
#2220 = SURFACE_STYLE_FILL_AREA ( #804 ) ;
#2222 = PRESENTATION_STYLE_ASSIGNMENT (( #2913 ) ) ;
#2223 = FILL_AREA_STYLE ('',( #81 ) ) ;
#2224 = DIRECTION ( 'NONE',  ( -1.000000000000000000, -0.000000000000000000, -0.000000000000000000 ) ) ;
#2225 = VERTEX_POINT ( 'NONE', #2284 ) ;
#2226 = VECTOR ( 'NONE', #2283, 1000.000000000000000 ) ;
#2227 = CARTESIAN_POINT ( 'NONE',  ( 7.474368307781808163, -2.794000000000000039, -2.139949999999989139 ) ) ;
#2228 = DIRECTION ( 'NONE',  ( 0.000000000000000000, 1.224646799147352961E-16, -1.000000000000000000 ) ) ;
#2229 = LINE ( 'NONE', #1876, #4155 ) ;
#2230 = CARTESIAN_POINT ( 'NONE',  ( 4.131110244821296185, -0.8055795103574797666, 0.4027897551787397168 ) ) ;
#2231 = CARTESIAN_POINT ( 'NONE',  ( 2.394368307781808092, 0.000000000000000000, -2.139949999999988695 ) ) ;
#2232 = CARTESIAN_POINT ( 'NONE',  ( 12.08874741556356724, 0.000000000000000000, 4.065758146820641628E-17 ) ) ;
#2233 = CARTESIAN_POINT ( 'NONE',  ( 7.474368307781808163, -2.794000000000000039, -0.4000499999999996281 ) ) ;
#2234 = EDGE_LOOP ( 'NONE', ( #2393, #4662, #734, #4184 ) ) ;
#2235 = VERTEX_POINT ( 'NONE', #3493 ) ;
#2236 =( NAMED_UNIT ( * ) SI_UNIT ( $, .STERADIAN. ) SOLID_ANGLE_UNIT ( ) );
#2237 = SURFACE_SIDE_STYLE ('',( #362 ) ) ;
#2238 = VERTEX_POINT ( 'NONE', #4576 ) ;
#2239 = DIRECTION ( 'NONE',  ( -0.000000000000000000, -1.000000000000000000, -0.000000000000000000 ) ) ;
#2240 = MECHANICAL_DESIGN_GEOMETRIC_PRESENTATION_REPRESENTATION (  '', ( #4017 ), #4165 ) ;
#2242 = CARTESIAN_POINT ( 'NONE',  ( 5.591498816721884424, -0.6613588167217959723, -1.233453883587271963E-17 ) ) ;
#2241 = DIRECTION ( 'NONE',  ( 0.000000000000000000, -1.000000000000000000, 0.000000000000000000 ) ) ;
#2243 = AXIS2_PLACEMENT_3D ( 'NONE', #1257, #661, #1044 ) ;
#2244 = PRESENTATION_STYLE_ASSIGNMENT (( #2591 ) ) ;
#2245 = EDGE_CURVE ( 'NONE', #1709, #1599, #2755, .T. ) ;
#2246 = VECTOR ( 'NONE', #3748, 1000.000000000000000 ) ;
#2247 = FACE_OUTER_BOUND ( 'NONE', #2428, .T. ) ;
#2248 = DIRECTION ( 'NONE',  ( -3.657132581846951845E-29, -1.000000000000000000, 3.491481338843133355E-15 ) ) ;
#2249 = ORIENTED_EDGE ( 'NONE', *, *, #2667, .T. ) ;
#2250 =( LENGTH_UNIT ( ) NAMED_UNIT ( * ) SI_UNIT ( .MILLI., .METRE. ) );
#2251 = SURFACE_SIDE_STYLE ('',( #4034 ) ) ;
#2252 =( GEOMETRIC_REPRESENTATION_CONTEXT ( 3 ) GLOBAL_UNCERTAINTY_ASSIGNED_CONTEXT ( ( #3056 ) ) GLOBAL_UNIT_ASSIGNED_CONTEXT ( ( #2840, #3610, #3635 ) ) REPRESENTATION_CONTEXT ( 'NONE', 'WORKASPACE' ) );
#2253 = PRESENTATION_LAYER_ASSIGNMENT (  '', '', ( #978 ) ) ;
#2254 = VECTOR ( 'NONE', #2301, 1000.000000000000000 ) ;
#2255 = FACE_OUTER_BOUND ( 'NONE', #2505, .T. ) ;
#2256 = CIRCLE ( 'NONE', #826, 0.7747000000222215021 ) ;
#2257 = VECTOR ( 'NONE', #1789, 1000.000000000000000 ) ;
#2258 = DIRECTION ( 'NONE',  ( 1.000000000000000000, 0.000000000000000000, 0.000000000000000000 ) ) ;
#2259 = ORIENTED_EDGE ( 'NONE', *, *, #2434, .F. ) ;
#2260 = ORIENTED_EDGE ( 'NONE', *, *, #4415, .T. ) ;
#2261 = DIRECTION ( 'NONE',  ( -1.000000000000000000, -0.000000000000000000, -0.000000000000000000 ) ) ;
#2262 = PRESENTATION_LAYER_ASSIGNMENT (  '', '', ( #4177 ) ) ;
#2263 =( NAMED_UNIT ( * ) SI_UNIT ( $, .STERADIAN. ) SOLID_ANGLE_UNIT ( ) );
#2264 = EDGE_CURVE ( 'NONE', #4432, #2094, #815, .T. ) ;
#2265 = EDGE_LOOP ( 'NONE', ( #4678, #4274 ) ) ;
#2266 = EDGE_CURVE ( 'NONE', #2216, #972, #4703, .T. ) ;
#2267 = LINE ( 'NONE', #777, #2981 ) ;
#2268 = CARTESIAN_POINT ( 'NONE',  ( 0.000000000000000000, 0.000000000000000000, 0.000000000000000000 ) ) ;
#2269 = DIRECTION ( 'NONE',  ( 1.000000000000000000, 0.000000000000000000, 1.047444401652940007E-14 ) ) ;
#2270 = ORIENTED_EDGE ( 'NONE', *, *, #731, .T. ) ;
#2271 = ORIENTED_EDGE ( 'NONE', *, *, #3816, .F. ) ;
#2272 = CARTESIAN_POINT ( 'NONE',  ( 3.469446951953614189E-15, -2.794000000000000039, -2.539999999999996927 ) ) ;
#2273 =( GEOMETRIC_REPRESENTATION_CONTEXT ( 3 ) GLOBAL_UNCERTAINTY_ASSIGNED_CONTEXT ( ( #1910 ) ) GLOBAL_UNIT_ASSIGNED_CONTEXT ( ( #4508, #2714, #3476 ) ) REPRESENTATION_CONTEXT ( 'NONE', 'WORKASPACE' ) );
#2274 = VECTOR ( 'NONE', #1642, 1000.000000000000000 ) ;
#2275 = UNCERTAINTY_MEASURE_WITH_UNIT (LENGTH_MEASURE( 1.000000000000000082E-05 ), #753, 'distance_accuracy_value', 'NONE');
#2276 = ORIENTED_EDGE ( 'NONE', *, *, #2578, .F. ) ;
#2277 =( NAMED_UNIT ( * ) SI_UNIT ( $, .STERADIAN. ) SOLID_ANGLE_UNIT ( ) );
#2278 = EDGE_CURVE ( 'NONE', #3442, #4432, #876, .T. ) ;
#2279 = CARTESIAN_POINT ( 'NONE',  ( 10.15997460000000352, -2.794000000000000039, 3.794707603699265519E-16 ) ) ;
#2280 = VERTEX_POINT ( 'NONE', #899 ) ;
#2281 = SURFACE_SIDE_STYLE ('',( #3972 ) ) ;
#2282 = UNCERTAINTY_MEASURE_WITH_UNIT (LENGTH_MEASURE( 1.000000000000000082E-05 ), #2104, 'distance_accuracy_value', 'NONE');
#2283 = DIRECTION ( 'NONE',  ( -0.000000000000000000, -1.000000000000000000, -0.000000000000000000 ) ) ;
#2284 = CARTESIAN_POINT ( 'NONE',  ( 0.7620000000000404228, 8.709688035535916541E-17, -0.7111999999999951694 ) ) ;
#2285 = SURFACE_STYLE_FILL_AREA ( #2223 ) ;
#2286 =( NAMED_UNIT ( * ) PLANE_ANGLE_UNIT ( ) SI_UNIT ( $, .RADIAN. ) );
#2287 = VERTEX_POINT ( 'NONE', #560 ) ;
#2288 = UNCERTAINTY_MEASURE_WITH_UNIT (LENGTH_MEASURE( 1.000000000000000082E-05 ), #1603, 'distance_accuracy_value', 'NONE');
#2289 = ORIENTED_EDGE ( 'NONE', *, *, #3970, .F. ) ;
#2290 = PRESENTATION_LAYER_ASSIGNMENT (  '', '', ( #1485 ) ) ;
#2291 =( LENGTH_UNIT ( ) NAMED_UNIT ( * ) SI_UNIT ( .MILLI., .METRE. ) );
#2292 = CIRCLE ( 'NONE', #2905, 0.9499600000000134603 ) ;
#2293 = PLANE ( 'NONE',  #2000 ) ;
#2294 = VECTOR ( 'NONE', #600, 1000.000000000000000 ) ;
#2295 = EDGE_CURVE ( 'NONE', #2198, #2854, #3828, .T. ) ;
#2296 = SURFACE_STYLE_FILL_AREA ( #4127 ) ;
#2297 =( GEOMETRIC_REPRESENTATION_CONTEXT ( 3 ) GLOBAL_UNCERTAINTY_ASSIGNED_CONTEXT ( ( #3490 ) ) GLOBAL_UNIT_ASSIGNED_CONTEXT ( ( #4264, #4327, #707 ) ) REPRESENTATION_CONTEXT ( 'NONE', 'WORKASPACE' ) );
#2298 = AXIS2_PLACEMENT_3D ( 'NONE', #1070, #2519, #710 ) ;
#2299 = FACE_OUTER_BOUND ( 'NONE', #701, .T. ) ;
#2300 = ADVANCED_FACE ( 'NONE', ( #209 ), #149, .T. ) ;
#2301 = DIRECTION ( 'NONE',  ( 1.000000000000000000, -0.000000000000000000, 1.506739769771851316E-15 ) ) ;
#2302 = ORIENTED_EDGE ( 'NONE', *, *, #386, .T. ) ;
#2303 = FILL_AREA_STYLE ('',( #1255 ) ) ;
#2304 = AXIS2_PLACEMENT_3D ( 'NONE', #2577, #3267, #2921 ) ;
#2305 =( NAMED_UNIT ( * ) PLANE_ANGLE_UNIT ( ) SI_UNIT ( $, .RADIAN. ) );
#2306 = ORIENTED_EDGE ( 'NONE', *, *, #4331, .T. ) ;
#2307 =( LENGTH_UNIT ( ) NAMED_UNIT ( * ) SI_UNIT ( .MILLI., .METRE. ) );
#2308 = EDGE_CURVE ( 'NONE', #972, #2216, #4714, .T. ) ;
#2310 = PLANE ( 'NONE',  #711 ) ;
#2309 = PRESENTATION_STYLE_ASSIGNMENT (( #507 ) ) ;
#2311 = CARTESIAN_POINT ( 'NONE',  ( 3.708400000000000141, -0.5460999999975865160, 0.000000000000000000 ) ) ;
#2312 = MECHANICAL_DESIGN_GEOMETRIC_PRESENTATION_REPRESENTATION (  '', ( #1116 ), #1105 ) ;
#2313 = ORIENTED_EDGE ( 'NONE', *, *, #1440, .F. ) ;
#2314 = CARTESIAN_POINT ( 'NONE',  ( 0.000000000000000000, 0.000000000000000000, 0.000000000000000000 ) ) ;
#2315 = PRESENTATION_LAYER_ASSIGNMENT (  '', '', ( #1938 ) ) ;
#2316 = PRODUCT_DEFINITION_SHAPE ( 'NONE', 'NONE',  #4725 ) ;
#2317 = ORIENTED_EDGE ( 'NONE', *, *, #1691, .F. ) ;
#2318 = STYLED_ITEM ( 'NONE', ( #2872 ), #2096 ) ;
#2319 = SURFACE_STYLE_FILL_AREA ( #2349 ) ;
#2320 = PRESENTATION_LAYER_ASSIGNMENT (  '', '', ( #343 ) ) ;
#2321 = EDGE_CURVE ( 'NONE', #1610, #414, #1618, .T. ) ;
#2322 = EDGE_CURVE ( 'NONE', #4296, #2166, #2686, .T. ) ;
#2323 = CARTESIAN_POINT ( 'NONE',  ( 4.676140000000002850, -0.2540000000000338098, 0.5080000000001225757 ) ) ;
#2324 = SURFACE_STYLE_USAGE ( .BOTH. , #604 ) ;
#2325 = STYLED_ITEM ( 'NONE', ( #4449 ), #4071 ) ;
#2326 = SURFACE_STYLE_FILL_AREA ( #4535 ) ;
#2327 = CARTESIAN_POINT ( 'NONE',  ( 1.928772815563611687, 0.000000000000000000, -2.539999999999996927 ) ) ;
#2328 =( REPRESENTATION_RELATIONSHIP ('NONE','NONE', #4492, #235 ) REPRESENTATION_RELATIONSHIP_WITH_TRANSFORMATION ( #3932 )SHAPE_REPRESENTATION_RELATIONSHIP( ) );
#2329 = EDGE_CURVE ( 'NONE', #4478, #3345, #1262, .T. ) ;
#2330 = AXIS2_PLACEMENT_3D ( 'NONE', #142, #3696, #1881 ) ;
#2331 = ORIENTED_EDGE ( 'NONE', *, *, #1979, .F. ) ;
#2332 = CIRCLE ( 'NONE', #2483, 0.7251700000000131929 ) ;
#2333 =( NAMED_UNIT ( * ) PLANE_ANGLE_UNIT ( ) SI_UNIT ( $, .RADIAN. ) );
#2334 = CARTESIAN_POINT ( 'NONE',  ( 6.044373707781806715, -2.794000000000000039, -1.270000000000004903 ) ) ;
#2335 = PRESENTATION_LAYER_ASSIGNMENT (  '', '', ( #4315 ) ) ;
#2336 = ORIENTED_EDGE ( 'NONE', *, *, #283, .T. ) ;
#2337 = CARTESIAN_POINT ( 'NONE',  ( 3.708400000000000141, 0.5460999999975850727, 6.687796170114121821E-17 ) ) ;
#2338 = STYLED_ITEM ( 'NONE', ( #158 ), #2547 ) ;
#2339 = UNCERTAINTY_MEASURE_WITH_UNIT (LENGTH_MEASURE( 1.000000000000000082E-05 ), #605, 'distance_accuracy_value', 'NONE');
#2341 = CARTESIAN_POINT ( 'NONE',  ( 9.548772815563612681, -2.794000000000000039, -2.539999999999982716 ) ) ;
#2340 = CARTESIAN_POINT ( 'NONE',  ( 4.131110244827596034, 6.587924724613834597E-17, -0.4027897551850401769 ) ) ;
#2342 = SURFACE_SIDE_STYLE ('',( #1238 ) ) ;
#2343 = MECHANICAL_DESIGN_GEOMETRIC_PRESENTATION_REPRESENTATION (  '', ( #4177 ), #758 ) ;
#2344 = CARTESIAN_POINT ( 'NONE',  ( 8.584373707781805862, -2.794000000000000039, -1.270000000000004903 ) ) ;
#2345 = CARTESIAN_POINT ( 'NONE',  ( 6.044373707781804939, 5.874298885333780682E-15, -1.270000000000006013 ) ) ;
#2346 = ORIENTED_EDGE ( 'NONE', *, *, #3799, .F. ) ;
#2347 = SURFACE_STYLE_USAGE ( .BOTH. , #1647 ) ;
#2348 = VERTEX_POINT ( 'NONE', #537 ) ;
#2349 = FILL_AREA_STYLE ('',( #932 ) ) ;
#2350 = PRESENTATION_LAYER_ASSIGNMENT (  '', '', ( #1381 ) ) ;
#2351 = CYLINDRICAL_SURFACE ( 'NONE', #264, 0.6730999999999820460 ) ;
#2352 = DIRECTION ( 'NONE',  ( 0.000000000000000000, 0.000000000000000000, 1.000000000000000000 ) ) ;
#2353 = DIRECTION ( 'NONE',  ( -1.000000000000000000, -0.000000000000000000, -0.000000000000000000 ) ) ;
#2354 = AXIS2_PLACEMENT_3D ( 'NONE', #36, #3307, #1896 ) ;
#2355 = CARTESIAN_POINT ( 'NONE',  ( 5.591498816721845344, -2.355938327036257718, -0.5079999999999553761 ) ) ;
#2356 = AXIS2_PLACEMENT_3D ( 'NONE', #3304, #854, #3350 ) ;
#2357 = EDGE_LOOP ( 'NONE', ( #70, #1427 ) ) ;
#2358 = FILL_AREA_STYLE ('',( #116 ) ) ;
#2359 = DIRECTION ( 'NONE',  ( 0.3420201433256664925, 0.000000000000000000, 0.9396926207859092051 ) ) ;
#2360 =( LENGTH_UNIT ( ) NAMED_UNIT ( * ) SI_UNIT ( .MILLI., .METRE. ) );
#2361 = ORIENTED_EDGE ( 'NONE', *, *, #4098, .F. ) ;
#2363 = CARTESIAN_POINT ( 'NONE',  ( 4.676140000000003738, 3.110602869835023990E-17, -0.2540000000000609548 ) ) ;
#2362 = DIRECTION ( 'NONE',  ( 0.000000000000000000, 0.000000000000000000, 1.000000000000000000 ) ) ;
#2364 = EDGE_CURVE ( 'NONE', #4386, #215, #1986, .T. ) ;
#2365 = DIRECTION ( 'NONE',  ( 0.000000000000000000, 0.000000000000000000, 1.000000000000000000 ) ) ;
#2366 = EDGE_CURVE ( 'NONE', #3739, #682, #977, .T. ) ;
#2367 = CARTESIAN_POINT ( 'NONE',  ( 8.584373707781805862, 0.000000000000000000, -1.995170000000017874 ) ) ;
#2368 = ADVANCED_FACE ( 'NONE', ( #284 ), #4277, .F. ) ;
#2369 = EDGE_LOOP ( 'NONE', ( #1701, #2900, #3419, #541 ) ) ;
#2370 = SURFACE_SIDE_STYLE ('',( #4217 ) ) ;
#2371 = FILL_AREA_STYLE_COLOUR ( '', #2798 ) ;
#2372 = VERTEX_POINT ( 'NONE', #1061 ) ;
#2373 = FILL_AREA_STYLE_COLOUR ( '', #1198 ) ;
#2374 =( NAMED_UNIT ( * ) PLANE_ANGLE_UNIT ( ) SI_UNIT ( $, .RADIAN. ) );
#2375 = DIRECTION ( 'NONE',  ( 0.000000000000000000, 0.000000000000000000, 1.000000000000000000 ) ) ;
#2376 = VECTOR ( 'NONE', #57, 1000.000000000000000 ) ;
#2377 =( BOUNDED_SURFACE ( )  B_SPLINE_SURFACE ( 3, 3, ( 
 ( #1556, #1877, #4512, #4128 ),
 ( #3337, #2674, #3765, #448 ),
 ( #4434, #65, #1605, #1248 ),
 ( #1172, #2991, #2230, #494 ) ),
 .UNSPECIFIED., .F., .F., .F. ) 
 B_SPLINE_SURFACE_WITH_KNOTS ( ( 4, 4 ),
 ( 4, 4 ),
 ( 0.000000000000000000, 1.000000000000000000 ),
 ( 0.000000000000000000, 1.000000000000000000 ),
 .UNSPECIFIED. ) 
 GEOMETRIC_REPRESENTATION_ITEM ( )  RATIONAL_B_SPLINE_SURFACE ( (
 ( 1.000000000000000000, 0.3333333333333334259, 0.3333333333333334259, 1.000000000000000000),
 ( 0.9492530216665896470, 0.3164176738888633267, 0.3164176738888633267, 0.9492530216665896470),
 ( 0.9492530216665896470, 0.3164176738888633267, 0.3164176738888633267, 0.9492530216665896470),
 ( 1.000000000000000000, 0.3333333333333334259, 0.3333333333333334259, 1.000000000000000000) ) ) 
 REPRESENTATION_ITEM ( '' )  SURFACE ( )  );
#2378 = CARTESIAN_POINT ( 'NONE',  ( 0.7620000000000265450, 0.000000000000000000, 0.000000000000000000 ) ) ;
#2379 = ORIENTED_EDGE ( 'NONE', *, *, #3206, .T. ) ;
#2380 = DIRECTION ( 'NONE',  ( -0.3420201433256694901, 0.000000000000000000, -0.9396926207859080948 ) ) ;
#2381 = PRESENTATION_LAYER_ASSIGNMENT (  '', '', ( #4602 ) ) ;
#2382 = MECHANICAL_DESIGN_GEOMETRIC_PRESENTATION_REPRESENTATION (  '', ( #1372 ), #2768 ) ;
#2383 = DIRECTION ( 'NONE',  ( 0.3420201433256663259, 0.000000000000000000, 0.9396926207859092051 ) ) ;
#2384 = ORIENTED_EDGE ( 'NONE', *, *, #3876, .F. ) ;
#2385 = CARTESIAN_POINT ( 'NONE',  ( 3.469446951953614189E-15, -2.794000000000000039, 0.000000000000000000 ) ) ;
#2386 = UNCERTAINTY_MEASURE_WITH_UNIT (LENGTH_MEASURE( 1.000000000000000082E-05 ), #4401, 'distance_accuracy_value', 'NONE');
#2388 = DIRECTION ( 'NONE',  ( 0.000000000000000000, -1.000000000000000000, -0.000000000000000000 ) ) ;
#2387 = CARTESIAN_POINT ( 'NONE',  ( 7.154379107781808855, 0.000000000000000000, -0.4000499999999994616 ) ) ;
#2389 = FILL_AREA_STYLE ('',( #950 ) ) ;
#2391 = AXIS2_PLACEMENT_3D ( 'NONE', #1828, #3284, #2915 ) ;
#2390 =( LENGTH_UNIT ( ) NAMED_UNIT ( * ) SI_UNIT ( .MILLI., .METRE. ) );
#2392 = DIRECTION ( 'NONE',  ( 0.000000000000000000, 0.000000000000000000, 1.000000000000000000 ) ) ;
#2393 = ORIENTED_EDGE ( 'NONE', *, *, #1477, .T. ) ;
#2394 = EDGE_CURVE ( 'NONE', #615, #4386, #2418, .T. ) ;
#2395 = APPLICATION_CONTEXT ( 'automotive_design' ) ;
#2396 = FILL_AREA_STYLE ('',( #520 ) ) ;
#2397 = ORIENTED_EDGE ( 'NONE', *, *, #283, .F. ) ;
#2398 = PLANE ( 'NONE',  #213 ) ;
#2399 = CARTESIAN_POINT ( 'NONE',  ( 0.7620000000000265450, 1.119817033140351443E-16, -0.9144000000000095385 ) ) ;
#2400 = PRESENTATION_LAYER_ASSIGNMENT (  '', '', ( #4460 ) ) ;
#2401 = AXIS2_PLACEMENT_3D ( 'NONE', #1735, #1110, #2518 ) ;
#2402 = DIRECTION ( 'NONE',  ( 0.000000000000000000, -1.000000000000000000, -0.000000000000000000 ) ) ;
#2403 = COLOUR_RGB ( '',0.4941176470588235503, 0.4941176470588235503, 0.4941176470588235503 ) ;
#2404 =( NAMED_UNIT ( * ) SI_UNIT ( $, .STERADIAN. ) SOLID_ANGLE_UNIT ( ) );
#2405 =( GEOMETRIC_REPRESENTATION_CONTEXT ( 3 ) GLOBAL_UNCERTAINTY_ASSIGNED_CONTEXT ( ( #2288 ) ) GLOBAL_UNIT_ASSIGNED_CONTEXT ( ( #1603, #1245, #3223 ) ) REPRESENTATION_CONTEXT ( 'NONE', 'WORKASPACE' ) );
#2406 = MECHANICAL_DESIGN_GEOMETRIC_PRESENTATION_REPRESENTATION (  '', ( #1199 ), #3256 ) ;
#2407 =( NAMED_UNIT ( * ) SI_UNIT ( $, .STERADIAN. ) SOLID_ANGLE_UNIT ( ) );
#2408 =( BOUNDED_SURFACE ( )  B_SPLINE_SURFACE ( 3, 3, ( 
 ( #153, #784, #1628, #2697 ),
 ( #4059, #3385, #2673, #1899 ),
 ( #2323, #2648, #3764, #1537 ),
 ( #3436, #2990, #3070, #2597 ) ),
 .UNSPECIFIED., .F., .F., .F. ) 
 B_SPLINE_SURFACE_WITH_KNOTS ( ( 4, 4 ),
 ( 4, 4 ),
 ( 0.000000000000000000, 1.000000000000000000 ),
 ( 0.000000000000000000, 1.000000000000000000 ),
 .UNSPECIFIED. ) 
 GEOMETRIC_REPRESENTATION_ITEM ( )  RATIONAL_B_SPLINE_SURFACE ( (
 ( 1.000000000000000000, 0.8047378541243634942, 0.8047378541243634942, 1.000000000000000000),
 ( 0.3333333333333329263, 0.2682459513747875168, 0.2682459513747875168, 0.3333333333333329263),
 ( 0.3333333333333329263, 0.2682459513747875168, 0.2682459513747875168, 0.3333333333333329263),
 ( 1.000000000000000000, 0.8047378541243634942, 0.8047378541243634942, 1.000000000000000000) ) ) 
 REPRESENTATION_ITEM ( '' )  SURFACE ( )  );
#2409 = EDGE_LOOP ( 'NONE', ( #556, #169 ) ) ;
#2410 = CARTESIAN_POINT ( 'NONE',  ( 0.000000000000000000, 0.000000000000000000, 0.000000000000000000 ) ) ;
#2411 = VECTOR ( 'NONE', #1887, 1000.000000000000114 ) ;
#2412 = LINE ( 'NONE', #4231, #2196 ) ;
#2413 = PRESENTATION_LAYER_ASSIGNMENT (  '', '', ( #2486 ) ) ;
#2414 = VECTOR ( 'NONE', #4198, 1000.000000000000114 ) ;
#2416 = DIRECTION ( 'NONE',  ( 0.000000000000000000, 1.000000000000000000, 0.000000000000000000 ) ) ;
#2415 = DIRECTION ( 'NONE',  ( -0.9396926207859072067, 0.000000000000000000, -0.3420201433256721546 ) ) ;
#2417 = EDGE_CURVE ( 'NONE', #4720, #2571, #350, .T. ) ;
#2418 = LINE ( 'NONE', #3884, #3170 ) ;
#2419 = MECHANICAL_DESIGN_GEOMETRIC_PRESENTATION_REPRESENTATION (  '', ( #1210 ), #428 ) ;
#2420 = VERTEX_POINT ( 'NONE', #614 ) ;
#2421 = LINE ( 'NONE', #512, #821 ) ;
#2422 = EDGE_CURVE ( 'NONE', #532, #322, #4295, .T. ) ;
#2423 = SHAPE_DEFINITION_REPRESENTATION ( #183, #4492 ) ;
#2424 = VERTEX_POINT ( 'NONE', #3607 ) ;
#2425 = FILL_AREA_STYLE ('',( #4076 ) ) ;
#2426 = AXIS2_PLACEMENT_3D ( 'NONE', #1725, #3882, #2815 ) ;
#2427 = DIRECTION ( 'NONE',  ( -0.9396926207859093161, 0.000000000000000000, 0.3420201433256663814 ) ) ;
#2428 = EDGE_LOOP ( 'NONE', ( #2778, #2976, #1544, #4060 ) ) ;
#2429 = DIRECTION ( 'NONE',  ( 0.000000000000000000, -0.000000000000000000, -1.000000000000000000 ) ) ;
#2430 =( LENGTH_UNIT ( ) NAMED_UNIT ( * ) SI_UNIT ( .MILLI., .METRE. ) );
#2431 =( LENGTH_UNIT ( ) NAMED_UNIT ( * ) SI_UNIT ( .MILLI., .METRE. ) );
#2432 = CARTESIAN_POINT ( 'NONE',  ( 3.504373707781806235, 0.000000000000000000, -0.3200399999999913869 ) ) ;
#2433 = CARTESIAN_POINT ( 'NONE',  ( 5.083498816721894187, -2.058358816721816087, -8.189511685935268628E-17 ) ) ;
#2434 = EDGE_CURVE ( 'NONE', #3555, #2812, #4644, .T. ) ;
#2435 = DIRECTION ( 'NONE',  ( -0.000000000000000000, 1.000000000000000000, -0.000000000000000000 ) ) ;
#2436 = VERTEX_POINT ( 'NONE', #327 ) ;
#2437 = CYLINDRICAL_SURFACE ( 'NONE', #1577, 0.5461000000000006960 ) ;
#2438 = ORIENTED_EDGE ( 'NONE', *, *, #2765, .T. ) ;
#2439 = UNCERTAINTY_MEASURE_WITH_UNIT (LENGTH_MEASURE( 1.000000000000000082E-05 ), #955, 'distance_accuracy_value', 'NONE');
#2441 = LINE ( 'NONE', #3288, #4681 ) ;
#2440 = CARTESIAN_POINT ( 'NONE',  ( 6.044373707781806715, 0.000000000000000000, -1.270000000000004903 ) ) ;
#2442 = DIRECTION ( 'NONE',  ( 0.3420201433256638834, 0.000000000000000000, -0.9396926207859100932 ) ) ;
#2443 = ORIENTED_EDGE ( 'NONE', *, *, #4347, .F. ) ;
#2444 = FACE_OUTER_BOUND ( 'NONE', #3735, .T. ) ;
#2445 = SURFACE_STYLE_FILL_AREA ( #3519 ) ;
#2446 = AXIS2_PLACEMENT_3D ( 'NONE', #1740, #2449, #4609 ) ;
#2447 = CARTESIAN_POINT ( 'NONE',  ( 3.504373707781806235, 0.000000000000000000, -1.270000000000004903 ) ) ;
#2448 = FILL_AREA_STYLE ('',( #1002 ) ) ;
#2449 = DIRECTION ( 'NONE',  ( 0.000000000000000000, -1.000000000000000000, 0.000000000000000000 ) ) ;
#2450 = DIRECTION ( 'NONE',  ( -1.000000000000000000, -0.000000000000000000, -0.000000000000000000 ) ) ;
#2451 = PLANE ( 'NONE',  #3009 ) ;
#2452 = EDGE_CURVE ( 'NONE', #6, #2424, #2124, .T. ) ;
#2453 = ORIENTED_EDGE ( 'NONE', *, *, #3674, .F. ) ;
#2454 = AXIS2_PLACEMENT_3D ( 'NONE', #13, #1479, #459 ) ;
#2455 = ORIENTED_EDGE ( 'NONE', *, *, #4238, .T. ) ;
#2456 = FILL_AREA_STYLE_COLOUR ( '', #201 ) ;
#2457 = SURFACE_STYLE_USAGE ( .BOTH. , #1011 ) ;
#2458 = ORIENTED_EDGE ( 'NONE', *, *, #1700, .T. ) ;
#2459 = DIRECTION ( 'NONE',  ( 1.000000000000000000, -0.000000000000000000, 1.506739769771851316E-15 ) ) ;
#2460 =( LENGTH_UNIT ( ) NAMED_UNIT ( * ) SI_UNIT ( .MILLI., .METRE. ) );
#2462 = SURFACE_STYLE_FILL_AREA ( #2514 ) ;
#2461 = PRESENTATION_STYLE_ASSIGNMENT (( #3456 ) ) ;
#2463 = VECTOR ( 'NONE', #675, 1000.000000000000000 ) ;
#2464 = SURFACE_STYLE_USAGE ( .BOTH. , #4282 ) ;
#2465 = FACE_OUTER_BOUND ( 'NONE', #4319, .T. ) ;
#2466 = CARTESIAN_POINT ( 'NONE',  ( 4.614379107781807932, 0.000000000000000000, -2.139949999999988695 ) ) ;
#2467 = UNCERTAINTY_MEASURE_WITH_UNIT (LENGTH_MEASURE( 1.000000000000000082E-05 ), #4686, 'distance_accuracy_value', 'NONE');
#2468 = ORIENTED_EDGE ( 'NONE', *, *, #2667, .F. ) ;
#2469 = DIRECTION ( 'NONE',  ( 0.000000000000000000, -1.000000000000000000, -0.000000000000000000 ) ) ;
#2470 = EDGE_CURVE ( 'NONE', #1100, #3332, #1707, .T. ) ;
#2471 = EDGE_CURVE ( 'NONE', #2947, #2420, #4618, .T. ) ;
#2472 = CARTESIAN_POINT ( 'NONE',  ( -0.3056262922181931518, -2.794000000000000039, -2.139949999999997132 ) ) ;
#2473 = CARTESIAN_POINT ( 'NONE',  ( 4.227651986100122272, 3.750456499536451474E-17, -0.3062480138883852954 ) ) ;
#2474 = VECTOR ( 'NONE', #4118, 1000.000000000000114 ) ;
#2475 = EDGE_CURVE ( 'NONE', #3090, #2854, #3636, .T. ) ;
#2476 =( NAMED_UNIT ( * ) PLANE_ANGLE_UNIT ( ) SI_UNIT ( $, .RADIAN. ) );
#2477 = PLANE ( 'NONE',  #4008 ) ;
#2478 = ORIENTED_EDGE ( 'NONE', *, *, #2278, .T. ) ;
#2479 = ORIENTED_EDGE ( 'NONE', *, *, #2264, .T. ) ;
#2480 = PRESENTATION_LAYER_ASSIGNMENT (  '', '', ( #3477 ) ) ;
#2481 = DIRECTION ( 'NONE',  ( 8.820551857043884749E-15, 1.000000000000000000, 4.037223026264497295E-17 ) ) ;
#2482 = ORIENTED_EDGE ( 'NONE', *, *, #539, .F. ) ;
#2483 = AXIS2_PLACEMENT_3D ( 'NONE', #4471, #2661, #1136 ) ;
#2484 = CARTESIAN_POINT ( 'NONE',  ( 12.23435370778180875, -2.794000000000000039, -0.4000499999999817535 ) ) ;
#2485 = PLANE ( 'NONE',  #3398 ) ;
#2486 = STYLED_ITEM ( 'NONE', ( #608 ), #3681 ) ;
#2487 = UNCERTAINTY_MEASURE_WITH_UNIT (LENGTH_MEASURE( 1.000000000000000082E-05 ), #3709, 'distance_accuracy_value', 'NONE');
#2489 = CARTESIAN_POINT ( 'NONE',  ( 0.7620000000000404228, 0.000000000000000000, 0.000000000000000000 ) ) ;
#2488 = FILL_AREA_STYLE_COLOUR ( '', #4001 ) ;
#2490 = STYLED_ITEM ( 'NONE', ( #1281 ), #1959 ) ;
#2491 = FILL_AREA_STYLE ('',( #1731 ) ) ;
#2492 = VECTOR ( 'NONE', #863, 1000.000000000000000 ) ;
#2493 = CARTESIAN_POINT ( 'NONE',  ( 4.676140000000003738, 0.2540000000000746105, 1.887862008203631788E-16 ) ) ;
#2494 = DIRECTION ( 'NONE',  ( -1.000000000000000000, 0.000000000000000000, -0.000000000000000000 ) ) ;
#2495 = EDGE_LOOP ( 'NONE', ( #4444, #1275, #847, #1181 ) ) ;
#2496 = STYLED_ITEM ( 'NONE', ( #3115 ), #3410 ) ;
#2497 = ADVANCED_FACE ( 'NONE', ( #3905 ), #631, .T. ) ;
#2498 = CARTESIAN_POINT ( 'NONE',  ( 2.539974600000003413, -2.794000000000000039, -2.539999999999993374 ) ) ;
#2499 = VECTOR ( 'NONE', #4113, 1000.000000000000000 ) ;
#2500 = SURFACE_STYLE_USAGE ( .BOTH. , #1804 ) ;
#2501 = CARTESIAN_POINT ( 'NONE',  ( 5.079974600000002560, -2.794000000000000039, -2.539999999999989377 ) ) ;
#2502 = FACE_OUTER_BOUND ( 'NONE', #3364, .T. ) ;
#2503 =( LENGTH_UNIT ( ) NAMED_UNIT ( * ) SI_UNIT ( .MILLI., .METRE. ) );
#2504 = LINE ( 'NONE', #3986, #4557 ) ;
#2505 = EDGE_LOOP ( 'NONE', ( #2053, #2478, #1280, #4000 ) ) ;
#2506 = ORIENTED_EDGE ( 'NONE', *, *, #3865, .T. ) ;
#2507 = SURFACE_STYLE_USAGE ( .BOTH. , #4690 ) ;
#2508 = CARTESIAN_POINT ( 'NONE',  ( 3.504373707781806235, -0.8940799999999984315, -1.270000000000004903 ) ) ;
#2509 = VERTEX_POINT ( 'NONE', #4392 ) ;
#2510 = PLANE ( 'NONE',  #4394 ) ;
#2511 = EDGE_CURVE ( 'NONE', #2287, #3154, #2951, .T. ) ;
#2512 = PRESENTATION_LAYER_ASSIGNMENT (  '', '', ( #3965 ) ) ;
#2514 = FILL_AREA_STYLE ('',( #3613 ) ) ;
#2513 = DIRECTION ( 'NONE',  ( 0.3420201433256663259, 0.000000000000000000, 0.9396926207859092051 ) ) ;
#2515 =( LENGTH_UNIT ( ) NAMED_UNIT ( * ) SI_UNIT ( .MILLI., .METRE. ) );
#2516 = EDGE_CURVE ( 'NONE', #1836, #3629, #2031, .T. ) ;
#2517 = EDGE_CURVE ( 'NONE', #2436, #4134, #2171, .T. ) ;
#2518 = DIRECTION ( 'NONE',  ( 0.000000000000000000, 0.000000000000000000, 1.000000000000000000 ) ) ;
#2519 = DIRECTION ( 'NONE',  ( 1.355298456929802892E-15, 0.000000000000000000, 1.000000000000000000 ) ) ;
#2520 = VERTEX_POINT ( 'NONE', #2215 ) ;
#2521 =( NAMED_UNIT ( * ) PLANE_ANGLE_UNIT ( ) SI_UNIT ( $, .RADIAN. ) );
#2522 = CARTESIAN_POINT ( 'NONE',  ( 3.469446951953614189E-15, -2.794000000000000039, -2.539999999999996927 ) ) ;
#2523 = ADVANCED_FACE ( 'NONE', ( #1859 ), #4421, .F. ) ;
#2524 = SURFACE_SIDE_STYLE ('',( #3265 ) ) ;
#2525 = CARTESIAN_POINT ( 'NONE',  ( 8.584373707781805862, 2.332957050962901456E-15, -0.3200399999999913869 ) ) ;
#2526 = FILL_AREA_STYLE_COLOUR ( '', #2696 ) ;
#2527 = CARTESIAN_POINT ( 'NONE',  ( 6.044373707781806715, -0.8940799999999984315, -2.219960000000018141 ) ) ;
#2528 = FILL_AREA_STYLE ('',( #2087 ) ) ;
#2529 = ORIENTED_EDGE ( 'NONE', *, *, #482, .T. ) ;
#2530 = PRESENTATION_LAYER_ASSIGNMENT (  '', '', ( #3595 ) ) ;
#2531 = ORIENTED_EDGE ( 'NONE', *, *, #408, .T. ) ;
#2532 = PRESENTATION_STYLE_ASSIGNMENT (( #4340 ) ) ;
#2533 = PLANE ( 'NONE',  #1042 ) ;
#2534 =( NAMED_UNIT ( * ) PLANE_ANGLE_UNIT ( ) SI_UNIT ( $, .RADIAN. ) );
#2535 = ORIENTED_EDGE ( 'NONE', *, *, #4314, .F. ) ;
#2536 =( GEOMETRIC_REPRESENTATION_CONTEXT ( 3 ) GLOBAL_UNCERTAINTY_ASSIGNED_CONTEXT ( ( #1686 ) ) GLOBAL_UNIT_ASSIGNED_CONTEXT ( ( #4209, #583, #3426 ) ) REPRESENTATION_CONTEXT ( 'NONE', 'WORKASPACE' ) );
#2537 = CIRCLE ( 'NONE', #3139, 0.2540000000000609548 ) ;
#2538 = SURFACE_SIDE_STYLE ('',( #4343 ) ) ;
#2539 = UNCERTAINTY_MEASURE_WITH_UNIT (LENGTH_MEASURE( 1.000000000000000082E-05 ), #835, 'distance_accuracy_value', 'NONE');
#2540 = CARTESIAN_POINT ( 'NONE',  ( 1.795864635369071038, 0.000000000000000000, 0.6730999999717822702 ) ) ;
#2541 = CIRCLE ( 'NONE', #2072, 0.7111999999999951694 ) ;
#2542 = AXIS2_PLACEMENT_3D ( 'NONE', #1165, #2614, #2707 ) ;
#2543 = PRESENTATION_STYLE_ASSIGNMENT (( #2102 ) ) ;
#2544 = ADVANCED_FACE ( 'NONE', ( #2885 ), #4341, .F. ) ;
#2545 = DIRECTION ( 'NONE',  ( 0.000000000000000000, -1.000000000000000000, -0.000000000000000000 ) ) ;
#2546 = SURFACE_STYLE_USAGE ( .BOTH. , #2155 ) ;
#2547 = ADVANCED_FACE ( 'NONE', ( #3441 ), #2659, .T. ) ;
#2548 = ORIENTED_EDGE ( 'NONE', *, *, #4347, .T. ) ;
#2549 =( GEOMETRIC_REPRESENTATION_CONTEXT ( 3 ) GLOBAL_UNCERTAINTY_ASSIGNED_CONTEXT ( ( #2282 ) ) GLOBAL_UNIT_ASSIGNED_CONTEXT ( ( #2104, #3282, #1483 ) ) REPRESENTATION_CONTEXT ( 'NONE', 'WORKASPACE' ) );
#2550 = DIRECTION ( 'NONE',  ( -0.3420201433256694901, 0.000000000000000000, -0.9396926207859080948 ) ) ;
#2551 = DIRECTION ( 'NONE',  ( 0.000000000000000000, 1.000000000000000000, -0.000000000000000000 ) ) ;
#2552 = COLOUR_RGB ( '',0.8000000000000000444, 0.8039215686274510109, 0.8000000000000000444 ) ;
#2553 = DIRECTION ( 'NONE',  ( 0.000000000000000000, 0.000000000000000000, 1.000000000000000000 ) ) ;
#2554 = ORIENTED_EDGE ( 'NONE', *, *, #2675, .T. ) ;
#2555 = ORIENTED_EDGE ( 'NONE', *, *, #3892, .F. ) ;
#2556 = FACE_OUTER_BOUND ( 'NONE', #3722, .T. ) ;
#2557 = COLOUR_RGB ( '',0.4941176470588235503, 0.4941176470588235503, 0.4941176470588235503 ) ;
#2558 = AXIS2_PLACEMENT_3D ( 'NONE', #262, #1068, #1482 ) ;
#2559 = ORIENTED_EDGE ( 'NONE', *, *, #3150, .F. ) ;
#2560 = PRESENTATION_LAYER_ASSIGNMENT (  '', '', ( #4623 ) ) ;
#2561 =( NAMED_UNIT ( * ) PLANE_ANGLE_UNIT ( ) SI_UNIT ( $, .RADIAN. ) );
#2562 = COLOUR_RGB ( '',0.4941176470588235503, 0.4941176470588235503, 0.4941176470588235503 ) ;
#2563 = VECTOR ( 'NONE', #1480, 1000.000000000000000 ) ;
#2564 = COLOUR_RGB ( '',0.4941176470588235503, 0.4941176470588235503, 0.4941176470588235503 ) ;
#2565 = FILL_AREA_STYLE ('',( #1775 ) ) ;
#2566 =( GEOMETRIC_REPRESENTATION_CONTEXT ( 3 ) GLOBAL_UNCERTAINTY_ASSIGNED_CONTEXT ( ( #2150 ) ) GLOBAL_UNIT_ASSIGNED_CONTEXT ( ( #1396, #1, #2185 ) ) REPRESENTATION_CONTEXT ( 'NONE', 'WORKASPACE' ) );
#2567 = AXIS2_PLACEMENT_3D ( 'NONE', #1316, #2756, #928 ) ;
#2568 = ADVANCED_BREP_SHAPE_REPRESENTATION ( '', ( #1336, #4608 ), #3688 ) ;
#2569 = DIRECTION ( 'NONE',  ( 0.3420201433256638834, 0.000000000000000000, -0.9396926207859100932 ) ) ;
#2570 = VECTOR ( 'NONE', #2383, 1000.000000000000114 ) ;
#2571 = VERTEX_POINT ( 'NONE', #890 ) ;
#2572 = AXIS2_PLACEMENT_3D ( 'NONE', #3360, #3047, #4414 ) ;
#2573 =( GEOMETRIC_REPRESENTATION_CONTEXT ( 3 ) GLOBAL_UNCERTAINTY_ASSIGNED_CONTEXT ( ( #967 ) ) GLOBAL_UNIT_ASSIGNED_CONTEXT ( ( #2062, #2374, #2761 ) ) REPRESENTATION_CONTEXT ( 'NONE', 'WORKASPACE' ) );
#2574 = FILL_AREA_STYLE ('',( #3597 ) ) ;
#2575 = LINE ( 'NONE', #4010, #3257 ) ;
#2576 = DIRECTION ( 'NONE',  ( -0.000000000000000000, 1.000000000000000000, -0.000000000000000000 ) ) ;
#2577 = CARTESIAN_POINT ( 'NONE',  ( 8.584373707781805862, 0.000000000000000000, -1.270000000000004903 ) ) ;
#2578 = EDGE_CURVE ( 'NONE', #1856, #322, #1130, .T. ) ;
#2579 = PRESENTATION_STYLE_ASSIGNMENT (( #4385 ) ) ;
#2580 = VERTEX_POINT ( 'NONE', #2279 ) ;
#2581 = EDGE_LOOP ( 'NONE', ( #1855, #3439 ) ) ;
#2582 = SURFACE_STYLE_FILL_AREA ( #1060 ) ;
#2583 = CARTESIAN_POINT ( 'NONE',  ( 7.154379107781808855, -2.794000000000000039, -2.139949999999988695 ) ) ;
#2584 = SURFACE_STYLE_FILL_AREA ( #4364 ) ;
#2585 = VERTEX_POINT ( 'NONE', #2704 ) ;
#2586 = CIRCLE ( 'NONE', #290, 0.9499600000000134603 ) ;
#2587 = FACE_OUTER_BOUND ( 'NONE', #1452, .T. ) ;
#2588 = UNCERTAINTY_MEASURE_WITH_UNIT (LENGTH_MEASURE( 1.000000000000000082E-05 ), #1755, 'distance_accuracy_value', 'NONE');
#2590 = DIRECTION ( 'NONE',  ( 0.000000000000000000, 0.000000000000000000, 1.000000000000000000 ) ) ;
#2589 = DIRECTION ( 'NONE',  ( 1.000000000000000000, 0.000000000000000000, 0.000000000000000000 ) ) ;
#2591 = SURFACE_STYLE_USAGE ( .BOTH. , #1108 ) ;
#2592 = COLOUR_RGB ( '',0.8000000000000000444, 0.8039215686274510109, 0.8000000000000000444 ) ;
#2593 = FACE_OUTER_BOUND ( 'NONE', #3726, .T. ) ;
#2594 = PRESENTATION_STYLE_ASSIGNMENT (( #15 ) ) ;
#2595 = ORIENTED_EDGE ( 'NONE', *, *, #4150, .T. ) ;
#2596 = CARTESIAN_POINT ( 'NONE',  ( 9.548772815563612681, 0.000000000000000000, -2.539999999999996927 ) ) ;
#2597 = CARTESIAN_POINT ( 'NONE',  ( 5.083498816721763625, -0.6613588167217943070, 1.235395541649797253E-16 ) ) ;
#2598 = FILL_AREA_STYLE ('',( #1151 ) ) ;
#2599 = LINE ( 'NONE', #1832, #1634 ) ;
#2600 = CIRCLE ( 'NONE', #2446, 0.9499600000000134603 ) ;
#2601 = DIRECTION ( 'NONE',  ( 0.000000000000000000, 0.000000000000000000, 1.000000000000000000 ) ) ;
#2602 = LINE ( 'NONE', #4040, #3604 ) ;
#2603 = EDGE_LOOP ( 'NONE', ( #305, #2134 ) ) ;
#2604 = ORIENTED_EDGE ( 'NONE', *, *, #1954, .T. ) ;
#2605 = FACE_OUTER_BOUND ( 'NONE', #1342, .T. ) ;
#2606 = EDGE_CURVE ( 'NONE', #678, #455, #3745, .T. ) ;
#2607 = DIRECTION ( 'NONE',  ( 0.000000000000000000, 0.000000000000000000, 1.000000000000000000 ) ) ;
#2608 = ORIENTED_EDGE ( 'NONE', *, *, #2827, .T. ) ;
#2609 = PRESENTATION_STYLE_ASSIGNMENT (( #2907 ) ) ;
#2610 = CARTESIAN_POINT ( 'NONE',  ( 9.309543707781818611, -0.8940799999999993197, -1.270000000000004903 ) ) ;
#2612 = CARTESIAN_POINT ( 'NONE',  ( 0.9643737077818061998, 2.332957050962901456E-15, -1.270000000000004903 ) ) ;
#2611 = LINE ( 'NONE', #4369, #2718 ) ;
#2613 =( NAMED_UNIT ( * ) SI_UNIT ( $, .STERADIAN. ) SOLID_ANGLE_UNIT ( ) );
#2614 = DIRECTION ( 'NONE',  ( 0.000000000000000000, 0.000000000000000000, 1.000000000000000000 ) ) ;
#2615 = VERTEX_POINT ( 'NONE', #3462 ) ;
#2616 = VECTOR ( 'NONE', #3623, 1000.000000000000000 ) ;
#2617 = STYLED_ITEM ( 'NONE', ( #1175 ), #4529 ) ;
#2618 = DIRECTION ( 'NONE',  ( 0.000000000000000000, 1.000000000000000000, 0.000000000000000000 ) ) ;
#2619 = MECHANICAL_DESIGN_GEOMETRIC_PRESENTATION_REPRESENTATION (  '', ( #2153 ), #2156 ) ;
#2620 = CYLINDRICAL_SURFACE ( 'NONE', #1751, 0.7251700000000131929 ) ;
#2621 = DIRECTION ( 'NONE',  ( -0.3420201433256663814, 0.000000000000000000, -0.9396926207859092051 ) ) ;
#2622 = EDGE_CURVE ( 'NONE', #930, #1079, #3103, .T. ) ;
#2623 = CARTESIAN_POINT ( 'NONE',  ( -0.1456062922181931285, 0.000000000000000000, -2.139949999999997132 ) ) ;
#2624 = PRESENTATION_STYLE_ASSIGNMENT (( #4085 ) ) ;
#2625 = DIRECTION ( 'NONE',  ( -1.000000000000000000, -0.000000000000000000, -0.000000000000000000 ) ) ;
#2626 = ADVANCED_FACE ( 'NONE', ( #4570, #3053 ), #1306, .F. ) ;
#2627 = VERTEX_POINT ( 'NONE', #4588 ) ;
#2628 = VERTEX_POINT ( 'NONE', #2021 ) ;
#2629 = CARTESIAN_POINT ( 'NONE',  ( -2.151220950713708485E-31, 0.000000000000000000, -6.189819526881968628E-32 ) ) ;
#2630 = ADVANCED_FACE ( 'NONE', ( #3405, #2689, #956, #2738, #4141, #4193 ), #2711, .F. ) ;
#2631 = DIRECTION ( 'NONE',  ( -0.000000000000000000, 1.000000000000000000, -0.000000000000000000 ) ) ;
#2632 = ORIENTED_EDGE ( 'NONE', *, *, #1145, .F. ) ;
#2633 = FILL_AREA_STYLE_COLOUR ( '', #269 ) ;
#2634 = CARTESIAN_POINT ( 'NONE',  ( 10.01436830778180820, 0.000000000000000000, -2.139949999999989139 ) ) ;
#2635 = PRESENTATION_LAYER_ASSIGNMENT (  '', '', ( #4237 ) ) ;
#2636 = UNCERTAINTY_MEASURE_WITH_UNIT (LENGTH_MEASURE( 1.000000000000000082E-05 ), #2207, 'distance_accuracy_value', 'NONE');
#2637 = VECTOR ( 'NONE', #1810, 1000.000000000000000 ) ;
#2638 = COLOUR_RGB ( '',0.4941176470588235503, 0.4941176470588235503, 0.4941176470588235503 ) ;
#2639 = CARTESIAN_POINT ( 'NONE',  ( 12.39437370778181879, 0.000000000000000000, -0.4000499999999815870 ) ) ;
#2640 = AXIS2_PLACEMENT_3D ( 'NONE', #3446, #3058, #2365 ) ;
#2641 = ORIENTED_EDGE ( 'NONE', *, *, #979, .F. ) ;
#2642 = LINE ( 'NONE', #2986, #569 ) ;
#2643 = PLANE ( 'NONE',  #1535 ) ;
#2645 = DIRECTION ( 'NONE',  ( 3.357208029738807697E-15, 1.000000000000000000, 1.417484439069005588E-31 ) ) ;
#2644 = PRESENTATION_LAYER_ASSIGNMENT (  '', '', ( #594 ) ) ;
#2646 = AXIS2_PLACEMENT_3D ( 'NONE', #2112, #3210, #3309 ) ;
#2647 = CIRCLE ( 'NONE', #3711, 0.6730999999999820460 ) ;
#2648 = CARTESIAN_POINT ( 'NONE',  ( 4.914765270083354842, -0.2540000000000333102, 0.5080000000001226867 ) ) ;
#2649 =( NAMED_UNIT ( * ) PLANE_ANGLE_UNIT ( ) SI_UNIT ( $, .RADIAN. ) );
#2650 = MECHANICAL_DESIGN_GEOMETRIC_PRESENTATION_REPRESENTATION (  '', ( #2490 ), #4103 ) ;
#2651 = VECTOR ( 'NONE', #3802, 1000.000000000000000 ) ;
#2652 = CARTESIAN_POINT ( 'NONE',  ( 8.584373707781805862, -0.8940799999999999859, -1.995170000000017874 ) ) ;
#2653 = FILL_AREA_STYLE_COLOUR ( '', #1415 ) ;
#2654 = PRESENTATION_LAYER_ASSIGNMENT (  '', '', ( #3487 ) ) ;
#2655 = ORIENTED_EDGE ( 'NONE', *, *, #466, .T. ) ;
#2656 = CARTESIAN_POINT ( 'NONE',  ( 10.01436830778180820, -2.794000000000000039, -0.4000499999999996281 ) ) ;
#2657 = PRESENTATION_LAYER_ASSIGNMENT (  '', '', ( #834 ) ) ;
#2658 = DIRECTION ( 'NONE',  ( -1.000000000000000000, -0.000000000000000000, -0.000000000000000000 ) ) ;
#2659 = CYLINDRICAL_SURFACE ( 'NONE', #749, 0.6730999999999820460 ) ;
#2660 = VERTEX_POINT ( 'NONE', #3089 ) ;
#2661 = DIRECTION ( 'NONE',  ( 0.000000000000000000, -1.000000000000000000, 0.000000000000000000 ) ) ;
#2662 = DIRECTION ( 'NONE',  ( 0.000000000000000000, -1.000000000000000000, 0.000000000000000000 ) ) ;
#2664 = CARTESIAN_POINT ( 'NONE',  ( 7.154379107781808855, -2.794000000000000039, -2.139949999999988695 ) ) ;
#2663 = DIRECTION ( 'NONE',  ( -1.000000000000000000, 0.000000000000000000, -1.506739769771851316E-15 ) ) ;
#2665 = CARTESIAN_POINT ( 'NONE',  ( 12.08874741556367738, -2.794000000000000039, -2.539999999999978719 ) ) ;
#2666 =( NAMED_UNIT ( * ) SI_UNIT ( $, .STERADIAN. ) SOLID_ANGLE_UNIT ( ) );
#2667 = EDGE_CURVE ( 'NONE', #532, #1632, #2186, .T. ) ;
#2668 = CARTESIAN_POINT ( 'NONE',  ( 8.584373707781802310, 1.235103434284735307E-14, -1.269999999999960938 ) ) ;
#2669 = ORIENTED_EDGE ( 'NONE', *, *, #3821, .T. ) ;
#2670 = ADVANCED_FACE ( 'NONE', ( #3498 ), #214, .F. ) ;
#2671 = ORIENTED_EDGE ( 'NONE', *, *, #3514, .F. ) ;
#2672 = UNCERTAINTY_MEASURE_WITH_UNIT (LENGTH_MEASURE( 1.000000000000000082E-05 ), #4587, 'distance_accuracy_value', 'NONE');
#2673 = CARTESIAN_POINT ( 'NONE',  ( 5.591498816721887088, -0.1251540363239031506, 0.5080000000001225757 ) ) ;
#2674 = CARTESIAN_POINT ( 'NONE',  ( 4.353789849825681735, -0.5080000000001373417, -0.2540000000000687819 ) ) ;
#2675 = EDGE_CURVE ( 'NONE', #3698, #855, #1970, .T. ) ;
#2676 = DIRECTION ( 'NONE',  ( 0.000000000000000000, 1.000000000000000000, 0.000000000000000000 ) ) ;
#2677 = CARTESIAN_POINT ( 'NONE',  ( 1.795864635369071038, 0.000000000000000000, 0.000000000000000000 ) ) ;
#2678 = ORIENTED_EDGE ( 'NONE', *, *, #4098, .T. ) ;
#2679 =( LENGTH_UNIT ( ) NAMED_UNIT ( * ) SI_UNIT ( .MILLI., .METRE. ) );
#2680 = FACE_OUTER_BOUND ( 'NONE', #723, .T. ) ;
#2681 = VERTEX_POINT ( 'NONE', #3040 ) ;
#2682 = SURFACE_STYLE_USAGE ( .BOTH. , #3079 ) ;
#2683 = UNCERTAINTY_MEASURE_WITH_UNIT (LENGTH_MEASURE( 1.000000000000000082E-05 ), #1349, 'distance_accuracy_value', 'NONE');
#2685 = LINE ( 'NONE', #2664, #20 ) ;
#2684 =( NAMED_UNIT ( * ) SI_UNIT ( $, .STERADIAN. ) SOLID_ANGLE_UNIT ( ) );
#2686 = LINE ( 'NONE', #4520, #1368 ) ;
#2687 =( LENGTH_UNIT ( ) NAMED_UNIT ( * ) SI_UNIT ( .MILLI., .METRE. ) );
#2688 = VERTEX_POINT ( 'NONE', #4505 ) ;
#2689 = FACE_BOUND ( 'NONE', #1690, .T. ) ;
#2690 = EDGE_CURVE ( 'NONE', #2372, #3609, #871, .T. ) ;
#2691 = VERTEX_POINT ( 'NONE', #1267 ) ;
#2692 = DIRECTION ( 'NONE',  ( -1.000000000000000000, -3.970709293056970820E-16, -0.000000000000000000 ) ) ;
#2693 = CARTESIAN_POINT ( 'NONE',  ( 3.860800000097697193, 0.000000000000000000, 0.000000000000000000 ) ) ;
#2694 =( NAMED_UNIT ( * ) SI_UNIT ( $, .STERADIAN. ) SOLID_ANGLE_UNIT ( ) );
#2695 = EDGE_CURVE ( 'NONE', #2030, #4256, #2824, .T. ) ;
#2696 = COLOUR_RGB ( '',0.4941176470588235503, 0.4941176470588235503, 0.4941176470588235503 ) ;
#2697 = CARTESIAN_POINT ( 'NONE',  ( 5.591498816721885312, -0.6613588167217959723, 1.439591381149478329E-19 ) ) ;
#2698 = PRESENTATION_LAYER_ASSIGNMENT (  '', '', ( #1708 ) ) ;
#2699 = CARTESIAN_POINT ( 'NONE',  ( 5.083498816721763625, -0.6613588167217943070, -4.344056753417122290E-17 ) ) ;
#2700 = DIRECTION ( 'NONE',  ( -0.9396926207859072067, 0.000000000000000000, -0.3420201433256721546 ) ) ;
#2701 = ORIENTED_EDGE ( 'NONE', *, *, #3209, .T. ) ;
#2702 =( LENGTH_UNIT ( ) NAMED_UNIT ( * ) SI_UNIT ( .MILLI., .METRE. ) );
#2703 = MECHANICAL_DESIGN_GEOMETRIC_PRESENTATION_REPRESENTATION (  '', ( #405 ), #1853 ) ;
#2704 = CARTESIAN_POINT ( 'NONE',  ( 5.079974600000001672, -2.794000000000000039, -1.928536506547174271E-18 ) ) ;
#2705 = ORIENTED_EDGE ( 'NONE', *, *, #4117, .T. ) ;
#2706 = CARTESIAN_POINT ( 'NONE',  ( 2.074379107781807896, 0.000000000000000000, -2.139949999999988695 ) ) ;
#2707 = DIRECTION ( 'NONE',  ( 1.000000000000000000, 0.000000000000000000, 0.000000000000000000 ) ) ;
#2708 = ORIENTED_EDGE ( 'NONE', *, *, #2695, .F. ) ;
#2709 = PRESENTATION_STYLE_ASSIGNMENT (( #542 ) ) ;
#2710 = VECTOR ( 'NONE', #3491, 1000.000000000000114 ) ;
#2711 = PLANE ( 'NONE',  #4253 ) ;
#2712 = ORIENTED_EDGE ( 'NONE', *, *, #4032, .T. ) ;
#2713 = VECTOR ( 'NONE', #1720, 1000.000000000000114 ) ;
#2714 =( NAMED_UNIT ( * ) PLANE_ANGLE_UNIT ( ) SI_UNIT ( $, .RADIAN. ) );
#2715 = SURFACE_SIDE_STYLE ('',( #3409 ) ) ;
#2716 = UNCERTAINTY_MEASURE_WITH_UNIT (LENGTH_MEASURE( 1.000000000000000082E-05 ), #2687, 'distance_accuracy_value', 'NONE');
#2717 = CARTESIAN_POINT ( 'NONE',  ( 2.074379107781807896, 0.000000000000000000, -2.139949999999988695 ) ) ;
#2718 = VECTOR ( 'NONE', #2204, 1000.000000000000000 ) ;
#2719 = CARTESIAN_POINT ( 'NONE',  ( 4.934368307781808127, -2.794000000000000039, -2.139949999999989139 ) ) ;
#2720 = AXIS2_PLACEMENT_3D ( 'NONE', #3198, #4668, #4646 ) ;
#2721 = CARTESIAN_POINT ( 'NONE',  ( 5.083498816721894187, -2.058358816721816087, -4.336808689942017736E-16 ) ) ;
#2722 = VECTOR ( 'NONE', #962, 1000.000000000000000 ) ;
#2723 = ADVANCED_FACE ( 'NONE', ( #4697, #3933 ), #4649, .F. ) ;
#2724 = EDGE_LOOP ( 'NONE', ( #1170, #1661, #1835, #3041 ) ) ;
#2725 = VECTOR ( 'NONE', #122, 1000.000000000000000 ) ;
#2726 = CARTESIAN_POINT ( 'NONE',  ( 1.795864635369071038, 0.000000000000000000, 0.000000000000000000 ) ) ;
#2727 = SURFACE_SIDE_STYLE ('',( #4516 ) ) ;
#2728 = VECTOR ( 'NONE', #2481, 1000.000000000000000 ) ;
#2729 = AXIS2_PLACEMENT_3D ( 'NONE', #906, #3404, #131 ) ;
#2730 = DIRECTION ( 'NONE',  ( 0.000000000000000000, 0.000000000000000000, 1.000000000000000000 ) ) ;
#2731 = ADVANCED_FACE ( 'NONE', ( #4300 ), #4672, .F. ) ;
#2732 = VERTEX_POINT ( 'NONE', #4280 ) ;
#2733 = PRESENTATION_LAYER_ASSIGNMENT (  '', '', ( #2338 ) ) ;
#2734 = STYLED_ITEM ( 'NONE', ( #3656 ), #3503 ) ;
#2735 = UNCERTAINTY_MEASURE_WITH_UNIT (LENGTH_MEASURE( 1.000000000000000082E-05 ), #2431, 'distance_accuracy_value', 'NONE');
#2736 = CONTEXT_DEPENDENT_SHAPE_REPRESENTATION ( #3526, #3473 ) ;
#2737 = ORIENTED_EDGE ( 'NONE', *, *, #4006, .T. ) ;
#2738 = FACE_BOUND ( 'NONE', #964, .T. ) ;
#2739 = VERTEX_POINT ( 'NONE', #1754 ) ;
#2740 = DIRECTION ( 'NONE',  ( 8.820551857043884749E-15, 1.000000000000000000, 4.037223026264497295E-17 ) ) ;
#2741 = CARTESIAN_POINT ( 'NONE',  ( 5.591498816721887088, -0.1251540363239028175, -0.5080000000001214655 ) ) ;
#2742 = MECHANICAL_DESIGN_GEOMETRIC_PRESENTATION_REPRESENTATION (  '', ( #4120 ), #3657 ) ;
#2743 = DIRECTION ( 'NONE',  ( -0.000000000000000000, 1.000000000000000000, -0.000000000000000000 ) ) ;
#2744 = PRESENTATION_LAYER_ASSIGNMENT (  '', '', ( #3122 ) ) ;
#2745 = ORIENTED_EDGE ( 'NONE', *, *, #254, .F. ) ;
#2746 = SURFACE_SIDE_STYLE ('',( #4273 ) ) ;
#2747 = FILL_AREA_STYLE ('',( #3367 ) ) ;
#2748 = ORIENTED_EDGE ( 'NONE', *, *, #386, .F. ) ;
#2749 = CARTESIAN_POINT ( 'NONE',  ( 0.9643737077818061998, -0.8940799999999984315, -1.270000000000004903 ) ) ;
#2750 = EDGE_CURVE ( 'NONE', #2225, #1693, #2541, .T. ) ;
#2751 = SURFACE_SIDE_STYLE ('',( #947 ) ) ;
#2752 = PRODUCT_DEFINITION_SHAPE ( 'NONE', 'NONE',  #4728 ) ;
#2754 = SURFACE_STYLE_USAGE ( .BOTH. , #3827 ) ;
#2753 = LINE ( 'NONE', #2387, #2474 ) ;
#2755 = LINE ( 'NONE', #2665, #186 ) ;
#2756 = DIRECTION ( 'NONE',  ( -1.000000000000000000, 0.000000000000000000, 0.000000000000000000 ) ) ;
#2757 = ORIENTED_EDGE ( 'NONE', *, *, #4064, .F. ) ;
#2758 = CARTESIAN_POINT ( 'NONE',  ( 3.469446951953614189E-15, 0.000000000000000000, -2.539999999999996927 ) ) ;
#2759 = PLANE ( 'NONE',  #1177 ) ;
#2760 = AXIS2_PLACEMENT_3D ( 'NONE', #1583, #1655, #2375 ) ;
#2761 =( NAMED_UNIT ( * ) SI_UNIT ( $, .STERADIAN. ) SOLID_ANGLE_UNIT ( ) );
#2762 = CYLINDRICAL_SURFACE ( 'NONE', #2760, 0.7111999999999951694 ) ;
#2763 = PRESENTATION_LAYER_ASSIGNMENT (  '', '', ( #476 ) ) ;
#2764 = LINE ( 'NONE', #3795, #3786 ) ;
#2765 = EDGE_CURVE ( 'NONE', #2924, #972, #1413, .T. ) ;
#2766 = VECTOR ( 'NONE', #3975, 1000.000000000000000 ) ;
#2767 =( NAMED_UNIT ( * ) PLANE_ANGLE_UNIT ( ) SI_UNIT ( $, .RADIAN. ) );
#2768 =( GEOMETRIC_REPRESENTATION_CONTEXT ( 3 ) GLOBAL_UNCERTAINTY_ASSIGNED_CONTEXT ( ( #1364 ) ) GLOBAL_UNIT_ASSIGNED_CONTEXT ( ( #2460, #1972, #3068 ) ) REPRESENTATION_CONTEXT ( 'NONE', 'WORKASPACE' ) );
#2769 = CARTESIAN_POINT ( 'NONE',  ( 4.490320489685464267, 0.000000000000000000, 0.2540000000000526836 ) ) ;
#2770 = EDGE_CURVE ( 'NONE', #159, #3853, #1335, .T. ) ;
#2771 = ORIENTED_EDGE ( 'NONE', *, *, #1734, .T. ) ;
#2772 = LINE ( 'NONE', #3845, #3948 ) ;
#2773 = UNCERTAINTY_MEASURE_WITH_UNIT (LENGTH_MEASURE( 1.000000000000000082E-05 ), #833, 'distance_accuracy_value', 'NONE');
#2774 = PLANE ( 'NONE',  #2426 ) ;
#2776 = SURFACE_STYLE_FILL_AREA ( #1831 ) ;
#2775 = DIRECTION ( 'NONE',  ( 0.000000000000000000, 0.000000000000000000, 1.000000000000000000 ) ) ;
#2777 = CARTESIAN_POINT ( 'NONE',  ( 5.083498816721781388, 5.053641183278233306, 2.154867312552873637E-16 ) ) ;
#2778 = ORIENTED_EDGE ( 'NONE', *, *, #731, .F. ) ;
#2779 = LINE ( 'NONE', #3083, #1150 ) ;
#2780 = CARTESIAN_POINT ( 'NONE',  ( 0.000000000000000000, 0.000000000000000000, 0.000000000000000000 ) ) ;
#2781 = ORIENTED_EDGE ( 'NONE', *, *, #1683, .F. ) ;
#2782 =( NAMED_UNIT ( * ) SI_UNIT ( $, .STERADIAN. ) SOLID_ANGLE_UNIT ( ) );
#2783 =( NAMED_UNIT ( * ) PLANE_ANGLE_UNIT ( ) SI_UNIT ( $, .RADIAN. ) );
#2784 = SURFACE_SIDE_STYLE ('',( #4284 ) ) ;
#2785 = AXIS2_PLACEMENT_3D ( 'NONE', #2950, #1886, #1815 ) ;
#2786 = CARTESIAN_POINT ( 'NONE',  ( 0.2285999999999989707, 0.000000000000000000, 0.000000000000000000 ) ) ;
#2787 = AXIS2_PLACEMENT_3D ( 'NONE', #2077, #2058, #1067 ) ;
#2788 = LINE ( 'NONE', #2432, #2212 ) ;
#2789 = CARTESIAN_POINT ( 'NONE',  ( 0.000000000000000000, 0.000000000000000000, 0.000000000000000000 ) ) ;
#2790 = CARTESIAN_POINT ( 'NONE',  ( 8.584373707781805862, 0.000000000000000000, -1.270000000000004903 ) ) ;
#2791 = VERTEX_POINT ( 'NONE', #2152 ) ;
#2792 = SURFACE_STYLE_USAGE ( .BOTH. , #2881 ) ;
#2793 = CARTESIAN_POINT ( 'NONE',  ( 7.154379107781808855, 1.626303258728256651E-16, -0.4000499999999996836 ) ) ;
#2795 = CARTESIAN_POINT ( 'NONE',  ( 3.504373707781806235, -2.794000000000000039, -1.270000000000004903 ) ) ;
#2794 = CARTESIAN_POINT ( 'NONE',  ( 4.614379107781807932, -2.794000000000000039, -0.4000499999999996281 ) ) ;
#2796 = CARTESIAN_POINT ( 'NONE',  ( 1.549400000044443004, 0.000000000000000000, 0.000000000000000000 ) ) ;
#2797 = ORIENTED_EDGE ( 'NONE', *, *, #4036, .T. ) ;
#2798 = COLOUR_RGB ( '',0.4941176470588235503, 0.4941176470588235503, 0.4941176470588235503 ) ;
#2800 = AXIS2_PLACEMENT_3D ( 'NONE', #471, #2700, #3387 ) ;
#2799 = SURFACE_SIDE_STYLE ('',( #2097 ) ) ;
#2801 =( GEOMETRIC_REPRESENTATION_CONTEXT ( 3 ) GLOBAL_UNCERTAINTY_ASSIGNED_CONTEXT ( ( #2735 ) ) GLOBAL_UNIT_ASSIGNED_CONTEXT ( ( #2431, #3159, #3093 ) ) REPRESENTATION_CONTEXT ( 'NONE', 'WORKASPACE' ) );
#2802 = VECTOR ( 'NONE', #3692, 1000.000000000000000 ) ;
#2803 = LINE ( 'NONE', #4624, #412 ) ;
#2804 = ADVANCED_FACE ( 'NONE', ( #3253 ), #1710, .F. ) ;
#2805 = PRESENTATION_STYLE_ASSIGNMENT (( #1045 ) ) ;
#2806 = UNCERTAINTY_MEASURE_WITH_UNIT (LENGTH_MEASURE( 1.000000000000000082E-05 ), #846, 'distance_accuracy_value', 'NONE');
#2807 = EDGE_CURVE ( 'NONE', #3290, #809, #2267, .T. ) ;
#2808 = LINE ( 'NONE', #4332, #1761 ) ;
#2809 = DIRECTION ( 'NONE',  ( -1.000000000000000000, -0.000000000000000000, 0.000000000000000000 ) ) ;
#2810 = CARTESIAN_POINT ( 'NONE',  ( 4.490320489685464267, 3.110602869834922301E-17, -0.2540000000000526836 ) ) ;
#2811 = DIRECTION ( 'NONE',  ( 0.000000000000000000, 0.000000000000000000, 1.000000000000000000 ) ) ;
#2812 = VERTEX_POINT ( 'NONE', #2540 ) ;
#2813 = ORIENTED_EDGE ( 'NONE', *, *, #324, .T. ) ;
#2814 = UNCERTAINTY_MEASURE_WITH_UNIT (LENGTH_MEASURE( 1.000000000000000082E-05 ), #1622, 'distance_accuracy_value', 'NONE');
#2815 = DIRECTION ( 'NONE',  ( -0.3420201433256694901, 0.000000000000000000, -0.9396926207859080948 ) ) ;
#2816 =( NAMED_UNIT ( * ) SI_UNIT ( $, .STERADIAN. ) SOLID_ANGLE_UNIT ( ) );
#2817 = SURFACE_STYLE_FILL_AREA ( #3221 ) ;
#2818 = ORIENTED_EDGE ( 'NONE', *, *, #1774, .F. ) ;
#2819 = CARTESIAN_POINT ( 'NONE',  ( 1.549400000000012323, 0.7111999999999951694, 0.000000000000000000 ) ) ;
#2820 =( NAMED_UNIT ( * ) PLANE_ANGLE_UNIT ( ) SI_UNIT ( $, .RADIAN. ) );
#2821 = AXIS2_PLACEMENT_3D ( 'NONE', #1049, #2845, #4248 ) ;
#2822 = EDGE_CURVE ( 'NONE', #1196, #655, #1328, .T. ) ;
#2823 = EDGE_CURVE ( 'NONE', #1722, #3805, #1504, .T. ) ;
#2824 = LINE ( 'NONE', #2868, #1772 ) ;
#2825 = DIRECTION ( 'NONE',  ( 0.9396926207858671276, -0.000000000000000000, 0.3420201433257821222 ) ) ;
#2826 = ORIENTED_EDGE ( 'NONE', *, *, #10, .F. ) ;
#2827 = EDGE_CURVE ( 'NONE', #2615, #700, #1703, .T. ) ;
#2828 = CARTESIAN_POINT ( 'NONE',  ( 9.694379107781808003, 0.000000000000000000, -2.139949999999988695 ) ) ;
#2829 = FACE_OUTER_BOUND ( 'NONE', #4114, .T. ) ;
#2830 = FILL_AREA_STYLE ('',( #177 ) ) ;
#2831 = CARTESIAN_POINT ( 'NONE',  ( 4.227651986100122272, 0.6124960277767703687, 0.3062480138883852399 ) ) ;
#2832 = DIRECTION ( 'NONE',  ( 7.941418586113940655E-16, -1.000000000000000000, 0.000000000000000000 ) ) ;
#2833 = CARTESIAN_POINT ( 'NONE',  ( 0.9643737077818061998, 0.000000000000000000, -1.270000000000004903 ) ) ;
#2834 = ORIENTED_EDGE ( 'NONE', *, *, #2470, .T. ) ;
#2835 = ORIENTED_EDGE ( 'NONE', *, *, #3035, .T. ) ;
#2836 = SURFACE_STYLE_USAGE ( .BOTH. , #582 ) ;
#2837 = CARTESIAN_POINT ( 'NONE',  ( 11.12437370778180679, -0.8940799999999984315, -0.3200399999999913869 ) ) ;
#2838 = PRESENTATION_STYLE_ASSIGNMENT (( #4323 ) ) ;
#2839 = ORIENTED_EDGE ( 'NONE', *, *, #4458, .F. ) ;
#2840 =( LENGTH_UNIT ( ) NAMED_UNIT ( * ) SI_UNIT ( .MILLI., .METRE. ) );
#2842 = DIRECTION ( 'NONE',  ( -0.9396926207859093161, 0.000000000000000000, 0.3420201433256663814 ) ) ;
#2841 = LINE ( 'NONE', #686, #4302 ) ;
#2843 = CARTESIAN_POINT ( 'NONE',  ( 3.504373707781806235, 2.332957050962901456E-15, -2.219960000000018141 ) ) ;
#2844 = VERTEX_POINT ( 'NONE', #2177 ) ;
#2845 = DIRECTION ( 'NONE',  ( 0.000000000000000000, -1.000000000000000000, 0.000000000000000000 ) ) ;
#2846 = DIRECTION ( 'NONE',  ( -1.000000000000000000, 0.000000000000000000, -0.000000000000000000 ) ) ;
#2847 = COLOUR_RGB ( '',0.4941176470588235503, 0.4941176470588235503, 0.4941176470588235503 ) ;
#2848 = PRESENTATION_STYLE_ASSIGNMENT (( #741 ) ) ;
#2849 = CARTESIAN_POINT ( 'NONE',  ( 12.08874741556367738, 0.000000000000000000, -2.539999999999978719 ) ) ;
#2850 = EDGE_CURVE ( 'NONE', #3783, #1786, #1633, .T. ) ;
#2851 = COLOUR_RGB ( '',0.4941176470588235503, 0.4941176470588235503, 0.4941176470588235503 ) ;
#2852 =( LENGTH_UNIT ( ) NAMED_UNIT ( * ) SI_UNIT ( .MILLI., .METRE. ) );
#2853 = VERTEX_POINT ( 'NONE', #2242 ) ;
#2854 = VERTEX_POINT ( 'NONE', #1187 ) ;
#2855 = STYLED_ITEM ( 'NONE', ( #4659 ), #4374 ) ;
#2856 =( LENGTH_UNIT ( ) NAMED_UNIT ( * ) SI_UNIT ( .MILLI., .METRE. ) );
#2857 = EDGE_CURVE ( 'NONE', #809, #1830, #4095, .T. ) ;
#2858 = DIRECTION ( 'NONE',  ( -0.3420201433256720991, 0.000000000000000000, 0.9396926207859070956 ) ) ;
#2859 = EDGE_CURVE ( 'NONE', #322, #2853, #4137, .T. ) ;
#2860 = CARTESIAN_POINT ( 'NONE',  ( 2.394368307781808092, -2.794000000000000039, -2.139949999999989139 ) ) ;
#2861 = ORIENTED_EDGE ( 'NONE', *, *, #1034, .F. ) ;
#2862 = COLOUR_RGB ( '',0.8000000000000000444, 0.8039215686274510109, 0.8000000000000000444 ) ;
#2863 = PRESENTATION_STYLE_ASSIGNMENT (( #1409 ) ) ;
#2864 = CARTESIAN_POINT ( 'NONE',  ( 0.000000000000000000, 0.000000000000000000, 0.000000000000000000 ) ) ;
#2865 = STYLED_ITEM ( 'NONE', ( #2848 ), #3740 ) ;
#2866 = CIRCLE ( 'NONE', #4391, 0.9499600000000134603 ) ;
#2868 = CARTESIAN_POINT ( 'NONE',  ( 8.584373707781805862, 0.000000000000000000, -0.5448299999999917098 ) ) ;
#2867 = DIRECTION ( 'NONE',  ( 0.000000000000000000, 0.000000000000000000, 1.000000000000000000 ) ) ;
#2869 = AXIS2_PLACEMENT_3D ( 'NONE', #3464, #1662, #893 ) ;
#2870 = SURFACE_STYLE_FILL_AREA ( #4346 ) ;
#2871 = COLOUR_RGB ( '',0.8000000000000000444, 0.8039215686274510109, 0.8000000000000000444 ) ;
#2872 = PRESENTATION_STYLE_ASSIGNMENT (( #1435 ) ) ;
#2873 = DIRECTION ( 'NONE',  ( -0.000000000000000000, 1.000000000000000000, -0.000000000000000000 ) ) ;
#2874 =( NAMED_UNIT ( * ) SI_UNIT ( $, .STERADIAN. ) SOLID_ANGLE_UNIT ( ) );
#2875 = ORIENTED_EDGE ( 'NONE', *, *, #2964, .F. ) ;
#2876 = MECHANICAL_DESIGN_GEOMETRIC_PRESENTATION_REPRESENTATION (  '', ( #2496 ), #4640 ) ;
#2877 = CARTESIAN_POINT ( 'NONE',  ( -3.049318610115481221E-16, 0.000000000000000000, -2.539999999999996927 ) ) ;
#2878 = DIRECTION ( 'NONE',  ( -1.000000000000000000, 0.000000000000000000, -0.000000000000000000 ) ) ;
#2879 =( LENGTH_UNIT ( ) NAMED_UNIT ( * ) SI_UNIT ( .MILLI., .METRE. ) );
#2880 =( LENGTH_UNIT ( ) NAMED_UNIT ( * ) SI_UNIT ( .MILLI., .METRE. ) );
#2881 = SURFACE_SIDE_STYLE ('',( #300 ) ) ;
#2882 = ORIENTED_EDGE ( 'NONE', *, *, #4310, .F. ) ;
#2883 = ORIENTED_EDGE ( 'NONE', *, *, #282, .F. ) ;
#2884 = SURFACE_STYLE_FILL_AREA ( #47 ) ;
#2885 = FACE_OUTER_BOUND ( 'NONE', #4046, .T. ) ;
#2886 = ORIENTED_EDGE ( 'NONE', *, *, #1623, .F. ) ;
#2887 = MECHANICAL_DESIGN_GEOMETRIC_PRESENTATION_REPRESENTATION (  '', ( #896 ), #2126 ) ;
#2888 = EDGE_CURVE ( 'NONE', #166, #2047, #2292, .T. ) ;
#2889 = SURFACE_SIDE_STYLE ('',( #1457 ) ) ;
#2890 = VECTOR ( 'NONE', #1339, 1000.000000000000000 ) ;
#2891 = DIRECTION ( 'NONE',  ( -0.5150380749322449603, 0.8571673006887787771, 1.049727191122289891E-16 ) ) ;
#2892 = MANIFOLD_SOLID_BREP ( 'Imported1', #3259 ) ;
#2893 = DIRECTION ( 'NONE',  ( 0.000000000000000000, 0.000000000000000000, 1.000000000000000000 ) ) ;
#2894 = ORIENTED_EDGE ( 'NONE', *, *, #2169, .T. ) ;
#2895 = DIRECTION ( 'NONE',  ( 0.000000000000000000, 0.000000000000000000, 1.000000000000000000 ) ) ;
#2896 = DIRECTION ( 'NONE',  ( 0.3420201433256663259, 0.000000000000000000, 0.9396926207859092051 ) ) ;
#2897 = DIRECTION ( 'NONE',  ( 0.000000000000000000, 0.000000000000000000, 1.000000000000000000 ) ) ;
#2898 = SURFACE_SIDE_STYLE ('',( #4382 ) ) ;
#2899 = LINE ( 'NONE', #3578, #3277 ) ;
#2900 = ORIENTED_EDGE ( 'NONE', *, *, #1363, .T. ) ;
#2901 = ORIENTED_EDGE ( 'NONE', *, *, #316, .F. ) ;
#2902 = EDGE_CURVE ( 'NONE', #4525, #2585, #4370, .T. ) ;
#2903 = PRESENTATION_LAYER_ASSIGNMENT (  '', '', ( #1264 ) ) ;
#2904 = ORIENTED_EDGE ( 'NONE', *, *, #2859, .T. ) ;
#2905 = AXIS2_PLACEMENT_3D ( 'NONE', #3731, #2933, #2910 ) ;
#2906 = AXIS2_PLACEMENT_3D ( 'NONE', #2447, #3048, #4513 ) ;
#2907 = SURFACE_STYLE_USAGE ( .BOTH. , #2954 ) ;
#2908 = UNCERTAINTY_MEASURE_WITH_UNIT (LENGTH_MEASURE( 1.000000000000000082E-05 ), #640, 'distance_accuracy_value', 'NONE');
#2910 = DIRECTION ( 'NONE',  ( 0.000000000000000000, 0.000000000000000000, 1.000000000000000000 ) ) ;
#2909 = CARTESIAN_POINT ( 'NONE',  ( 2.539974600000003413, -2.794000000000000039, -2.539999999999996039 ) ) ;
#2911 = MECHANICAL_DESIGN_GEOMETRIC_PRESENTATION_REPRESENTATION (  '', ( #3603 ), #2297 ) ;
#2912 = COLOUR_RGB ( '',0.4941176470588235503, 0.4941176470588235503, 0.4941176470588235503 ) ;
#2913 = SURFACE_STYLE_USAGE ( .BOTH. , #1163 ) ;
#2914 = EDGE_CURVE ( 'NONE', #3008, #2585, #4498, .T. ) ;
#2915 = DIRECTION ( 'NONE',  ( 0.000000000000000000, 0.000000000000000000, 1.000000000000000000 ) ) ;
#2916 = CARTESIAN_POINT ( 'NONE',  ( 12.08874741556356724, -2.794000000000000039, 0.000000000000000000 ) ) ;
#2917 = DIRECTION ( 'NONE',  ( -0.000000000000000000, 1.000000000000000000, -0.000000000000000000 ) ) ;
#2918 = CYLINDRICAL_SURFACE ( 'NONE', #4251, 0.9499600000000134603 ) ;
#2919 = SURFACE_STYLE_USAGE ( .BOTH. , #1490 ) ;
#2920 = VECTOR ( 'NONE', #1730, 1000.000000000000227 ) ;
#2921 = DIRECTION ( 'NONE',  ( 0.000000000000000000, 0.000000000000000000, 1.000000000000000000 ) ) ;
#2922 = FACE_OUTER_BOUND ( 'NONE', #3508, .T. ) ;
#2923 = ORIENTED_EDGE ( 'NONE', *, *, #4654, .F. ) ;
#2924 = VERTEX_POINT ( 'NONE', #2363 ) ;
#2925 = SURFACE_SIDE_STYLE ('',( #2582 ) ) ;
#2926 = MECHANICAL_DESIGN_GEOMETRIC_PRESENTATION_REPRESENTATION (  '', ( #415 ), #38 ) ;
#2927 = PLANE ( 'NONE',  #3238 ) ;
#2928 =( LENGTH_UNIT ( ) NAMED_UNIT ( * ) SI_UNIT ( .MILLI., .METRE. ) );
#2929 = VERTEX_POINT ( 'NONE', #1261 ) ;
#2930 = CIRCLE ( 'NONE', #2091, 0.7251700000000131929 ) ;
#2931 = FILL_AREA_STYLE_COLOUR ( '', #2562 ) ;
#2933 = DIRECTION ( 'NONE',  ( -0.000000000000000000, 1.000000000000000000, -0.000000000000000000 ) ) ;
#2932 = CARTESIAN_POINT ( 'NONE',  ( 12.39437370778181879, -2.794000000000000039, -2.139949999999958941 ) ) ;
#2934 = AXIS2_PLACEMENT_3D ( 'NONE', #1821, #1139, #4074 ) ;
#2935 = MECHANICAL_DESIGN_GEOMETRIC_PRESENTATION_REPRESENTATION (  '', ( #3111 ), #3480 ) ;
#2936 = AXIS2_PLACEMENT_3D ( 'NONE', #2378, #4610, #572 ) ;
#2937 = AXIS2_PLACEMENT_3D ( 'NONE', #2127, #4692, #4325 ) ;
#2938 = AXIS2_PLACEMENT_3D ( 'NONE', #4719, #51, #800 ) ;
#2939 = SURFACE_STYLE_USAGE ( .BOTH. , #841 ) ;
#2940 = CARTESIAN_POINT ( 'NONE',  ( 8.584373707781805862, 2.332957050962901456E-15, -2.219960000000018141 ) ) ;
#2941 = FILL_AREA_STYLE ('',( #3670 ) ) ;
#2942 = EDGE_CURVE ( 'NONE', #3586, #3759, #4473, .T. ) ;
#2943 = STYLED_ITEM ( 'NONE', ( #3448 ), #3359 ) ;
#2944 = CARTESIAN_POINT ( 'NONE',  ( -0.3056262922181931518, -2.794000000000000039, -0.4000499999999999057 ) ) ;
#2945 = DIRECTION ( 'NONE',  ( 0.000000000000000000, -1.000000000000000000, -0.000000000000000000 ) ) ;
#2946 = SURFACE_STYLE_FILL_AREA ( #3362 ) ;
#2947 = VERTEX_POINT ( 'NONE', #4160 ) ;
#2948 = ORIENTED_EDGE ( 'NONE', *, *, #4679, .F. ) ;
#2949 = LINE ( 'NONE', #4419, #3106 ) ;
#2950 = CARTESIAN_POINT ( 'NONE',  ( 7.474368307781808163, -2.794000000000000039, -0.4000499999999996281 ) ) ;
#2951 = LINE ( 'NONE', #1134, #4559 ) ;
#2952 = ORIENTED_EDGE ( 'NONE', *, *, #1481, .T. ) ;
#2953 = STYLED_ITEM ( 'NONE', ( #2174 ), #219 ) ;
#2954 = SURFACE_SIDE_STYLE ('',( #1889 ) ) ;
#2955 = CARTESIAN_POINT ( 'NONE',  ( 6.044373707781806715, 2.332957050962901456E-15, -1.270000000000004903 ) ) ;
#2957 = CARTESIAN_POINT ( 'NONE',  ( 7.154379107781808855, -2.794000000000000039, -0.4000499999999996281 ) ) ;
#2956 = DIRECTION ( 'NONE',  ( 0.000000000000000000, 0.000000000000000000, 1.000000000000000000 ) ) ;
#2958 = CARTESIAN_POINT ( 'NONE',  ( 5.083498816721891522, -2.566358816721769021, 0.2975795103144400211 ) ) ;
#2959 = PRESENTATION_LAYER_ASSIGNMENT (  '', '', ( #4120 ) ) ;
#2960 = PLANE ( 'NONE',  #2298 ) ;
#2961 = ORIENTED_EDGE ( 'NONE', *, *, #1536, .F. ) ;
#2962 = EDGE_CURVE ( 'NONE', #4525, #279, #3465, .T. ) ;
#2963 = VECTOR ( 'NONE', #1056, 1000.000000000000000 ) ;
#2964 = EDGE_CURVE ( 'NONE', #1791, #857, #2685, .T. ) ;
#2965 = ADVANCED_FACE ( 'NONE', ( #3033 ), #1090, .T. ) ;
#2966 = CARTESIAN_POINT ( 'NONE',  ( 4.468772815563612610, -2.794000000000000039, -2.539999999999995595 ) ) ;
#2967 = EDGE_CURVE ( 'NONE', #857, #4700, #4519, .T. ) ;
#2968 = DIRECTION ( 'NONE',  ( 0.000000000000000000, 0.000000000000000000, 1.000000000000000000 ) ) ;
#2969 = FILL_AREA_STYLE ('',( #1538 ) ) ;
#2970 = FILL_AREA_STYLE_COLOUR ( '', #315 ) ;
#2971 = CARTESIAN_POINT ( 'NONE',  ( 0.7620000000000404228, 0.000000000000000000, 0.000000000000000000 ) ) ;
#2972 = CARTESIAN_POINT ( 'NONE',  ( 0.9643737077818061998, 0.000000000000000000, -1.270000000000004903 ) ) ;
#2973 = ORIENTED_EDGE ( 'NONE', *, *, #1028, .F. ) ;
#2974 = ORIENTED_EDGE ( 'NONE', *, *, #3147, .T. ) ;
#2975 = CARTESIAN_POINT ( 'NONE',  ( 0.9643737077818061998, -0.8940799999999984315, -0.3200399999999913869 ) ) ;
#2976 = ORIENTED_EDGE ( 'NONE', *, *, #1664, .T. ) ;
#2977 = DIRECTION ( 'NONE',  ( 0.000000000000000000, 0.000000000000000000, 1.000000000000000000 ) ) ;
#2979 = SURFACE_STYLE_FILL_AREA ( #367 ) ;
#2978 = SURFACE_STYLE_FILL_AREA ( #4345 ) ;
#2980 = DIRECTION ( 'NONE',  ( -0.000000000000000000, 1.000000000000000000, -0.000000000000000000 ) ) ;
#2981 = VECTOR ( 'NONE', #1140, 1000.000000000000000 ) ;
#2982 = SURFACE_SIDE_STYLE ('',( #2285 ) ) ;
#2983 =( LENGTH_UNIT ( ) NAMED_UNIT ( * ) SI_UNIT ( .MILLI., .METRE. ) );
#2984 = ORIENTED_EDGE ( 'NONE', *, *, #2850, .F. ) ;
#2985 = COLOUR_RGB ( '',0.4941176470588235503, 0.4941176470588235503, 0.4941176470588235503 ) ;
#2986 = CARTESIAN_POINT ( 'NONE',  ( 9.694379107781808003, -2.794000000000000039, -0.4000499999999996281 ) ) ;
#2987 = PRODUCT_DEFINITION_FORMATION_WITH_SPECIFIED_SOURCE ( 'ANY', '', #3049, .NOT_KNOWN. ) ;
#2988 = CARTESIAN_POINT ( 'NONE',  ( 9.694379107781808003, 0.000000000000000000, -2.139949999999988695 ) ) ;
#2989 = CARTESIAN_POINT ( 'NONE',  ( 0.000000000000000000, 0.000000000000000000, 0.9144000000000095385 ) ) ;
#2990 = CARTESIAN_POINT ( 'NONE',  ( 4.914765270083354842, -0.2540000000000331992, 1.167274045670612031E-16 ) ) ;
#2991 = CARTESIAN_POINT ( 'NONE',  ( 4.131110244821296185, -0.8055795103574796556, -0.4027897551787400499 ) ) ;
#2992 =( GEOMETRIC_REPRESENTATION_CONTEXT ( 3 ) GLOBAL_UNCERTAINTY_ASSIGNED_CONTEXT ( ( #4158 ) ) GLOBAL_UNIT_ASSIGNED_CONTEXT ( ( #2250, #1092, #4376 ) ) REPRESENTATION_CONTEXT ( 'NONE', 'WORKASPACE' ) );
#2993 = PRESENTATION_STYLE_ASSIGNMENT (( #3675 ) ) ;
#2994 = VERTEX_POINT ( 'NONE', #162 ) ;
#2995 =( NAMED_UNIT ( * ) SI_UNIT ( $, .STERADIAN. ) SOLID_ANGLE_UNIT ( ) );
#2996 = EDGE_CURVE ( 'NONE', #4722, #3683, #1963, .T. ) ;
#2997 = SURFACE_SIDE_STYLE ('',( #531 ) ) ;
#2998 = ORIENTED_EDGE ( 'NONE', *, *, #2690, .F. ) ;
#2999 = CYLINDRICAL_SURFACE ( 'NONE', #4254, 0.7251700000000131929 ) ;
#3000 = EDGE_CURVE ( 'NONE', #2238, #1221, #1997, .T. ) ;
#3001 = UNCERTAINTY_MEASURE_WITH_UNIT (LENGTH_MEASURE( 1.000000000000000082E-05 ), #2928, 'distance_accuracy_value', 'NONE');
#3003 = CARTESIAN_POINT ( 'NONE',  ( 5.079974600000002560, -2.794000000000000039, 0.000000000000000000 ) ) ;
#3002 = LINE ( 'NONE', #3826, #2246 ) ;
#3004 = PRESENTATION_LAYER_ASSIGNMENT (  '', '', ( #1719 ) ) ;
#3005 = STYLED_ITEM ( 'NONE', ( #1793 ), #124 ) ;
#3006 = PRESENTATION_STYLE_ASSIGNMENT (( #779 ) ) ;
#3007 = COLOUR_RGB ( '',0.4941176470588235503, 0.4941176470588235503, 0.4941176470588235503 ) ;
#3008 = VERTEX_POINT ( 'NONE', #875 ) ;
#3009 = AXIS2_PLACEMENT_3D ( 'NONE', #3266, #419, #1807 ) ;
#3010 = ADVANCED_FACE ( 'NONE', ( #1933, #3396 ), #2310, .F. ) ;
#3011 = ORIENTED_EDGE ( 'NONE', *, *, #4006, .F. ) ;
#3012 =( NAMED_UNIT ( * ) SI_UNIT ( $, .STERADIAN. ) SOLID_ANGLE_UNIT ( ) );
#3014 = DIRECTION ( 'NONE',  ( 0.3420201433256664925, 0.000000000000000000, 0.9396926207859092051 ) ) ;
#3013 = AXIS2_PLACEMENT_3D ( 'NONE', #4022, #4115, #2977 ) ;
#3015 = STYLED_ITEM ( 'NONE', ( #8 ), #2544 ) ;
#3016 = CIRCLE ( 'NONE', #1874, 0.7251700000000131929 ) ;
#3017 = STYLED_ITEM ( 'NONE', ( #643 ), #1001 ) ;
#3018 =( NAMED_UNIT ( * ) SI_UNIT ( $, .STERADIAN. ) SOLID_ANGLE_UNIT ( ) );
#3019 = DIRECTION ( 'NONE',  ( -0.3420201433256720991, 0.000000000000000000, 0.9396926207859070956 ) ) ;
#3020 = AXIS2_PLACEMENT_3D ( 'NONE', #456, #382, #1308 ) ;
#3021 = FILL_AREA_STYLE ('',( #1322 ) ) ;
#3022 = STYLED_ITEM ( 'NONE', ( #3694 ), #3208 ) ;
#3023 = DIRECTION ( 'NONE',  ( -1.000000000000000000, 0.000000000000000000, -1.506739769771851316E-15 ) ) ;
#3024 = COLOUR_RGB ( '',0.4941176470588235503, 0.4941176470588235503, 0.4941176470588235503 ) ;
#3025 = EDGE_LOOP ( 'NONE', ( #2901, #905, #588, #4239 ) ) ;
#3026 = CARTESIAN_POINT ( 'NONE',  ( 12.08874741556367738, -2.794000000000000039, -2.539999999999978719 ) ) ;
#3027 = AXIS2_PLACEMENT_3D ( 'NONE', #4389, #750, #3968 ) ;
#3028 = LINE ( 'NONE', #1951, #3706 ) ;
#3029 =( LENGTH_UNIT ( ) NAMED_UNIT ( * ) SI_UNIT ( .MILLI., .METRE. ) );
#3030 = EDGE_LOOP ( 'NONE', ( #3888, #372, #3971, #4338 ) ) ;
#3031 = CARTESIAN_POINT ( 'NONE',  ( 4.676140000000003738, -0.2540000000000609548, 2.281152214928303387E-16 ) ) ;
#3032 = EDGE_CURVE ( 'NONE', #3853, #159, #867, .T. ) ;
#3033 = FACE_OUTER_BOUND ( 'NONE', #3054, .T. ) ;
#3034 = DIRECTION ( 'NONE',  ( 0.000000000000000000, 1.000000000000000000, 0.000000000000000000 ) ) ;
#3035 = EDGE_CURVE ( 'NONE', #4478, #2280, #2441, .T. ) ;
#3036 = DIRECTION ( 'NONE',  ( 0.000000000000000000, 0.000000000000000000, 1.000000000000000000 ) ) ;
#3037 = CARTESIAN_POINT ( 'NONE',  ( 11.12437370778180501, 5.874298885333780682E-15, -1.270000000000006013 ) ) ;
#3038 = ORIENTED_EDGE ( 'NONE', *, *, #785, .T. ) ;
#3039 = FILL_AREA_STYLE_COLOUR ( '', #2871 ) ;
#3040 = CARTESIAN_POINT ( 'NONE',  ( 7.474368307781808163, -2.794000000000000039, -0.4000499999999995726 ) ) ;
#3041 = ORIENTED_EDGE ( 'NONE', *, *, #785, .F. ) ;
#3042 = DIRECTION ( 'NONE',  ( 7.941418586113940655E-16, -1.000000000000000000, 0.000000000000000000 ) ) ;
#3043 = FILL_AREA_STYLE ('',( #523 ) ) ;
#3044 =( GEOMETRIC_REPRESENTATION_CONTEXT ( 3 ) GLOBAL_UNCERTAINTY_ASSIGNED_CONTEXT ( ( #2636 ) ) GLOBAL_UNIT_ASSIGNED_CONTEXT ( ( #2207, #3667, #3112 ) ) REPRESENTATION_CONTEXT ( 'NONE', 'WORKASPACE' ) );
#3045 =( LENGTH_UNIT ( ) NAMED_UNIT ( * ) SI_UNIT ( .MILLI., .METRE. ) );
#3046 = SURFACE_STYLE_USAGE ( .BOTH. , #3438 ) ;
#3047 = DIRECTION ( 'NONE',  ( -1.000000000000000000, -0.000000000000000000, -0.000000000000000000 ) ) ;
#3048 = DIRECTION ( 'NONE',  ( -0.000000000000000000, 1.000000000000000000, -0.000000000000000000 ) ) ;
#3049 = PRODUCT ( 'P3XX-11-010-00-000000_P305-11-010-00-000000', 'P3XX-11-010-00-000000_P305-11-010-00-000000', '', ( #257 ) ) ;
#3050 = VERTEX_POINT ( 'NONE', #4233 ) ;
#3051 = DIRECTION ( 'NONE',  ( 0.000000000000000000, -1.000000000000000000, -0.000000000000000000 ) ) ;
#3052 = VECTOR ( 'NONE', #241, 1000.000000000000000 ) ;
#3053 = FACE_BOUND ( 'NONE', #1800, .T. ) ;
#3054 = EDGE_LOOP ( 'NONE', ( #650, #3539, #1059, #1926 ) ) ;
#3055 = LINE ( 'NONE', #2385, #1286 ) ;
#3056 = UNCERTAINTY_MEASURE_WITH_UNIT (LENGTH_MEASURE( 1.000000000000000082E-05 ), #2840, 'distance_accuracy_value', 'NONE');
#3057 =( LENGTH_UNIT ( ) NAMED_UNIT ( * ) SI_UNIT ( .MILLI., .METRE. ) );
#3058 = DIRECTION ( 'NONE',  ( 1.000000000000000000, 0.000000000000000000, 0.000000000000000000 ) ) ;
#3059 = CARTESIAN_POINT ( 'NONE',  ( 4.614379107781807932, 1.626303258728256651E-16, -0.4000499999999996836 ) ) ;
#3060 = DIRECTION ( 'NONE',  ( 1.000000000000000000, 0.000000000000000000, 0.000000000000000000 ) ) ;
#3061 = ORIENTED_EDGE ( 'NONE', *, *, #690, .F. ) ;
#3062 = DIRECTION ( 'NONE',  ( 0.3420201433256663259, 0.000000000000000000, 0.9396926207859092051 ) ) ;
#3063 = ORIENTED_EDGE ( 'NONE', *, *, #3032, .F. ) ;
#3064 =( NAMED_UNIT ( * ) SI_UNIT ( $, .STERADIAN. ) SOLID_ANGLE_UNIT ( ) );
#3065 = CONICAL_SURFACE ( 'NONE', #4146, 0.6730999999149389623, 0.7853981633974482790 ) ;
#3066 = CYLINDRICAL_SURFACE ( 'NONE', #1387, 0.2540000000000606217 ) ;
#3067 = VECTOR ( 'NONE', #3904, 1000.000000000000000 ) ;
#3068 =( NAMED_UNIT ( * ) SI_UNIT ( $, .STERADIAN. ) SOLID_ANGLE_UNIT ( ) );
#3069 = EDGE_CURVE ( 'NONE', #2994, #528, #696, .T. ) ;
#3070 = CARTESIAN_POINT ( 'NONE',  ( 5.083498816721762736, -0.4227335466384421481, 1.235395541649797746E-16 ) ) ;
#3071 = LINE ( 'NONE', #4534, #752 ) ;
#3072 = PRESENTATION_LAYER_ASSIGNMENT (  '', '', ( #2153 ) ) ;
#3073 =( NAMED_UNIT ( * ) SI_UNIT ( $, .STERADIAN. ) SOLID_ANGLE_UNIT ( ) );
#3074 = CARTESIAN_POINT ( 'NONE',  ( 5.083498816721895075, -2.058358816721816087, -8.189511685935267395E-17 ) ) ;
#3075 = ORIENTED_EDGE ( 'NONE', *, *, #4147, .F. ) ;
#3076 = LINE ( 'NONE', #4465, #3097 ) ;
#3077 = VECTOR ( 'NONE', #1799, 1000.000000000000000 ) ;
#3078 = ORIENTED_EDGE ( 'NONE', *, *, #251, .F. ) ;
#3079 = SURFACE_SIDE_STYLE ('',( #1637 ) ) ;
#3081 = SURFACE_STYLE_USAGE ( .BOTH. , #508 ) ;
#3080 = DIRECTION ( 'NONE',  ( 0.000000000000000000, 0.000000000000000000, 1.000000000000000000 ) ) ;
#3082 = DIRECTION ( 'NONE',  ( -0.9659258262801124761, 3.169619151841086376E-17, -0.2588190451359443922 ) ) ;
#3083 = CARTESIAN_POINT ( 'NONE',  ( 4.934368307781808127, -2.794000000000000039, -2.139949999999989139 ) ) ;
#3084 = AXIS2_PLACEMENT_3D ( 'NONE', #3325, #2241, #2956 ) ;
#3085 = EDGE_LOOP ( 'NONE', ( #825, #191, #370, #3196 ) ) ;
#3086 = COLOUR_RGB ( '',0.8000000000000000444, 0.8039215686274510109, 0.8000000000000000444 ) ;
#3087 = FACE_OUTER_BOUND ( 'NONE', #4566, .T. ) ;
#3088 = CIRCLE ( 'NONE', #1865, 0.9499600000000134603 ) ;
#3089 = CARTESIAN_POINT ( 'NONE',  ( -3.049318610115481221E-16, -2.794000000000000039, -2.539999999999996927 ) ) ;
#3090 = VERTEX_POINT ( 'NONE', #1688 ) ;
#3091 =( GEOMETRIC_REPRESENTATION_CONTEXT ( 3 ) GLOBAL_UNCERTAINTY_ASSIGNED_CONTEXT ( ( #3250 ) ) GLOBAL_UNIT_ASSIGNED_CONTEXT ( ( #3590, #998, #1416 ) ) REPRESENTATION_CONTEXT ( 'NONE', 'WORKASPACE' ) );
#3092 = CYLINDRICAL_SURFACE ( 'NONE', #1794, 0.2540000000000606217 ) ;
#3093 =( NAMED_UNIT ( * ) SI_UNIT ( $, .STERADIAN. ) SOLID_ANGLE_UNIT ( ) );
#3094 = LINE ( 'NONE', #1227, #3369 ) ;
#3095 =( GEOMETRIC_REPRESENTATION_CONTEXT ( 3 ) GLOBAL_UNCERTAINTY_ASSIGNED_CONTEXT ( ( #4025 ) ) GLOBAL_UNIT_ASSIGNED_CONTEXT ( ( #2390, #3515, #3495 ) ) REPRESENTATION_CONTEXT ( 'NONE', 'WORKASPACE' ) );
#3096 = LINE ( 'NONE', #2789, #668 ) ;
#3097 = VECTOR ( 'NONE', #1205, 1000.000000000000000 ) ;
#3098 = AXIS2_PLACEMENT_3D ( 'NONE', #1228, #2676, #2601 ) ;
#3099 = ORIENTED_EDGE ( 'NONE', *, *, #2517, .F. ) ;
#3100 =( NAMED_UNIT ( * ) PLANE_ANGLE_UNIT ( ) SI_UNIT ( $, .RADIAN. ) );
#3101 = MECHANICAL_DESIGN_GEOMETRIC_PRESENTATION_REPRESENTATION (  '', ( #3015 ), #1670 ) ;
#3102 = CIRCLE ( 'NONE', #3642, 0.9499600000000134603 ) ;
#3103 = LINE ( 'NONE', #1929, #1958 ) ;
#3104 = EDGE_LOOP ( 'NONE', ( #2182, #1382 ) ) ;
#3105 = CYLINDRICAL_SURFACE ( 'NONE', #3872, 0.7251700000000131929 ) ;
#3106 = VECTOR ( 'NONE', #1787, 1000.000000000000000 ) ;
#3107 = UNCERTAINTY_MEASURE_WITH_UNIT (LENGTH_MEASURE( 1.000000000000000082E-05 ), #2005, 'distance_accuracy_value', 'NONE');
#3109 = DIRECTION ( 'NONE',  ( 1.000000000000000000, 0.000000000000000000, -1.355298456929802892E-15 ) ) ;
#3108 = SURFACE_STYLE_FILL_AREA ( #1616 ) ;
#3110 = PRESENTATION_STYLE_ASSIGNMENT (( #3427 ) ) ;
#3111 = STYLED_ITEM ( 'NONE', ( #3723 ), #3611 ) ;
#3112 =( NAMED_UNIT ( * ) SI_UNIT ( $, .STERADIAN. ) SOLID_ANGLE_UNIT ( ) );
#3113 = APPLICATION_PROTOCOL_DEFINITION ( 'draft international standard', 'automotive_design', 1998, #1819 ) ;
#3114 = VERTEX_POINT ( 'NONE', #373 ) ;
#3115 = PRESENTATION_STYLE_ASSIGNMENT (( #192 ) ) ;
#3116 = ORIENTED_EDGE ( 'NONE', *, *, #4670, .T. ) ;
#3117 = EDGE_CURVE ( 'NONE', #1830, #3921, #1783, .T. ) ;
#3118 = EDGE_CURVE ( 'NONE', #3193, #1420, #1332, .T. ) ;
#3119 = PRESENTATION_STYLE_ASSIGNMENT (( #2324 ) ) ;
#3120 = MECHANICAL_DESIGN_GEOMETRIC_PRESENTATION_REPRESENTATION (  '', ( #1463 ), #4044 ) ;
#3121 = CARTESIAN_POINT ( 'NONE',  ( 7.619974600000002596, 1.084202172485504434E-16, 1.732636624639542438E-16 ) ) ;
#3122 = STYLED_ITEM ( 'NONE', ( #1508 ), #1425 ) ;
#3123 =( LENGTH_UNIT ( ) NAMED_UNIT ( * ) SI_UNIT ( .MILLI., .METRE. ) );
#3124 = CARTESIAN_POINT ( 'NONE',  ( 6.769543707781819464, -0.8940799999999993197, -1.270000000000004903 ) ) ;
#3125 = EDGE_LOOP ( 'NONE', ( #2757, #2712, #3341, #1012 ) ) ;
#3126 = CARTESIAN_POINT ( 'NONE',  ( 9.694379107781808003, -2.794000000000000039, -2.139949999999988695 ) ) ;
#3128 =( NAMED_UNIT ( * ) PLANE_ANGLE_UNIT ( ) SI_UNIT ( $, .RADIAN. ) );
#3127 = SURFACE_SIDE_STYLE ('',( #303 ) ) ;
#3129 =( NAMED_UNIT ( * ) SI_UNIT ( $, .STERADIAN. ) SOLID_ANGLE_UNIT ( ) );
#3130 = ORIENTED_EDGE ( 'NONE', *, *, #2967, .T. ) ;
#3131 = ORIENTED_EDGE ( 'NONE', *, *, #3157, .F. ) ;
#3132 =( NAMED_UNIT ( * ) SI_UNIT ( $, .STERADIAN. ) SOLID_ANGLE_UNIT ( ) );
#3133 = DIRECTION ( 'NONE',  ( 0.000000000000000000, -1.000000000000000000, 0.000000000000000000 ) ) ;
#3134 = DIRECTION ( 'NONE',  ( 0.000000000000000000, 0.000000000000000000, 1.000000000000000000 ) ) ;
#3135 = PRESENTATION_LAYER_ASSIGNMENT (  '', '', ( #469 ) ) ;
#3136 = DIRECTION ( 'NONE',  ( -1.000000000000000000, 0.000000000000000000, -1.506739769771851316E-15 ) ) ;
#3137 = FILL_AREA_STYLE ('',( #4287 ) ) ;
#3138 =( GEOMETRIC_REPRESENTATION_CONTEXT ( 3 ) GLOBAL_UNCERTAINTY_ASSIGNED_CONTEXT ( ( #2773 ) ) GLOBAL_UNIT_ASSIGNED_CONTEXT ( ( #833, #2221, #2205 ) ) REPRESENTATION_CONTEXT ( 'NONE', 'WORKASPACE' ) );
#3139 = AXIS2_PLACEMENT_3D ( 'NONE', #4607, #3572, #498 ) ;
#3140 = CARTESIAN_POINT ( 'NONE',  ( 5.079974600000002560, 0.000000000000000000, -2.539999999999995595 ) ) ;
#3141 = PRESENTATION_LAYER_ASSIGNMENT (  '', '', ( #951 ) ) ;
#3142 =( NAMED_UNIT ( * ) PLANE_ANGLE_UNIT ( ) SI_UNIT ( $, .RADIAN. ) );
#3143 = AXIS2_PLACEMENT_3D ( 'NONE', #2780, #2392, #974 ) ;
#3144 = EDGE_LOOP ( 'NONE', ( #1209, #356 ) ) ;
#3145 = UNCERTAINTY_MEASURE_WITH_UNIT (LENGTH_MEASURE( 1.000000000000000082E-05 ), #765, 'distance_accuracy_value', 'NONE');
#3146 = FILL_AREA_STYLE_COLOUR ( '', #525 ) ;
#3147 = EDGE_CURVE ( 'NONE', #4409, #3273, #3651, .T. ) ;
#3148 = CARTESIAN_POINT ( 'NONE',  ( 3.469446951953614189E-15, -2.794000000000000039, 0.000000000000000000 ) ) ;
#3149 = EDGE_LOOP ( 'NONE', ( #4645, #2737, #44, #354 ) ) ;
#3150 = EDGE_CURVE ( 'NONE', #1907, #1100, #3235, .T. ) ;
#3151 = ITEM_DEFINED_TRANSFORMATION ( 'NONE', 'NONE', #1094,  #4608 ) ;
#3152 = FILL_AREA_STYLE_COLOUR ( '', #638 ) ;
#3153 =( GEOMETRIC_REPRESENTATION_CONTEXT ( 3 ) GLOBAL_UNCERTAINTY_ASSIGNED_CONTEXT ( ( #924 ) ) GLOBAL_UNIT_ASSIGNED_CONTEXT ( ( #467, #1796, #4196 ) ) REPRESENTATION_CONTEXT ( 'NONE', 'WORKASPACE' ) );
#3154 = VERTEX_POINT ( 'NONE', #2138 ) ;
#3155 = PLANE ( 'NONE',  #3534 ) ;
#3156 = FILL_AREA_STYLE ('',( #291 ) ) ;
#3157 = EDGE_CURVE ( 'NONE', #4581, #3241, #2575, .T. ) ;
#3158 =( GEOMETRIC_REPRESENTATION_CONTEXT ( 3 ) GLOBAL_UNCERTAINTY_ASSIGNED_CONTEXT ( ( #3107 ) ) GLOBAL_UNIT_ASSIGNED_CONTEXT ( ( #2005, #4574, #2684 ) ) REPRESENTATION_CONTEXT ( 'NONE', 'WORKASPACE' ) );
#3159 =( NAMED_UNIT ( * ) PLANE_ANGLE_UNIT ( ) SI_UNIT ( $, .RADIAN. ) );
#3160 = VECTOR ( 'NONE', #2545, 1000.000000000000000 ) ;
#3161 = DIRECTION ( 'NONE',  ( 0.000000000000000000, 0.000000000000000000, 1.000000000000000000 ) ) ;
#3162 =( GEOMETRIC_REPRESENTATION_CONTEXT ( 3 ) GLOBAL_UNCERTAINTY_ASSIGNED_CONTEXT ( ( #3847 ) ) GLOBAL_UNIT_ASSIGNED_CONTEXT ( ( #771, #326, #1454 ) ) REPRESENTATION_CONTEXT ( 'NONE', 'WORKASPACE' ) );
#3163 = CARTESIAN_POINT ( 'NONE',  ( 11.12437370778180679, 2.332957050962901456E-15, -1.270000000000004903 ) ) ;
#3164 = FACE_OUTER_BOUND ( 'NONE', #4604, .T. ) ;
#3165 = CARTESIAN_POINT ( 'NONE',  ( 4.131110244821296185, 4.932751844089898765E-17, -0.4027897551787399388 ) ) ;
#3166 = CARTESIAN_POINT ( 'NONE',  ( 8.584373707781805862, -2.794000000000000039, -0.5448299999999917098 ) ) ;
#3167 = ORIENTED_EDGE ( 'NONE', *, *, #1954, .F. ) ;
#3168 = VECTOR ( 'NONE', #4395, 1000.000000000000000 ) ;
#3169 = VERTEX_POINT ( 'NONE', #2525 ) ;
#3170 = VECTOR ( 'NONE', #3928, 1000.000000000000000 ) ;
#3171 = DIRECTION ( 'NONE',  ( 0.9396926207859080948, 0.000000000000000000, -0.3420201433256694901 ) ) ;
#3172 = COLOUR_RGB ( '',0.8000000000000000444, 0.8039215686274510109, 0.8000000000000000444 ) ;
#3173 = EDGE_CURVE ( 'NONE', #3290, #3690, #4038, .T. ) ;
#3174 = FILL_AREA_STYLE ('',( #3926 ) ) ;
#3175 = DIRECTION ( 'NONE',  ( 0.000000000000000000, 0.000000000000000000, 1.000000000000000000 ) ) ;
#3176 = ORIENTED_EDGE ( 'NONE', *, *, #3927, .T. ) ;
#3178 = AXIS2_PLACEMENT_3D ( 'NONE', #4461, #4489, #1174 ) ;
#3177 = DIRECTION ( 'NONE',  ( 0.000000000000000000, 0.000000000000000000, 1.000000000000000000 ) ) ;
#3179 = STYLED_ITEM ( 'NONE', ( #4381 ), #3180 ) ;
#3180 = ADVANCED_FACE ( 'NONE', ( #1446 ), #2377, .F. ) ;
#3181 =( LENGTH_UNIT ( ) NAMED_UNIT ( * ) SI_UNIT ( .MILLI., .METRE. ) );
#3182 = CARTESIAN_POINT ( 'NONE',  ( 1.549400000044443004, 0.000000000000000000, 0.7391399999789882713 ) ) ;
#3183 = EDGE_LOOP ( 'NONE', ( #93, #4464, #1575, #3593 ) ) ;
#3184 = LINE ( 'NONE', #669, #1397 ) ;
#3185 = AXIS2_PLACEMENT_3D ( 'NONE', #2610, #2662, #3728 ) ;
#3186 = CARTESIAN_POINT ( 'NONE',  ( 10.15997460000000352, 0.000000000000000000, 0.000000000000000000 ) ) ;
#3187 = CARTESIAN_POINT ( 'NONE',  ( 3.504373707781806235, -0.8940799999999984315, -0.3200399999999913869 ) ) ;
#3188 = CARTESIAN_POINT ( 'NONE',  ( 4.353789849825680847, 0.000000000000000000, 0.2540000000000687264 ) ) ;
#3189 = PRESENTATION_LAYER_ASSIGNMENT (  '', '', ( #73 ) ) ;
#3190 = CARTESIAN_POINT ( 'NONE',  ( 3.708399999993616802, 0.000000000000000000, 0.000000000000000000 ) ) ;
#3191 =( NAMED_UNIT ( * ) SI_UNIT ( $, .STERADIAN. ) SOLID_ANGLE_UNIT ( ) );
#3192 = ORIENTED_EDGE ( 'NONE', *, *, #287, .T. ) ;
#3193 = VERTEX_POINT ( 'NONE', #817 ) ;
#3194 = UNCERTAINTY_MEASURE_WITH_UNIT (LENGTH_MEASURE( 1.000000000000000082E-05 ), #2679, 'distance_accuracy_value', 'NONE');
#3195 = PRESENTATION_STYLE_ASSIGNMENT (( #4665 ) ) ;
#3196 = ORIENTED_EDGE ( 'NONE', *, *, #4718, .F. ) ;
#3197 =( BOUNDED_SURFACE ( )  B_SPLINE_SURFACE ( 3, 3, ( 
 ( #3074, #2433, #2721, #4536 ),
 ( #3479, #915, #1323, #222 ),
 ( #4585, #2355, #2046, #3869 ),
 ( #4226, #3459, #202, #1272 ) ),
 .UNSPECIFIED., .F., .F., .F. ) 
 B_SPLINE_SURFACE_WITH_KNOTS ( ( 4, 4 ),
 ( 4, 4 ),
 ( 0.000000000000000000, 1.000000000000000000 ),
 ( 0.000000000000000000, 1.000000000000000000 ),
 .UNSPECIFIED. ) 
 GEOMETRIC_REPRESENTATION_ITEM ( )  RATIONAL_B_SPLINE_SURFACE ( (
 ( 1.000000000000000000, 0.8047378541243629391, 0.8047378541243629391, 1.000000000000000000),
 ( 0.3333333333333335369, 0.2682459513747877944, 0.2682459513747877944, 0.3333333333333335369),
 ( 0.3333333333333335369, 0.2682459513747877944, 0.2682459513747877944, 0.3333333333333335369),
 ( 1.000000000000000000, 0.8047378541243629391, 0.8047378541243629391, 1.000000000000000000) ) ) 
 REPRESENTATION_ITEM ( '' )  SURFACE ( )  );
#3198 = CARTESIAN_POINT ( 'NONE',  ( 6.044373707781806715, 0.000000000000000000, -1.270000000000004903 ) ) ;
#3199 = DIRECTION ( 'NONE',  ( -1.000000000000000000, 1.024442997623854229E-14, 0.000000000000000000 ) ) ;
#3200 = DIRECTION ( 'NONE',  ( 1.000000000000000000, 0.000000000000000000, 0.000000000000000000 ) ) ;
#3201 = DIRECTION ( 'NONE',  ( 0.000000000000000000, 0.000000000000000000, 1.000000000000000000 ) ) ;
#3202 = VECTOR ( 'NONE', #4632, 1000.000000000000000 ) ;
#3203 = FACE_OUTER_BOUND ( 'NONE', #1362, .T. ) ;
#3204 = CARTESIAN_POINT ( 'NONE',  ( -0.3056262922181931518, -2.794000000000000039, -2.139949999999997132 ) ) ;
#3205 = ORIENTED_EDGE ( 'NONE', *, *, #435, .F. ) ;
#3206 = EDGE_CURVE ( 'NONE', #2420, #615, #1900, .T. ) ;
#3207 = FILL_AREA_STYLE ('',( #671 ) ) ;
#3208 = ADVANCED_FACE ( 'NONE', ( #1518 ), #3741, .F. ) ;
#3209 = EDGE_CURVE ( 'NONE', #1176, #3169, #3102, .T. ) ;
#3210 = DIRECTION ( 'NONE',  ( -0.000000000000000000, 1.000000000000000000, -0.000000000000000000 ) ) ;
#3211 = CARTESIAN_POINT ( 'NONE',  ( 4.131110244821296185, 0.8055795103574796556, 0.4027897551787398833 ) ) ;
#3212 = STYLED_ITEM ( 'NONE', ( #1912 ), #2892 ) ;
#3213 = PRESENTATION_STYLE_ASSIGNMENT (( #4708 ) ) ;
#3214 = DIRECTION ( 'NONE',  ( 1.355298456929802892E-15, 0.000000000000000000, 1.000000000000000000 ) ) ;
#3215 = EDGE_LOOP ( 'NONE', ( #2276, #1239, #3582, #2145, #627 ) ) ;
#3216 = VECTOR ( 'NONE', #2388, 1000.000000000000000 ) ;
#3217 = MECHANICAL_DESIGN_GEOMETRIC_PRESENTATION_REPRESENTATION (  '', ( #476 ), #1558 ) ;
#3218 = ORIENTED_EDGE ( 'NONE', *, *, #4458, .T. ) ;
#3219 = LINE ( 'NONE', #1156, #1055 ) ;
#3220 = SURFACE_STYLE_FILL_AREA ( #3903 ) ;
#3221 = FILL_AREA_STYLE ('',( #970 ) ) ;
#3222 = ORIENTED_EDGE ( 'NONE', *, *, #1839, .F. ) ;
#3223 =( NAMED_UNIT ( * ) SI_UNIT ( $, .STERADIAN. ) SOLID_ANGLE_UNIT ( ) );
#3224 = FACE_OUTER_BOUND ( 'NONE', #995, .T. ) ;
#3225 = DIRECTION ( 'NONE',  ( -1.000000000000000000, 0.000000000000000000, -0.000000000000000000 ) ) ;
#3226 = AXIS2_PLACEMENT_3D ( 'NONE', #2208, #2692, #3042 ) ;
#3227 = PRODUCT_DEFINITION ( 'UNKNOWN', '', #3756, #4677 ) ;
#3228 = SURFACE_STYLE_FILL_AREA ( #2565 ) ;
#3229 =( LENGTH_UNIT ( ) NAMED_UNIT ( * ) SI_UNIT ( .MILLI., .METRE. ) );
#3230 = EDGE_LOOP ( 'NONE', ( #954, #2826, #713, #783 ) ) ;
#3231 = LINE ( 'NONE', #2109, #774 ) ;
#3232 = FACE_OUTER_BOUND ( 'NONE', #2495, .T. ) ;
#3233 =( GEOMETRIC_REPRESENTATION_CONTEXT ( 3 ) GLOBAL_UNCERTAINTY_ASSIGNED_CONTEXT ( ( #1593 ) ) GLOBAL_UNIT_ASSIGNED_CONTEXT ( ( #3617, #3959, #1460 ) ) REPRESENTATION_CONTEXT ( 'NONE', 'WORKASPACE' ) );
#3234 = DIRECTION ( 'NONE',  ( -0.000000000000000000, 1.000000000000000000, -0.000000000000000000 ) ) ;
#3235 = LINE ( 'NONE', #968, #1052 ) ;
#3236 =( NAMED_UNIT ( * ) PLANE_ANGLE_UNIT ( ) SI_UNIT ( $, .RADIAN. ) );
#3237 = EDGE_CURVE ( 'NONE', #2732, #2509, #3672, .T. ) ;
#3238 = AXIS2_PLACEMENT_3D ( 'NONE', #1838, #1788, #400 ) ;
#3239 = AXIS2_PLACEMENT_3D ( 'NONE', #3248, #759, #3662 ) ;
#3240 = VECTOR ( 'NONE', #3082, 1000.000000000000000 ) ;
#3241 = VERTEX_POINT ( 'NONE', #40 ) ;
#3242 = EDGE_LOOP ( 'NONE', ( #3947, #3746 ) ) ;
#3243 = VECTOR ( 'NONE', #1978, 1000.000000000000114 ) ;
#3244 = FILL_AREA_STYLE ('',( #2168 ) ) ;
#3245 = DIRECTION ( 'NONE',  ( -1.000000000000000000, -0.000000000000000000, -0.000000000000000000 ) ) ;
#3246 = EDGE_LOOP ( 'NONE', ( #1750, #2119, #100, #1738 ) ) ;
#3247 = MECHANICAL_DESIGN_GEOMETRIC_PRESENTATION_REPRESENTATION (  '', ( #594 ), #355 ) ;
#3248 = CARTESIAN_POINT ( 'NONE',  ( 5.337498816721779171, -2.058358816721818307, -7.164057037264565193E-17 ) ) ;
#3249 = AXIS2_PLACEMENT_3D ( 'NONE', #2726, #4515, #1253 ) ;
#3250 = UNCERTAINTY_MEASURE_WITH_UNIT (LENGTH_MEASURE( 1.000000000000000082E-05 ), #3590, 'distance_accuracy_value', 'NONE');
#3251 = PRESENTATION_LAYER_ASSIGNMENT (  '', '', ( #1516 ) ) ;
#3253 = FACE_OUTER_BOUND ( 'NONE', #3246, .T. ) ;
#3252 = CARTESIAN_POINT ( 'NONE',  ( 2.074379107781807896, -2.794000000000000039, -2.139949999999988695 ) ) ;
#3254 = VECTOR ( 'NONE', #610, 1000.000000000000000 ) ;
#3255 = DIRECTION ( 'NONE',  ( -1.000000000000000000, -0.000000000000000000, -0.000000000000000000 ) ) ;
#3256 =( GEOMETRIC_REPRESENTATION_CONTEXT ( 3 ) GLOBAL_UNCERTAINTY_ASSIGNED_CONTEXT ( ( #873 ) ) GLOBAL_UNIT_ASSIGNED_CONTEXT ( ( #3849, #2007, #3129 ) ) REPRESENTATION_CONTEXT ( 'NONE', 'WORKASPACE' ) );
#3257 = VECTOR ( 'NONE', #2416, 1000.000000000000000 ) ;
#3259 = CLOSED_SHELL ( 'NONE', ( #4523, #3449, #1186, #1298, #4214, #3472, #2121, #4213, #3359, #1769, #1214, #1959, #689, #4374, #648, #2544, #2096, #3323, #4529, #3611, #4410, #2115, #1144, #4241, #1680, #436, #4071, #4173, #3503, #1148, #2626, #219, #2723, #2630, #626, #1445, #349, #2731, #2368, #2670, #119, #3895, #4522, #3985, #4344, #3825, #3676, #4178, #3410, #2804, #4224, #712, #1246, #3466, #1001, #2300, #4462, #124, #3740, #4674, #1644, #3681, #2523, #34, #1849, #4271, #1980, #3208, #2158, #2045, #4709 ) ) ;
#3258 = PLANE ( 'NONE',  #2243 ) ;
#3260 = ORIENTED_EDGE ( 'NONE', *, *, #4238, .F. ) ;
#3261 = MECHANICAL_DESIGN_GEOMETRIC_PRESENTATION_REPRESENTATION (  '', ( #1741 ), #2108 ) ;
#3262 = SURFACE_STYLE_USAGE ( .BOTH. , #411 ) ;
#3263 = PRESENTATION_STYLE_ASSIGNMENT (( #2500 ) ) ;
#3264 = EDGE_CURVE ( 'NONE', #3555, #2844, #1672, .T. ) ;
#3265 = SURFACE_STYLE_FILL_AREA ( #3942 ) ;
#3266 = CARTESIAN_POINT ( 'NONE',  ( -0.3056262922181931518, -2.794000000000000039, -2.139949999999997132 ) ) ;
#3267 = DIRECTION ( 'NONE',  ( -0.000000000000000000, 1.000000000000000000, -0.000000000000000000 ) ) ;
#3268 = PLANE ( 'NONE',  #2558 ) ;
#3269 = ORIENTED_EDGE ( 'NONE', *, *, #1271, .T. ) ;
#3270 = ORIENTED_EDGE ( 'NONE', *, *, #2452, .F. ) ;
#3271 = SURFACE_STYLE_USAGE ( .BOTH. , #2925 ) ;
#3272 = FILL_AREA_STYLE_COLOUR ( '', #2638 ) ;
#3273 = VERTEX_POINT ( 'NONE', #3412 ) ;
#3274 = DIRECTION ( 'NONE',  ( 0.000000000000000000, 0.000000000000000000, 1.000000000000000000 ) ) ;
#3275 = LINE ( 'NONE', #3298, #4012 ) ;
#3276 = EDGE_CURVE ( 'NONE', #3987, #678, #394, .T. ) ;
#3277 = VECTOR ( 'NONE', #4292, 1000.000000000000000 ) ;
#3279 = DIRECTION ( 'NONE',  ( -1.000000000000000000, -0.000000000000000000, -0.000000000000000000 ) ) ;
#3278 = LINE ( 'NONE', #3686, #1361 ) ;
#3280 = CARTESIAN_POINT ( 'NONE',  ( 2.074379107781807896, 0.000000000000000000, -0.4000499999999996281 ) ) ;
#3281 = FILL_AREA_STYLE_COLOUR ( '', #657 ) ;
#3282 =( NAMED_UNIT ( * ) PLANE_ANGLE_UNIT ( ) SI_UNIT ( $, .RADIAN. ) );
#3283 = SURFACE_STYLE_FILL_AREA ( #1776 ) ;
#3284 = DIRECTION ( 'NONE',  ( -0.000000000000000000, 1.000000000000000000, -0.000000000000000000 ) ) ;
#3285 = DIRECTION ( 'NONE',  ( 1.000000000000000000, 0.000000000000000000, 0.000000000000000000 ) ) ;
#3286 = ORIENTED_EDGE ( 'NONE', *, *, #2070, .T. ) ;
#3287 = CARTESIAN_POINT ( 'NONE',  ( 2.394368307781808092, -2.794000000000000039, -0.4000499999999995726 ) ) ;
#3288 = CARTESIAN_POINT ( 'NONE',  ( 2.394368307781808092, 0.000000000000000000, -2.139949999999989139 ) ) ;
#3289 = CARTESIAN_POINT ( 'NONE',  ( 10.15997460000000352, -2.794000000000000039, -2.539999999999993374 ) ) ;
#3290 = VERTEX_POINT ( 'NONE', #2944 ) ;
#3291 = ORIENTED_EDGE ( 'NONE', *, *, #1301, .F. ) ;
#3292 =( LENGTH_UNIT ( ) NAMED_UNIT ( * ) SI_UNIT ( .MILLI., .METRE. ) );
#3293 = DIRECTION ( 'NONE',  ( 0.000000000000000000, 0.000000000000000000, 1.000000000000000000 ) ) ;
#3294 = ORIENTED_EDGE ( 'NONE', *, *, #3507, .T. ) ;
#3295 = AXIS2_PLACEMENT_3D ( 'NONE', #2612, #1822, #4450 ) ;
#3296 = MECHANICAL_DESIGN_GEOMETRIC_PRESENTATION_REPRESENTATION (  '', ( #2617 ), #165 ) ;
#3297 =( NAMED_UNIT ( * ) SI_UNIT ( $, .STERADIAN. ) SOLID_ANGLE_UNIT ( ) );
#3298 = CARTESIAN_POINT ( 'NONE',  ( 5.591498816721902188, 5.053641183278227977, 2.465927599536376344E-16 ) ) ;
#3299 = UNCERTAINTY_MEASURE_WITH_UNIT (LENGTH_MEASURE( 1.000000000000000082E-05 ), #1103, 'distance_accuracy_value', 'NONE');
#3300 =( LENGTH_UNIT ( ) NAMED_UNIT ( * ) SI_UNIT ( .MILLI., .METRE. ) );
#3301 = SURFACE_STYLE_USAGE ( .BOTH. , #3569 ) ;
#3302 = DIRECTION ( 'NONE',  ( -1.000000000000000000, 0.000000000000000000, -0.000000000000000000 ) ) ;
#3303 = ADVANCED_FACE ( 'NONE', ( #4411 ), #1571, .T. ) ;
#3304 = CARTESIAN_POINT ( 'NONE',  ( 1.549400000044443004, 0.000000000000000000, 0.000000000000000000 ) ) ;
#3305 = PRESENTATION_LAYER_ASSIGNMENT (  '', '', ( #3750 ) ) ;
#3306 = DIRECTION ( 'NONE',  ( -0.3420201433256720991, 0.000000000000000000, 0.9396926207859070956 ) ) ;
#3307 = DIRECTION ( 'NONE',  ( 0.000000000000000000, 0.000000000000000000, 1.000000000000000000 ) ) ;
#3308 = ORIENTED_EDGE ( 'NONE', *, *, #287, .F. ) ;
#3309 = DIRECTION ( 'NONE',  ( 0.000000000000000000, 0.000000000000000000, 1.000000000000000000 ) ) ;
#3310 = FACE_OUTER_BOUND ( 'NONE', #1976, .T. ) ;
#3311 = CIRCLE ( 'NONE', #1033, 0.2540000000000606217 ) ;
#3312 =( NAMED_UNIT ( * ) PLANE_ANGLE_UNIT ( ) SI_UNIT ( $, .RADIAN. ) );
#3313 = CYLINDRICAL_SURFACE ( 'NONE', #1019, 0.7251700000000131929 ) ;
#3314 = ORIENTED_EDGE ( 'NONE', *, *, #4310, .T. ) ;
#3315 = ORIENTED_EDGE ( 'NONE', *, *, #3469, .T. ) ;
#3316 = DIRECTION ( 'NONE',  ( 0.000000000000000000, -0.000000000000000000, -1.000000000000000000 ) ) ;
#3317 =( NAMED_UNIT ( * ) PLANE_ANGLE_UNIT ( ) SI_UNIT ( $, .RADIAN. ) );
#3318 = PRESENTATION_LAYER_ASSIGNMENT (  '', '', ( #179 ) ) ;
#3319 = ORIENTED_EDGE ( 'NONE', *, *, #1297, .F. ) ;
#3320 = CARTESIAN_POINT ( 'NONE',  ( 3.504373707781806235, 0.000000000000000000, -2.219960000000018141 ) ) ;
#3321 = AXIS2_PLACEMENT_3D ( 'NONE', #4355, #3695, #1096 ) ;
#3322 = CARTESIAN_POINT ( 'NONE',  ( -4.065758146820641134E-16, -2.794000000000000039, -2.539999999999996927 ) ) ;
#3323 = ADVANCED_FACE ( 'NONE', ( #199 ), #526, .T. ) ;
#3324 = EDGE_CURVE ( 'NONE', #4296, #2424, #830, .T. ) ;
#3325 = CARTESIAN_POINT ( 'NONE',  ( 3.504373707781806235, -0.8940799999999999859, -1.270000000000004903 ) ) ;
#3326 = CARTESIAN_POINT ( 'NONE',  ( 5.083498816721895075, -2.058358816721816087, -8.189511685935267395E-17 ) ) ;
#3327 = EDGE_CURVE ( 'NONE', #4626, #2791, #2189, .T. ) ;
#3328 = FILL_AREA_STYLE_COLOUR ( '', #3353 ) ;
#3329 =( GEOMETRIC_REPRESENTATION_CONTEXT ( 3 ) GLOBAL_UNCERTAINTY_ASSIGNED_CONTEXT ( ( #1354 ) ) GLOBAL_UNIT_ASSIGNED_CONTEXT ( ( #3123, #3142, #223 ) ) REPRESENTATION_CONTEXT ( 'NONE', 'WORKASPACE' ) );
#3330 = AXIS2_PLACEMENT_3D ( 'NONE', #242, #3896, #1715 ) ;
#3331 = LINE ( 'NONE', #1089, #795 ) ;
#3332 = VERTEX_POINT ( 'NONE', #3437 ) ;
#3333 = VECTOR ( 'NONE', #654, 1000.000000000000000 ) ;
#3334 = AXIS2_PLACEMENT_3D ( 'NONE', #1851, #1944, #4488 ) ;
#3335 = AXIS2_PLACEMENT_3D ( 'NONE', #919, #503, #4183 ) ;
#3336 = CARTESIAN_POINT ( 'NONE',  ( 0.000000000000000000, 0.000000000000000000, 0.000000000000000000 ) ) ;
#3337 = CARTESIAN_POINT ( 'NONE',  ( 4.353789849825680847, 3.110602869835118900E-17, -0.2540000000000687264 ) ) ;
#3338 = CARTESIAN_POINT ( 'NONE',  ( 4.614379107781807932, -2.794000000000000039, -0.4000499999999996281 ) ) ;
#3339 =( GEOMETRIC_REPRESENTATION_CONTEXT ( 3 ) GLOBAL_UNCERTAINTY_ASSIGNED_CONTEXT ( ( #226 ) ) GLOBAL_UNIT_ASSIGNED_CONTEXT ( ( #2702, #2333, #1276 ) ) REPRESENTATION_CONTEXT ( 'NONE', 'WORKASPACE' ) );
#3340 = CARTESIAN_POINT ( 'NONE',  ( -0.1456062922181931008, -2.794000000000000039, -0.4000499999999999057 ) ) ;
#3341 = ORIENTED_EDGE ( 'NONE', *, *, #133, .T. ) ;
#3342 = EDGE_LOOP ( 'NONE', ( #1684, #1128, #1601, #4688 ) ) ;
#3343 = DIRECTION ( 'NONE',  ( 0.000000000000000000, 0.000000000000000000, 1.000000000000000000 ) ) ;
#3344 = FACE_OUTER_BOUND ( 'NONE', #4495, .T. ) ;
#3345 = VERTEX_POINT ( 'NONE', #2717 ) ;
#3346 = CIRCLE ( 'NONE', #67, 0.9499600000000134603 ) ;
#3347 = DIRECTION ( 'NONE',  ( -0.000000000000000000, 1.000000000000000000, 0.000000000000000000 ) ) ;
#3348 = UNCERTAINTY_MEASURE_WITH_UNIT (LENGTH_MEASURE( 1.000000000000000082E-05 ), #2503, 'distance_accuracy_value', 'NONE');
#3349 = CARTESIAN_POINT ( 'NONE',  ( 3.708399999993616358, 0.5461000000082094630, 6.687796170244233334E-17 ) ) ;
#3350 = DIRECTION ( 'NONE',  ( 0.000000000000000000, 0.000000000000000000, 1.000000000000000000 ) ) ;
#3351 = DIRECTION ( 'NONE',  ( 1.219044193948983948E-29, -1.000000000000000000, -3.491481338843133355E-15 ) ) ;
#3352 = ORIENTED_EDGE ( 'NONE', *, *, #282, .T. ) ;
#3353 = COLOUR_RGB ( '',0.4941176470588235503, 0.4941176470588235503, 0.4941176470588235503 ) ;
#3354 = LINE ( 'NONE', #2596, #1607 ) ;
#3355 = PLANE ( 'NONE',  #2191 ) ;
#3356 = EDGE_CURVE ( 'NONE', #1586, #840, #3071, .T. ) ;
#3357 = LINE ( 'NONE', #89, #3403 ) ;
#3358 =( NAMED_UNIT ( * ) SI_UNIT ( $, .STERADIAN. ) SOLID_ANGLE_UNIT ( ) );
#3359 = ADVANCED_FACE ( 'NONE', ( #641 ), #3913, .F. ) ;
#3360 = CARTESIAN_POINT ( 'NONE',  ( 4.131110244827596034, 0.000000000000000000, 0.000000000000000000 ) ) ;
#3361 = EDGE_CURVE ( 'NONE', #2287, #2732, #1600, .T. ) ;
#3362 = FILL_AREA_STYLE ('',( #114 ) ) ;
#3363 = ORIENTED_EDGE ( 'NONE', *, *, #624, .F. ) ;
#3364 = EDGE_LOOP ( 'NONE', ( #4102, #801, #2595, #772 ) ) ;
#3365 = CARTESIAN_POINT ( 'NONE',  ( 0.2285999999999989707, 0.000000000000000000, 0.000000000000000000 ) ) ;
#3366 = CARTESIAN_POINT ( 'NONE',  ( 4.468772815563612610, -2.794000000000000039, -2.539999999999990266 ) ) ;
#3367 = FILL_AREA_STYLE_COLOUR ( '', #4480 ) ;
#3368 = ORIENTED_EDGE ( 'NONE', *, *, #590, .F. ) ;
#3369 = VECTOR ( 'NONE', #2043, 1000.000000000000000 ) ;
#3370 =( NAMED_UNIT ( * ) SI_UNIT ( $, .STERADIAN. ) SOLID_ANGLE_UNIT ( ) );
#3371 = EDGE_CURVE ( 'NONE', #311, #1610, #3855, .T. ) ;
#3373 =( NAMED_UNIT ( * ) SI_UNIT ( $, .STERADIAN. ) SOLID_ANGLE_UNIT ( ) );
#3372 = CARTESIAN_POINT ( 'NONE',  ( 11.12437370778180679, 0.000000000000000000, -0.5448299999999917098 ) ) ;
#3374 = CARTESIAN_POINT ( 'NONE',  ( 4.614379107781807932, 0.000000000000000000, -0.4000499999999994616 ) ) ;
#3375 = MECHANICAL_DESIGN_GEOMETRIC_PRESENTATION_REPRESENTATION (  '', ( #3212 ), #3599 ) ;
#3376 = STYLED_ITEM ( 'NONE', ( #395 ), #4522 ) ;
#3377 =( REPRESENTATION_RELATIONSHIP ('NONE','NONE', #4492, #235 ) REPRESENTATION_RELATIONSHIP_WITH_TRANSFORMATION ( #656 )SHAPE_REPRESENTATION_RELATIONSHIP( ) );
#3378 = SURFACE_STYLE_FILL_AREA ( #128 ) ;
#3379 = CARTESIAN_POINT ( 'NONE',  ( 0.9643737077818047565, 5.874298885333780682E-15, -1.270000000000006013 ) ) ;
#3380 = EDGE_LOOP ( 'NONE', ( #1956, #2438, #991, #3785, #3831 ) ) ;
#3381 =( GEOMETRIC_REPRESENTATION_CONTEXT ( 3 ) GLOBAL_UNCERTAINTY_ASSIGNED_CONTEXT ( ( #3444 ) ) GLOBAL_UNIT_ASSIGNED_CONTEXT ( ( #566, #2783, #193 ) ) REPRESENTATION_CONTEXT ( 'NONE', 'WORKASPACE' ) );
#3382 = ORIENTED_EDGE ( 'NONE', *, *, #1917, .F. ) ;
#3383 = DIRECTION ( 'NONE',  ( 0.000000000000000000, -1.000000000000000000, 0.000000000000000000 ) ) ;
#3384 = CARTESIAN_POINT ( 'NONE',  ( 3.708400000000000141, 6.687796170143705338E-17, -0.5461000000000006960 ) ) ;
#3385 = CARTESIAN_POINT ( 'NONE',  ( 5.212344780397893729, 0.2540000000000902647, 0.5080000000001225757 ) ) ;
#3386 = MECHANICAL_DESIGN_GEOMETRIC_PRESENTATION_REPRESENTATION (  '', ( #2009 ), #2992 ) ;
#3387 = DIRECTION ( 'NONE',  ( -0.3420201433256720991, 0.000000000000000000, 0.9396926207859070956 ) ) ;
#3388 = ADVANCED_FACE ( 'NONE', ( #1969, #1240 ), #4123, .F. ) ;
#3389 = ORIENTED_EDGE ( 'NONE', *, *, #3324, .F. ) ;
#3390 = EDGE_CURVE ( 'NONE', #1221, #2853, #987, .T. ) ;
#3391 = PRESENTATION_STYLE_ASSIGNMENT (( #3843 ) ) ;
#3392 = ORIENTED_EDGE ( 'NONE', *, *, #2765, .F. ) ;
#3393 = CARTESIAN_POINT ( 'NONE',  ( 0.7620000000000404228, 0.000000000000000000, 0.7111999999999951694 ) ) ;
#3394 = VECTOR ( 'NONE', #4420, 1000.000000000000000 ) ;
#3396 = FACE_OUTER_BOUND ( 'NONE', #4106, .T. ) ;
#3395 = PRESENTATION_STYLE_ASSIGNMENT (( #484 ) ) ;
#3397 = COLOUR_RGB ( '',0.4941176470588235503, 0.4941176470588235503, 0.4941176470588235503 ) ;
#3398 = AXIS2_PLACEMENT_3D ( 'NONE', #330, #1138, #404 ) ;
#3399 = DIRECTION ( 'NONE',  ( 0.000000000000000000, 0.000000000000000000, 1.000000000000000000 ) ) ;
#3400 = PRESENTATION_LAYER_ASSIGNMENT (  '', '', ( #4014 ) ) ;
#3401 = DIRECTION ( 'NONE',  ( -3.657132581846951845E-29, -1.000000000000000000, 3.491481338843133355E-15 ) ) ;
#3402 = VERTEX_POINT ( 'NONE', #3806 ) ;
#3403 = VECTOR ( 'NONE', #4433, 1000.000000000000000 ) ;
#3404 = DIRECTION ( 'NONE',  ( -0.000000000000000000, 1.000000000000000000, -0.000000000000000000 ) ) ;
#3405 = FACE_OUTER_BOUND ( 'NONE', #427, .T. ) ;
#3406 = ORIENTED_EDGE ( 'NONE', *, *, #426, .T. ) ;
#3407 = CARTESIAN_POINT ( 'NONE',  ( 4.229543707781819428, -0.8940799999999993197, -1.270000000000004903 ) ) ;
#3409 = SURFACE_STYLE_FILL_AREA ( #2098 ) ;
#3408 = STYLED_ITEM ( 'NONE', ( #4446 ), #1680 ) ;
#3410 = ADVANCED_FACE ( 'NONE', ( #3087 ), #4615, .F. ) ;
#3411 = SURFACE_STYLE_USAGE ( .BOTH. , #1225 ) ;
#3412 = CARTESIAN_POINT ( 'NONE',  ( 4.614379107781807932, 0.000000000000000000, -2.139949999999988695 ) ) ;
#3413 = DIRECTION ( 'NONE',  ( -1.000000000000000000, -0.000000000000000000, -0.000000000000000000 ) ) ;
#3414 = STYLED_ITEM ( 'NONE', ( #3391 ), #2626 ) ;
#3415 = PRESENTATION_LAYER_ASSIGNMENT (  '', '', ( #2943 ) ) ;
#3416 = DIRECTION ( 'NONE',  ( 0.3420201433256638834, 0.000000000000000000, -0.9396926207859100932 ) ) ;
#3417 = DIRECTION ( 'NONE',  ( -1.000000000000000000, 0.000000000000000000, -0.000000000000000000 ) ) ;
#3418 = CIRCLE ( 'NONE', #361, 0.7251700000000131929 ) ;
#3419 = ORIENTED_EDGE ( 'NONE', *, *, #3592, .T. ) ;
#3420 = DIRECTION ( 'NONE',  ( 1.506739769771851316E-15, 0.000000000000000000, -1.000000000000000000 ) ) ;
#3421 = VECTOR ( 'NONE', #379, 1000.000000000000114 ) ;
#3422 = CARTESIAN_POINT ( 'NONE',  ( 0.2285999999999989707, 0.000000000000000000, 0.5461000000000006960 ) ) ;
#3423 = VERTEX_POINT ( 'NONE', #2793 ) ;
#3424 = FACE_OUTER_BOUND ( 'NONE', #3230, .T. ) ;
#3426 =( NAMED_UNIT ( * ) SI_UNIT ( $, .STERADIAN. ) SOLID_ANGLE_UNIT ( ) );
#3425 = CARTESIAN_POINT ( 'NONE',  ( 8.584373707781805862, -0.8940799999999999859, -1.270000000000004903 ) ) ;
#3427 = SURFACE_STYLE_USAGE ( .BOTH. , #2342 ) ;
#3428 = COLOUR_RGB ( '',0.8000000000000000444, 0.8039215686274510109, 0.8000000000000000444 ) ;
#3429 = LINE ( 'NONE', #2367, #348 ) ;
#3430 = EDGE_CURVE ( 'NONE', #490, #4525, #2412, .T. ) ;
#3431 = ORIENTED_EDGE ( 'NONE', *, *, #1691, .T. ) ;
#3432 = DIRECTION ( 'NONE',  ( 0.000000000000000000, -1.000000000000000000, 0.000000000000000000 ) ) ;
#3433 = EDGE_LOOP ( 'NONE', ( #2157, #1456 ) ) ;
#3434 = SURFACE_STYLE_FILL_AREA ( #152 ) ;
#3435 =( NAMED_UNIT ( * ) SI_UNIT ( $, .STERADIAN. ) SOLID_ANGLE_UNIT ( ) );
#3436 = CARTESIAN_POINT ( 'NONE',  ( 4.676140000000002850, -0.2540000000000336433, 1.070935702167703648E-16 ) ) ;
#3437 = CARTESIAN_POINT ( 'NONE',  ( 2.539974600000002525, -2.794000000000000039, 5.033984270862122369E-17 ) ) ;
#3438 = SURFACE_SIDE_STYLE ('',( #1606 ) ) ;
#3439 = ORIENTED_EDGE ( 'NONE', *, *, #585, .F. ) ;
#3440 = PRESENTATION_LAYER_ASSIGNMENT (  '', '', ( #384 ) ) ;
#3441 = FACE_OUTER_BOUND ( 'NONE', #3025, .T. ) ;
#3442 = VERTEX_POINT ( 'NONE', #1311 ) ;
#3443 = FILL_AREA_STYLE_COLOUR ( '', #3482 ) ;
#3444 = UNCERTAINTY_MEASURE_WITH_UNIT (LENGTH_MEASURE( 1.000000000000000082E-05 ), #566, 'distance_accuracy_value', 'NONE');
#3445 = CARTESIAN_POINT ( 'NONE',  ( 3.469446951953614189E-15, -2.794000000000000039, 0.000000000000000000 ) ) ;
#3446 = CARTESIAN_POINT ( 'NONE',  ( 4.490320489685464267, 0.000000000000000000, 0.000000000000000000 ) ) ;
#3447 = EDGE_LOOP ( 'NONE', ( #1895, #265, #231, #2384 ) ) ;
#3448 = PRESENTATION_STYLE_ASSIGNMENT (( #1266 ) ) ;
#3449 = ADVANCED_FACE ( 'NONE', ( #281 ), #1330, .F. ) ;
#3450 = DIRECTION ( 'NONE',  ( 0.000000000000000000, -1.000000000000000000, 0.000000000000000000 ) ) ;
#3451 = EDGE_LOOP ( 'NONE', ( #4089, #1971, #4599, #4361 ) ) ;
#3452 = FACE_BOUND ( 'NONE', #2357, .T. ) ;
#3453 = VECTOR ( 'NONE', #3638, 1000.000000000000000 ) ;
#3454 = PRESENTATION_STYLE_ASSIGNMENT (( #4509 ) ) ;
#3455 = CIRCLE ( 'NONE', #714, 0.6730999999717822702 ) ;
#3456 = SURFACE_STYLE_USAGE ( .BOTH. , #2075 ) ;
#3457 = STYLED_ITEM ( 'NONE', ( #2594 ), #1849 ) ;
#3458 = LINE ( 'NONE', #1759, #708 ) ;
#3459 = CARTESIAN_POINT ( 'NONE',  ( 5.591498816721848897, -2.058358816721820528, -2.085148221162914781E-17 ) ) ;
#3460 = ORIENTED_EDGE ( 'NONE', *, *, #1839, .T. ) ;
#3461 = FACE_OUTER_BOUND ( 'NONE', #2724, .T. ) ;
#3462 = CARTESIAN_POINT ( 'NONE',  ( 0.9643737077818063108, 2.332957050962901456E-15, -2.219960000000018141 ) ) ;
#3463 = VERTEX_POINT ( 'NONE', #2120 ) ;
#3464 = CARTESIAN_POINT ( 'NONE',  ( 1.549400000000012323, 0.000000000000000000, 0.000000000000000000 ) ) ;
#3465 = LINE ( 'NONE', #898, #4067 ) ;
#3466 = ADVANCED_FACE ( 'NONE', ( #4260 ), #2774, .F. ) ;
#3467 = CARTESIAN_POINT ( 'NONE',  ( 9.694379107781808003, 1.626303258728256651E-16, -0.4000499999999997947 ) ) ;
#3468 = PRESENTATION_LAYER_ASSIGNMENT (  '', '', ( #249 ) ) ;
#3469 = EDGE_CURVE ( 'NONE', #2580, #4350, #4043, .T. ) ;
#3470 = ORIENTED_EDGE ( 'NONE', *, *, #2394, .F. ) ;
#3471 = DIRECTION ( 'NONE',  ( 1.000000000000000000, 0.000000000000000000, 0.000000000000000000 ) ) ;
#3472 = ADVANCED_FACE ( 'NONE', ( #2556 ), #323, .F. ) ;
#3473 = PRODUCT_DEFINITION_SHAPE ( 'NONE', 'NONE',  #4723 ) ;
#3474 = ORIENTED_EDGE ( 'NONE', *, *, #845, .T. ) ;
#3475 = MECHANICAL_DESIGN_GEOMETRIC_PRESENTATION_REPRESENTATION (  '', ( #4014 ), #120 ) ;
#3476 =( NAMED_UNIT ( * ) SI_UNIT ( $, .STERADIAN. ) SOLID_ANGLE_UNIT ( ) );
#3477 = STYLED_ITEM ( 'NONE', ( #4182 ), #4344 ) ;
#3478 = MECHANICAL_DESIGN_GEOMETRIC_PRESENTATION_REPRESENTATION (  '', ( #3810 ), #3095 ) ;
#3479 = CARTESIAN_POINT ( 'NONE',  ( 5.083498816721895075, -2.058358816721811646, -0.5079999999999527116 ) ) ;
#3480 =( GEOMETRIC_REPRESENTATION_CONTEXT ( 3 ) GLOBAL_UNCERTAINTY_ASSIGNED_CONTEXT ( ( #3194 ) ) GLOBAL_UNIT_ASSIGNED_CONTEXT ( ( #2679, #1563, #2995 ) ) REPRESENTATION_CONTEXT ( 'NONE', 'WORKASPACE' ) );
#3481 = COLOUR_RGB ( '',0.4941176470588235503, 0.4941176470588235503, 0.4941176470588235503 ) ;
#3482 = COLOUR_RGB ( '',0.4941176470588235503, 0.4941176470588235503, 0.4941176470588235503 ) ;
#3483 = PLANE ( 'NONE',  #1047 ) ;
#3484 = FILL_AREA_STYLE_COLOUR ( '', #123 ) ;
#3485 = STYLED_ITEM ( 'NONE', ( #2709 ), #3388 ) ;
#3486 = DIRECTION ( 'NONE',  ( 0.000000000000000000, -1.000000000000000000, 0.000000000000000000 ) ) ;
#3487 = STYLED_ITEM ( 'NONE', ( #4005 ), #34 ) ;
#3488 = ORIENTED_EDGE ( 'NONE', *, *, #2914, .T. ) ;
#3489 = DIRECTION ( 'NONE',  ( 1.000000000000000000, 0.000000000000000000, 0.000000000000000000 ) ) ;
#3490 = UNCERTAINTY_MEASURE_WITH_UNIT (LENGTH_MEASURE( 1.000000000000000082E-05 ), #4264, 'distance_accuracy_value', 'NONE');
#3492 = DIRECTION ( 'NONE',  ( 0.3420201433256638834, 0.000000000000000000, -0.9396926207859100932 ) ) ;
#3491 = DIRECTION ( 'NONE',  ( -0.7071067811865474617, 8.659560562354932858E-17, -0.7071067811865474617 ) ) ;
#3493 = CARTESIAN_POINT ( 'NONE',  ( -0.1456062922181931563, -2.794000000000000039, -2.139949999999997132 ) ) ;
#3494 = ORIENTED_EDGE ( 'NONE', *, *, #4352, .T. ) ;
#3495 =( NAMED_UNIT ( * ) SI_UNIT ( $, .STERADIAN. ) SOLID_ANGLE_UNIT ( ) );
#3496 = EDGE_LOOP ( 'NONE', ( #1403, #4470, #1046, #3363 ) ) ;
#3497 = CARTESIAN_POINT ( 'NONE',  ( 2.074379107781807896, -2.794000000000000039, -0.4000499999999996281 ) ) ;
#3498 = FACE_OUTER_BOUND ( 'NONE', #1621, .T. ) ;
#3499 = SURFACE_STYLE_USAGE ( .BOTH. , #4582 ) ;
#3500 = DIRECTION ( 'NONE',  ( 0.000000000000000000, 0.000000000000000000, 1.000000000000000000 ) ) ;
#3501 = COLOUR_RGB ( '',0.4941176470588235503, 0.4941176470588235503, 0.4941176470588235503 ) ;
#3502 = LINE ( 'NONE', #4564, #2414 ) ;
#3503 = ADVANCED_FACE ( 'NONE', ( #1101, #2200 ), #399, .F. ) ;
#3504 = MECHANICAL_DESIGN_GEOMETRIC_PRESENTATION_REPRESENTATION (  '', ( #4122 ), #76 ) ;
#3505 = SURFACE_STYLE_FILL_AREA ( #3841 ) ;
#3506 = CARTESIAN_POINT ( 'NONE',  ( 4.353789849825681735, 0.5080000000001373417, -0.2540000000000686708 ) ) ;
#3507 = EDGE_CURVE ( 'NONE', #3463, #2520, #2949, .T. ) ;
#3508 = EDGE_LOOP ( 'NONE', ( #3990, #1657, #4517, #1811 ) ) ;
#3509 = DIRECTION ( 'NONE',  ( 0.000000000000000000, 0.000000000000000000, 1.000000000000000000 ) ) ;
#3510 = SHAPE_REPRESENTATION ( 'P3XX-11-010-00-000000_P305-11-010-00-000000', ( #4608 ), #3989 ) ;
#3511 = FILL_AREA_STYLE_COLOUR ( '', #3716 ) ;
#3512 =( NAMED_UNIT ( * ) PLANE_ANGLE_UNIT ( ) SI_UNIT ( $, .RADIAN. ) );
#3513 = ORIENTED_EDGE ( 'NONE', *, *, #539, .T. ) ;
#3514 = EDGE_CURVE ( 'NONE', #115, #2739, #3219, .T. ) ;
#3515 =( NAMED_UNIT ( * ) PLANE_ANGLE_UNIT ( ) SI_UNIT ( $, .RADIAN. ) );
#3516 = ITEM_DEFINED_TRANSFORMATION ( 'NONE', 'NONE', #2542,  #4608 ) ;
#3517 = EDGE_LOOP ( 'NONE', ( #3368, #4597, #3878, #2835 ) ) ;
#3518 = CARTESIAN_POINT ( 'NONE',  ( 7.154379107781808855, -2.794000000000000039, -2.139949999999988695 ) ) ;
#3519 = FILL_AREA_STYLE ('',( #1043 ) ) ;
#3520 = ORIENTED_EDGE ( 'NONE', *, *, #856, .F. ) ;
#3521 = FACE_OUTER_BOUND ( 'NONE', #4639, .T. ) ;
#3522 = FACE_OUTER_BOUND ( 'NONE', #2066, .T. ) ;
#3523 = CARTESIAN_POINT ( 'NONE',  ( 12.08874741556367738, -2.794000000000000039, -2.539999999999978719 ) ) ;
#3524 =( GEOMETRIC_REPRESENTATION_CONTEXT ( 3 ) GLOBAL_UNCERTAINTY_ASSIGNED_CONTEXT ( ( #3348 ) ) GLOBAL_UNIT_ASSIGNED_CONTEXT ( ( #2503, #2140, #3601 ) ) REPRESENTATION_CONTEXT ( 'NONE', 'WORKASPACE' ) );
#3525 = DIRECTION ( 'NONE',  ( 1.000000000000000000, 0.000000000000000000, -0.000000000000000000 ) ) ;
#3526 =( REPRESENTATION_RELATIONSHIP ('NONE','NONE', #4492, #3510 ) REPRESENTATION_RELATIONSHIP_WITH_TRANSFORMATION ( #3516 )SHAPE_REPRESENTATION_RELATIONSHIP( ) );
#3527 = DIRECTION ( 'NONE',  ( 0.9396926207859080948, 0.000000000000000000, -0.3420201433256694901 ) ) ;
#3528 = CARTESIAN_POINT ( 'NONE',  ( 4.353789849825681735, 0.5080000000001373417, 0.2540000000000686708 ) ) ;
#3529 = ADVANCED_FACE ( 'NONE', ( #2605 ), #1081, .T. ) ;
#3530 = ORIENTED_EDGE ( 'NONE', *, *, #2364, .F. ) ;
#3531 = EDGE_CURVE ( 'NONE', #3008, #528, #475, .T. ) ;
#3532 = UNCERTAINTY_MEASURE_WITH_UNIT (LENGTH_MEASURE( 1.000000000000000082E-05 ), #4207, 'distance_accuracy_value', 'NONE');
#3533 = FILL_AREA_STYLE ('',( #3146 ) ) ;
#3534 = AXIS2_PLACEMENT_3D ( 'NONE', #3571, #2825, #3591 ) ;
#3535 = DIRECTION ( 'NONE',  ( -0.000000000000000000, 1.000000000000000000, -0.000000000000000000 ) ) ;
#3536 = DIRECTION ( 'NONE',  ( 0.9396926207859100932, 0.000000000000000000, 0.3420201433256638834 ) ) ;
#3537 = ORIENTED_EDGE ( 'NONE', *, *, #10, .T. ) ;
#3538 = ADVANCED_BREP_SHAPE_REPRESENTATION ( '', ( #2892, #4608 ), #3989 ) ;
#3539 = ORIENTED_EDGE ( 'NONE', *, *, #4210, .T. ) ;
#3540 = SURFACE_SIDE_STYLE ('',( #1020 ) ) ;
#3541 =( NAMED_UNIT ( * ) SI_UNIT ( $, .STERADIAN. ) SOLID_ANGLE_UNIT ( ) );
#3542 = DIRECTION ( 'NONE',  ( -1.000000000000000000, 0.000000000000000000, 0.000000000000000000 ) ) ;
#3543 = VERTEX_POINT ( 'NONE', #2629 ) ;
#3544 = MECHANICAL_DESIGN_GEOMETRIC_PRESENTATION_REPRESENTATION (  '', ( #1938 ), #814 ) ;
#3545 = PRESENTATION_LAYER_ASSIGNMENT (  '', '', ( #3854 ) ) ;
#3546 = DIRECTION ( 'NONE',  ( -1.000000000000000000, -0.000000000000000000, 1.355298456929802892E-15 ) ) ;
#3547 = COLOUR_RGB ( '',0.4941176470588235503, 0.4941176470588235503, 0.4941176470588235503 ) ;
#3548 = CARTESIAN_POINT ( 'NONE',  ( 6.044373707781806715, 2.332957050962901456E-15, -0.3200399999999913869 ) ) ;
#3549 = LINE ( 'NONE', #3898, #2026 ) ;
#3550 = CIRCLE ( 'NONE', #1716, 0.9144000000000095385 ) ;
#3551 = SURFACE_SIDE_STYLE ('',( #3842 ) ) ;
#3552 = CIRCLE ( 'NONE', #1515, 0.7251700000000131929 ) ;
#3553 = VECTOR ( 'NONE', #2550, 1000.000000000000114 ) ;
#3554 = SURFACE_STYLE_USAGE ( .BOTH. , #1745 ) ;
#3555 = VERTEX_POINT ( 'NONE', #1905 ) ;
#3556 =( GEOMETRIC_REPRESENTATION_CONTEXT ( 3 ) GLOBAL_UNCERTAINTY_ASSIGNED_CONTEXT ( ( #831 ) ) GLOBAL_UNIT_ASSIGNED_CONTEXT ( ( #996, #1767, #3907 ) ) REPRESENTATION_CONTEXT ( 'NONE', 'WORKASPACE' ) );
#3557 = ORIENTED_EDGE ( 'NONE', *, *, #942, .T. ) ;
#3558 = MECHANICAL_DESIGN_GEOMETRIC_PRESENTATION_REPRESENTATION (  '', ( #901 ), #431 ) ;
#3559 = SURFACE_STYLE_USAGE ( .BOTH. , #1406 ) ;
#3560 =( NAMED_UNIT ( * ) SI_UNIT ( $, .STERADIAN. ) SOLID_ANGLE_UNIT ( ) );
#3561 = ORIENTED_EDGE ( 'NONE', *, *, #3876, .T. ) ;
#3562 = PRESENTATION_LAYER_ASSIGNMENT (  '', '', ( #1737 ) ) ;
#3563 = FILL_AREA_STYLE_COLOUR ( '', #510 ) ;
#3564 = FACE_BOUND ( 'NONE', #3242, .T. ) ;
#3565 = EDGE_CURVE ( 'NONE', #2424, #4296, #3958, .T. ) ;
#3567 = DIRECTION ( 'NONE',  ( 0.3420201433256663259, 0.000000000000000000, 0.9396926207859092051 ) ) ;
#3566 =( NAMED_UNIT ( * ) SI_UNIT ( $, .STERADIAN. ) SOLID_ANGLE_UNIT ( ) );
#3568 =( GEOMETRIC_REPRESENTATION_CONTEXT ( 3 ) GLOBAL_UNCERTAINTY_ASSIGNED_CONTEXT ( ( #2814 ) ) GLOBAL_UNIT_ASSIGNED_CONTEXT ( ( #1622, #1990, #2037 ) ) REPRESENTATION_CONTEXT ( 'NONE', 'WORKASPACE' ) );
#3569 = SURFACE_SIDE_STYLE ('',( #4265 ) ) ;
#3570 = EDGE_CURVE ( 'NONE', #3759, #3987, #4090, .T. ) ;
#3571 = CARTESIAN_POINT ( 'NONE',  ( 12.08874741556356724, -2.794000000000000039, 0.000000000000000000 ) ) ;
#3572 = DIRECTION ( 'NONE',  ( -1.000000000000000000, -0.000000000000000000, -0.000000000000000000 ) ) ;
#3573 = ORIENTED_EDGE ( 'NONE', *, *, #316, .T. ) ;
#3574 = PRESENTATION_STYLE_ASSIGNMENT (( #1780 ) ) ;
#3575 = PRESENTATION_LAYER_ASSIGNMENT (  '', '', ( #2953 ) ) ;
#3576 = FILL_AREA_STYLE ('',( #296 ) ) ;
#3577 = CARTESIAN_POINT ( 'NONE',  ( 4.468772815563612610, 0.000000000000000000, -2.539999999999995595 ) ) ;
#3578 = CARTESIAN_POINT ( 'NONE',  ( 12.23435370778180875, -2.794000000000000039, -2.139949999999958941 ) ) ;
#3579 =( LENGTH_UNIT ( ) NAMED_UNIT ( * ) SI_UNIT ( .MILLI., .METRE. ) );
#3580 = CONICAL_SURFACE ( 'NONE', #926, 0.5461000000082094630, 1.029744258650766353 ) ;
#3581 = EDGE_LOOP ( 'NONE', ( #3308, #2559, #781, #2894 ) ) ;
#3582 = ORIENTED_EDGE ( 'NONE', *, *, #770, .F. ) ;
#3583 =( NAMED_UNIT ( * ) SI_UNIT ( $, .STERADIAN. ) SOLID_ANGLE_UNIT ( ) );
#3584 = FILL_AREA_STYLE_COLOUR ( '', #3851 ) ;
#3585 = DIRECTION ( 'NONE',  ( 0.000000000000000000, -1.000000000000000000, 0.000000000000000000 ) ) ;
#3586 = VERTEX_POINT ( 'NONE', #96 ) ;
#3587 = CARTESIAN_POINT ( 'NONE',  ( 5.591498816721843568, -2.058358816721820084, -5.443552981538605062E-17 ) ) ;
#3588 = UNCERTAINTY_MEASURE_WITH_UNIT (LENGTH_MEASURE( 1.000000000000000082E-05 ), #2144, 'distance_accuracy_value', 'NONE');
#3589 = CARTESIAN_POINT ( 'NONE',  ( 12.23435370778180875, 0.000000000000000000, -0.4000499999999816980 ) ) ;
#3590 =( LENGTH_UNIT ( ) NAMED_UNIT ( * ) SI_UNIT ( .MILLI., .METRE. ) );
#3591 = DIRECTION ( 'NONE',  ( 0.3420201433257821222, 0.000000000000000000, -0.9396926207858671276 ) ) ;
#3592 = EDGE_CURVE ( 'NONE', #3700, #1791, #822, .T. ) ;
#3593 = ORIENTED_EDGE ( 'NONE', *, *, #1114, .T. ) ;
#3594 = CARTESIAN_POINT ( 'NONE',  ( 3.504373707781806235, -0.8940799999999999859, -1.995170000000017874 ) ) ;
#3595 = STYLED_ITEM ( 'NONE', ( #4149 ), #349 ) ;
#3596 = LINE ( 'NONE', #3981, #425 ) ;
#3597 = FILL_AREA_STYLE_COLOUR ( '', #744 ) ;
#3598 = SURFACE_STYLE_USAGE ( .BOTH. , #2139 ) ;
#3599 =( GEOMETRIC_REPRESENTATION_CONTEXT ( 3 ) GLOBAL_UNCERTAINTY_ASSIGNED_CONTEXT ( ( #2386 ) ) GLOBAL_UNIT_ASSIGNED_CONTEXT ( ( #4401, #438, #3373 ) ) REPRESENTATION_CONTEXT ( 'NONE', 'WORKASPACE' ) );
#3600 = PRESENTATION_LAYER_ASSIGNMENT (  '', '', ( #4288 ) ) ;
#3601 =( NAMED_UNIT ( * ) SI_UNIT ( $, .STERADIAN. ) SOLID_ANGLE_UNIT ( ) );
#3602 = ORIENTED_EDGE ( 'NONE', *, *, #937, .T. ) ;
#3603 = STYLED_ITEM ( 'NONE', ( #2131 ), #2731 ) ;
#3604 = VECTOR ( 'NONE', #4490, 1000.000000000000000 ) ;
#3605 = ORIENTED_EDGE ( 'NONE', *, *, #3565, .T. ) ;
#3606 = PRESENTATION_STYLE_ASSIGNMENT (( #3991 ) ) ;
#3607 = CARTESIAN_POINT ( 'NONE',  ( 0.2285999999999989707, 8.087567461705193258E-17, -0.5461000000000006960 ) ) ;
#3608 = AXIS2_PLACEMENT_3D ( 'NONE', #4163, #1894, #3351 ) ;
#3609 = VERTEX_POINT ( 'NONE', #2975 ) ;
#3610 =( NAMED_UNIT ( * ) PLANE_ANGLE_UNIT ( ) SI_UNIT ( $, .RADIAN. ) );
#3611 = ADVANCED_FACE ( 'NONE', ( #1611 ), #1950, .T. ) ;
#3613 = FILL_AREA_STYLE_COLOUR ( '', #716 ) ;
#3612 = SURFACE_STYLE_USAGE ( .BOTH. , #332 ) ;
#3614 = DIRECTION ( 'NONE',  ( 1.000000000000000000, 0.000000000000000000, -0.000000000000000000 ) ) ;
#3615 = PRESENTATION_LAYER_ASSIGNMENT (  '', '', ( #957 ) ) ;
#3616 = EDGE_CURVE ( 'NONE', #2173, #2094, #3076, .T. ) ;
#3617 =( LENGTH_UNIT ( ) NAMED_UNIT ( * ) SI_UNIT ( .MILLI., .METRE. ) );
#3618 = FILL_AREA_STYLE_COLOUR ( '', #872 ) ;
#3619 = EDGE_LOOP ( 'NONE', ( #4378, #3809 ) ) ;
#3620 = SURFACE_STYLE_FILL_AREA ( #35 ) ;
#3621 = CARTESIAN_POINT ( 'NONE',  ( 10.15997460000000352, 2.168404344971008868E-16, 3.794707603699265519E-16 ) ) ;
#3622 = CARTESIAN_POINT ( 'NONE',  ( 8.584373707781805862, 0.000000000000000000, -0.3200399999999913869 ) ) ;
#3623 = DIRECTION ( 'NONE',  ( -0.000000000000000000, -0.000000000000000000, 1.000000000000000000 ) ) ;
#3624 =( LENGTH_UNIT ( ) NAMED_UNIT ( * ) SI_UNIT ( .MILLI., .METRE. ) );
#3625 = FILL_AREA_STYLE ('',( #1492 ) ) ;
#3626 = AXIS2_PLACEMENT_3D ( 'NONE', #1141, #2980, #4452 ) ;
#3627 = CARTESIAN_POINT ( 'NONE',  ( 0.000000000000000000, 0.000000000000000000, 0.2540000000000609548 ) ) ;
#3628 = ORIENTED_EDGE ( 'NONE', *, *, #426, .F. ) ;
#3629 = VERTEX_POINT ( 'NONE', #4539 ) ;
#3630 =( GEOMETRIC_REPRESENTATION_CONTEXT ( 3 ) GLOBAL_UNCERTAINTY_ASSIGNED_CONTEXT ( ( #2672 ) ) GLOBAL_UNIT_ASSIGNED_CONTEXT ( ( #4587, #1006, #2407 ) ) REPRESENTATION_CONTEXT ( 'NONE', 'WORKASPACE' ) );
#3631 = CARTESIAN_POINT ( 'NONE',  ( 10.01436830778180820, -2.794000000000000039, -0.4000499999999996281 ) ) ;
#3632 = FILL_AREA_STYLE ('',( #798 ) ) ;
#3633 = ORIENTED_EDGE ( 'NONE', *, *, #1915, .T. ) ;
#3634 = PRESENTATION_LAYER_ASSIGNMENT (  '', '', ( #3810 ) ) ;
#3635 =( NAMED_UNIT ( * ) SI_UNIT ( $, .STERADIAN. ) SOLID_ANGLE_UNIT ( ) );
#3636 = CIRCLE ( 'NONE', #1125, 0.7391399999789882713 ) ;
#3637 = UNCERTAINTY_MEASURE_WITH_UNIT (LENGTH_MEASURE( 1.000000000000000082E-05 ), #842, 'distance_accuracy_value', 'NONE');
#3638 = DIRECTION ( 'NONE',  ( -0.000000000000000000, 1.000000000000000000, 0.000000000000000000 ) ) ;
#3639 = CARTESIAN_POINT ( 'NONE',  ( 4.614379107781807932, -2.794000000000000039, -0.4000499999999996281 ) ) ;
#3640 =( GEOMETRIC_REPRESENTATION_CONTEXT ( 3 ) GLOBAL_UNCERTAINTY_ASSIGNED_CONTEXT ( ( #1638 ) ) GLOBAL_UNIT_ASSIGNED_CONTEXT ( ( #3808, #1991, #4220 ) ) REPRESENTATION_CONTEXT ( 'NONE', 'WORKASPACE' ) );
#3641 = MECHANICAL_DESIGN_GEOMETRIC_PRESENTATION_REPRESENTATION (  '', ( #908 ), #134 ) ;
#3642 = AXIS2_PLACEMENT_3D ( 'NONE', #468, #111, #1922 ) ;
#3643 = LINE ( 'NONE', #1417, #3160 ) ;
#3644 = CARTESIAN_POINT ( 'NONE',  ( 10.01436830778180820, 0.000000000000000000, -2.139949999999988695 ) ) ;
#3645 = FILL_AREA_STYLE ('',( #3618 ) ) ;
#3646 = ORIENTED_EDGE ( 'NONE', *, *, #2475, .F. ) ;
#3647 = AXIS2_PLACEMENT_3D ( 'NONE', #1405, #4663, #207 ) ;
#3648 =( NAMED_UNIT ( * ) PLANE_ANGLE_UNIT ( ) SI_UNIT ( $, .RADIAN. ) );
#3649 = ORIENTED_EDGE ( 'NONE', *, *, #3772, .F. ) ;
#3650 = PRESENTATION_STYLE_ASSIGNMENT (( #4334 ) ) ;
#3651 = LINE ( 'NONE', #4354, #1169 ) ;
#3652 = CARTESIAN_POINT ( 'NONE',  ( 0.000000000000000000, 1.119817033140351443E-16, -0.9144000000000095385 ) ) ;
#3653 = EDGE_CURVE ( 'NONE', #4350, #1529, #1179, .T. ) ;
#3654 = ORIENTED_EDGE ( 'NONE', *, *, #2857, .T. ) ;
#3655 = ORIENTED_EDGE ( 'NONE', *, *, #4036, .F. ) ;
#3656 = PRESENTATION_STYLE_ASSIGNMENT (( #3271 ) ) ;
#3657 =( GEOMETRIC_REPRESENTATION_CONTEXT ( 3 ) GLOBAL_UNCERTAINTY_ASSIGNED_CONTEXT ( ( #331 ) ) GLOBAL_UNIT_ASSIGNED_CONTEXT ( ( #1343, #546, #3435 ) ) REPRESENTATION_CONTEXT ( 'NONE', 'WORKASPACE' ) );
#3658 = EDGE_CURVE ( 'NONE', #2812, #2198, #266, .T. ) ;
#3659 = FILL_AREA_STYLE ('',( #3682 ) ) ;
#3660 = ORIENTED_EDGE ( 'NONE', *, *, #2822, .F. ) ;
#3661 = DIRECTION ( 'NONE',  ( 0.000000000000000000, 0.000000000000000000, 1.000000000000000000 ) ) ;
#3662 = DIRECTION ( 'NONE',  ( -1.000000000000000000, 8.537024980198784979E-15, 0.000000000000000000 ) ) ;
#3663 = CIRCLE ( 'NONE', #536, 0.7251700000000131929 ) ;
#3665 = FILL_AREA_STYLE ('',( #4050 ) ) ;
#3664 =( NAMED_UNIT ( * ) SI_UNIT ( $, .STERADIAN. ) SOLID_ANGLE_UNIT ( ) );
#3666 = CARTESIAN_POINT ( 'NONE',  ( 4.468772815563612610, 3.252606517456513302E-16, -1.151964808265848461E-16 ) ) ;
#3667 =( NAMED_UNIT ( * ) PLANE_ANGLE_UNIT ( ) SI_UNIT ( $, .RADIAN. ) );
#3668 = MECHANICAL_DESIGN_GEOMETRIC_PRESENTATION_REPRESENTATION (  '', ( #384 ), #4276 ) ;
#3669 = FILL_AREA_STYLE_COLOUR ( '', #1781 ) ;
#3670 = FILL_AREA_STYLE_COLOUR ( '', #3024 ) ;
#3671 = LINE ( 'NONE', #3622, #351 ) ;
#3672 = LINE ( 'NONE', #1582, #1371 ) ;
#3673 = PRESENTATION_STYLE_ASSIGNMENT (( #766 ) ) ;
#3674 = EDGE_CURVE ( 'NONE', #2660, #615, #4611, .T. ) ;
#3675 = SURFACE_STYLE_USAGE ( .BOTH. , #1522 ) ;
#3676 = ADVANCED_FACE ( 'NONE', ( #3164 ), #3483, .F. ) ;
#3677 =( LENGTH_UNIT ( ) NAMED_UNIT ( * ) SI_UNIT ( .MILLI., .METRE. ) );
#3678 = ORIENTED_EDGE ( 'NONE', *, *, #2123, .T. ) ;
#3679 = ORIENTED_EDGE ( 'NONE', *, *, #1363, .F. ) ;
#3680 = FILL_AREA_STYLE ('',( #3272 ) ) ;
#3681 = ADVANCED_FACE ( 'NONE', ( #574 ), #553, .F. ) ;
#3682 = FILL_AREA_STYLE_COLOUR ( '', #1520 ) ;
#3683 = VERTEX_POINT ( 'NONE', #1743 ) ;
#3684 = MECHANICAL_DESIGN_GEOMETRIC_PRESENTATION_REPRESENTATION (  '', ( #3835 ), #3138 ) ;
#3685 = CARTESIAN_POINT ( 'NONE',  ( 12.23435370778180875, -2.794000000000000039, -2.139949999999958941 ) ) ;
#3687 = CARTESIAN_POINT ( 'NONE',  ( -0.1456062922181931008, -2.794000000000000039, -0.4000499999999999057 ) ) ;
#3686 = CARTESIAN_POINT ( 'NONE',  ( 11.12437370778180679, 0.000000000000000000, -0.3200399999999913869 ) ) ;
#3688 =( GEOMETRIC_REPRESENTATION_CONTEXT ( 3 ) GLOBAL_UNCERTAINTY_ASSIGNED_CONTEXT ( ( #664 ) ) GLOBAL_UNIT_ASSIGNED_CONTEXT ( ( #1967, #540, #106 ) ) REPRESENTATION_CONTEXT ( 'NONE', 'WORKASPACE' ) );
#3689 =( NAMED_UNIT ( * ) PLANE_ANGLE_UNIT ( ) SI_UNIT ( $, .RADIAN. ) );
#3690 = VERTEX_POINT ( 'NONE', #2472 ) ;
#3691 = FACE_OUTER_BOUND ( 'NONE', #4304, .T. ) ;
#3692 = DIRECTION ( 'NONE',  ( 1.000000000000000000, 0.000000000000000000, 0.000000000000000000 ) ) ;
#3693 = FILL_AREA_STYLE_COLOUR ( '', #3172 ) ;
#3694 = PRESENTATION_STYLE_ASSIGNMENT (( #1201 ) ) ;
#3695 = DIRECTION ( 'NONE',  ( 0.9396926207859614966, 0.000000000000000000, -0.3420201433255228851 ) ) ;
#3696 = DIRECTION ( 'NONE',  ( 0.000000000000000000, -1.000000000000000000, 0.000000000000000000 ) ) ;
#3697 =( NAMED_UNIT ( * ) SI_UNIT ( $, .STERADIAN. ) SOLID_ANGLE_UNIT ( ) );
#3698 = VERTEX_POINT ( 'NONE', #4290 ) ;
#3699 = CIRCLE ( 'NONE', #1654, 0.7251700000000131929 ) ;
#3700 = VERTEX_POINT ( 'NONE', #2020 ) ;
#3701 = MECHANICAL_DESIGN_GEOMETRIC_PRESENTATION_REPRESENTATION (  '', ( #4237 ), #3158 ) ;
#3702 =( NAMED_UNIT ( * ) SI_UNIT ( $, .STERADIAN. ) SOLID_ANGLE_UNIT ( ) );
#3703 = DIRECTION ( 'NONE',  ( -0.3420201433256727097, 0.000000000000000000, 0.9396926207859068736 ) ) ;
#3704 =( GEOMETRIC_REPRESENTATION_CONTEXT ( 3 ) GLOBAL_UNCERTAINTY_ASSIGNED_CONTEXT ( ( #775 ) ) GLOBAL_UNIT_ASSIGNED_CONTEXT ( ( #2515, #2820, #709 ) ) REPRESENTATION_CONTEXT ( 'NONE', 'WORKASPACE' ) );
#3705 = ORIENTED_EDGE ( 'NONE', *, *, #170, .F. ) ;
#3706 = VECTOR ( 'NONE', #3051, 1000.000000000000000 ) ;
#3707 = CARTESIAN_POINT ( 'NONE',  ( 0.000000000000000000, 8.243097605060613670E-17, -0.6730999999999820460 ) ) ;
#3708 = FILL_AREA_STYLE_COLOUR ( '', #3784 ) ;
#3709 =( LENGTH_UNIT ( ) NAMED_UNIT ( * ) SI_UNIT ( .MILLI., .METRE. ) );
#3710 = SURFACE_SIDE_STYLE ('',( #1893 ) ) ;
#3711 = AXIS2_PLACEMENT_3D ( 'NONE', #3941, #2450, #2895 ) ;
#3712 = EDGE_CURVE ( 'NONE', #2929, #3114, #1303, .T. ) ;
#3713 = EDGE_LOOP ( 'NONE', ( #843, #4142, #4502, #1234 ) ) ;
#3714 = CIRCLE ( 'NONE', #2869, 0.7111999999999951694 ) ;
#3715 = EDGE_CURVE ( 'NONE', #2167, #2436, #3549, .T. ) ;
#3716 = COLOUR_RGB ( '',0.8000000000000000444, 0.8039215686274510109, 0.8000000000000000444 ) ;
#3717 = EDGE_CURVE ( 'NONE', #2929, #3463, #3552, .T. ) ;
#3718 = PRESENTATION_STYLE_ASSIGNMENT (( #464 ) ) ;
#3719 = ORIENTED_EDGE ( 'NONE', *, *, #4126, .T. ) ;
#3720 = COLOUR_RGB ( '',0.8000000000000000444, 0.8039215686274510109, 0.8000000000000000444 ) ;
#3721 = EDGE_LOOP ( 'NONE', ( #321, #3605, #1566, #143 ) ) ;
#3722 = EDGE_LOOP ( 'NONE', ( #3823, #1726, #2608, #2781 ) ) ;
#3723 = PRESENTATION_STYLE_ASSIGNMENT (( #4493 ) ) ;
#3724 = DIRECTION ( 'NONE',  ( 0.000000000000000000, 0.000000000000000000, 1.000000000000000000 ) ) ;
#3725 = CARTESIAN_POINT ( 'NONE',  ( 0.000000000000000000, 0.000000000000000000, 0.000000000000000000 ) ) ;
#3726 = EDGE_LOOP ( 'NONE', ( #2143, #4278, #1721, #849 ) ) ;
#3727 = CYLINDRICAL_SURFACE ( 'NONE', #3020, 0.9499600000000134603 ) ;
#3728 = DIRECTION ( 'NONE',  ( 0.000000000000000000, -0.000000000000000000, -1.000000000000000000 ) ) ;
#3729 = UNCERTAINTY_MEASURE_WITH_UNIT (LENGTH_MEASURE( 1.000000000000000082E-05 ), #1167, 'distance_accuracy_value', 'NONE');
#3731 = CARTESIAN_POINT ( 'NONE',  ( 3.504373707781806235, 2.332957050962901456E-15, -1.270000000000004903 ) ) ;
#3730 = PLANE ( 'NONE',  #2934 ) ;
#3732 =( NAMED_UNIT ( * ) PLANE_ANGLE_UNIT ( ) SI_UNIT ( $, .RADIAN. ) );
#3733 = STYLED_ITEM ( 'NONE', ( #1677 ), #1214 ) ;
#3734 = CARTESIAN_POINT ( 'NONE',  ( 6.044373707781806715, -0.8940799999999999859, -1.270000000000004903 ) ) ;
#3735 = EDGE_LOOP ( 'NONE', ( #3557, #452, #2506, #4092 ) ) ;
#3736 = VECTOR ( 'NONE', #877, 1000.000000000000000 ) ;
#3737 = ORIENTED_EDGE ( 'NONE', *, *, #3117, .F. ) ;
#3738 =( LENGTH_UNIT ( ) NAMED_UNIT ( * ) SI_UNIT ( .MILLI., .METRE. ) );
#3739 = VERTEX_POINT ( 'NONE', #3187 ) ;
#3740 = ADVANCED_FACE ( 'NONE', ( #4658 ), #2918, .F. ) ;
#3741 = PLANE ( 'NONE',  #4717 ) ;
#3742 = SURFACE_STYLE_FILL_AREA ( #4111 ) ;
#3743 = VERTEX_POINT ( 'NONE', #3287 ) ;
#3744 = CARTESIAN_POINT ( 'NONE',  ( 4.934368307781808127, -2.794000000000000039, -0.4000499999999996281 ) ) ;
#3745 = LINE ( 'NONE', #2001, #2570 ) ;
#3746 = ORIENTED_EDGE ( 'NONE', *, *, #1664, .F. ) ;
#3747 = MECHANICAL_DESIGN_GEOMETRIC_PRESENTATION_REPRESENTATION (  '', ( #469 ), #1988 ) ;
#3749 = DIRECTION ( 'NONE',  ( -1.000000000000000000, -0.000000000000000000, -0.000000000000000000 ) ) ;
#3748 = DIRECTION ( 'NONE',  ( 0.3420201433255228851, 0.000000000000000000, 0.9396926207859614966 ) ) ;
#3750 = STYLED_ITEM ( 'NONE', ( #3213 ), #1336 ) ;
#3751 = CARTESIAN_POINT ( 'NONE',  ( 12.23435370778180875, -2.794000000000000039, -0.4000499999999815870 ) ) ;
#3752 = AXIS2_PLACEMENT_3D ( 'NONE', #1863, #3279, #805 ) ;
#3753 =( GEOMETRIC_REPRESENTATION_CONTEXT ( 3 ) GLOBAL_UNCERTAINTY_ASSIGNED_CONTEXT ( ( #3960 ) ) GLOBAL_UNIT_ASSIGNED_CONTEXT ( ( #2430, #1392, #3862 ) ) REPRESENTATION_CONTEXT ( 'NONE', 'WORKASPACE' ) );
#3754 = ORIENTED_EDGE ( 'NONE', *, *, #3173, .F. ) ;
#3755 = VECTOR ( 'NONE', #135, 1000.000000000000114 ) ;
#3756 = PRODUCT_DEFINITION_FORMATION_WITH_SPECIFIED_SOURCE ( 'ANY', '', #4243, .NOT_KNOWN. ) ;
#3757 =( LENGTH_UNIT ( ) NAMED_UNIT ( * ) SI_UNIT ( .MILLI., .METRE. ) );
#3758 = EDGE_CURVE ( 'NONE', #1079, #4581, #39, .T. ) ;
#3759 = VERTEX_POINT ( 'NONE', #1782 ) ;
#3760 = FILL_AREA_STYLE_COLOUR ( '', #4080 ) ;
#3761 = PRESENTATION_STYLE_ASSIGNMENT (( #286 ) ) ;
#3762 = UNCERTAINTY_MEASURE_WITH_UNIT (LENGTH_MEASURE( 1.000000000000000082E-05 ), #2983, 'distance_accuracy_value', 'NONE');
#3763 = PRESENTATION_LAYER_ASSIGNMENT (  '', '', ( #405 ) ) ;
#3764 = CARTESIAN_POINT ( 'NONE',  ( 5.083498816721764513, -0.4227335466384421481, 0.5080000000001226867 ) ) ;
#3765 = CARTESIAN_POINT ( 'NONE',  ( 4.353789849825681735, -0.5080000000001373417, 0.2540000000000686153 ) ) ;
#3766 = CARTESIAN_POINT ( 'NONE',  ( 9.548772815563612681, -2.794000000000000039, 0.000000000000000000 ) ) ;
#3767 = CYLINDRICAL_SURFACE ( 'NONE', #2906, 0.9499600000000134603 ) ;
#3768 = ORIENTED_EDGE ( 'NONE', *, *, #1366, .F. ) ;
#3769 = SURFACE_SIDE_STYLE ('',( #1977 ) ) ;
#3770 =( LENGTH_UNIT ( ) NAMED_UNIT ( * ) SI_UNIT ( .MILLI., .METRE. ) );
#3771 = CARTESIAN_POINT ( 'NONE',  ( 11.12437370778180679, 0.000000000000000000, -1.270000000000004903 ) ) ;
#3772 = EDGE_CURVE ( 'NONE', #2628, #2030, #49, .T. ) ;
#3773 = ORIENTED_EDGE ( 'NONE', *, *, #2822, .T. ) ;
#3774 = COLOUR_RGB ( '',0.4941176470588235503, 0.4941176470588235503, 0.4941176470588235503 ) ;
#3775 = UNCERTAINTY_MEASURE_WITH_UNIT (LENGTH_MEASURE( 1.000000000000000082E-05 ), #2360, 'distance_accuracy_value', 'NONE');
#3777 = SURFACE_STYLE_FILL_AREA ( #1595 ) ;
#3776 = DIRECTION ( 'NONE',  ( 0.000000000000000000, -1.000000000000000000, 0.000000000000000000 ) ) ;
#3778 = AXIS2_PLACEMENT_3D ( 'NONE', #4710, #1450, #628 ) ;
#3779 = DIRECTION ( 'NONE',  ( -0.7071067811865474617, 0.000000000000000000, 0.7071067811865474617 ) ) ;
#3780 = COLOUR_RGB ( '',0.8000000000000000444, 0.8039215686274510109, 0.8000000000000000444 ) ;
#3781 = CARTESIAN_POINT ( 'NONE',  ( 9.694379107781808003, 0.000000000000000000, -0.4000499999999994616 ) ) ;
#3782 = CARTESIAN_POINT ( 'NONE',  ( 0.000000000000000000, 0.000000000000000000, 0.000000000000000000 ) ) ;
#3783 = VERTEX_POINT ( 'NONE', #297 ) ;
#3784 = COLOUR_RGB ( '',0.4941176470588235503, 0.4941176470588235503, 0.4941176470588235503 ) ;
#3785 = ORIENTED_EDGE ( 'NONE', *, *, #2042, .F. ) ;
#3786 = VECTOR ( 'NONE', #527, 1000.000000000000114 ) ;
#3788 = SURFACE_STYLE_USAGE ( .BOTH. , #524 ) ;
#3787 = CIRCLE ( 'NONE', #2937, 0.7111999999999951694 ) ;
#3789 = AXIS2_PLACEMENT_3D ( 'NONE', #187, #4211, #4499 ) ;
#3790 = STYLED_ITEM ( 'NONE', ( #1604 ), #3860 ) ;
#3791 = FILL_AREA_STYLE ('',( #3693 ) ) ;
#3792 = PRESENTATION_STYLE_ASSIGNMENT (( #550 ) ) ;
#3793 = MECHANICAL_DESIGN_GEOMETRIC_PRESENTATION_REPRESENTATION (  '', ( #3414 ), #357 ) ;
#3794 = MECHANICAL_DESIGN_GEOMETRIC_PRESENTATION_REPRESENTATION (  '', ( #2943 ), #903 ) ;
#3795 = CARTESIAN_POINT ( 'NONE',  ( 7.619974600000002596, 0.000000000000000000, 0.000000000000000000 ) ) ;
#3796 = ORIENTED_EDGE ( 'NONE', *, *, #251, .T. ) ;
#3797 = ORIENTED_EDGE ( 'NONE', *, *, #3035, .F. ) ;
#3798 = CARTESIAN_POINT ( 'NONE',  ( 3.469446951953614189E-15, -2.794000000000000039, -2.539999999999996927 ) ) ;
#3799 = EDGE_CURVE ( 'NONE', #215, #3586, #4684, .T. ) ;
#3800 =( REPRESENTATION_RELATIONSHIP ('NONE','NONE', #4492, #235 ) REPRESENTATION_RELATIONSHIP_WITH_TRANSFORMATION ( #4263 )SHAPE_REPRESENTATION_RELATIONSHIP( ) );
#3801 = CARTESIAN_POINT ( 'NONE',  ( 12.08874741556367738, -2.794000000000000039, -2.539999999999978719 ) ) ;
#3802 = DIRECTION ( 'NONE',  ( -1.000000000000000000, -0.000000000000000000, 1.355298456929802892E-15 ) ) ;
#3803 = MECHANICAL_DESIGN_GEOMETRIC_PRESENTATION_REPRESENTATION (  '', ( #2953 ), #4039 ) ;
#3804 = FACE_OUTER_BOUND ( 'NONE', #3721, .T. ) ;
#3805 = VERTEX_POINT ( 'NONE', #1053 ) ;
#3806 = CARTESIAN_POINT ( 'NONE',  ( 6.044373707781806715, 2.332957050962901456E-15, -2.219960000000018141 ) ) ;
#3807 = MECHANICAL_DESIGN_GEOMETRIC_PRESENTATION_REPRESENTATION (  '', ( #73 ), #1897 ) ;
#3808 =( LENGTH_UNIT ( ) NAMED_UNIT ( * ) SI_UNIT ( .MILLI., .METRE. ) );
#3809 = ORIENTED_EDGE ( 'NONE', *, *, #4591, .T. ) ;
#3810 = STYLED_ITEM ( 'NONE', ( #616 ), #1542 ) ;
#3811 = PRESENTATION_STYLE_ASSIGNMENT (( #3499 ) ) ;
#3812 = DIRECTION ( 'NONE',  ( 1.000000000000000000, 0.000000000000000000, 0.000000000000000000 ) ) ;
#3813 = CARTESIAN_POINT ( 'NONE',  ( 0.000000000000000000, 0.000000000000000000, 0.000000000000000000 ) ) ;
#3814 = CARTESIAN_POINT ( 'NONE',  ( 4.131110244827596034, 0.000000000000000000, 0.000000000000000000 ) ) ;
#3815 = PRODUCT_DEFINITION_SHAPE ( 'NONE', 'NONE',  #4726 ) ;
#3816 = EDGE_CURVE ( 'NONE', #4720, #3169, #3671, .T. ) ;
#3817 = ORIENTED_EDGE ( 'NONE', *, *, #856, .T. ) ;
#3818 =( LENGTH_UNIT ( ) NAMED_UNIT ( * ) SI_UNIT ( .MILLI., .METRE. ) );
#3819 = VECTOR ( 'NONE', #3939, 1000.000000000000000 ) ;
#3820 = EDGE_CURVE ( 'NONE', #4614, #855, #4353, .T. ) ;
#3821 = EDGE_CURVE ( 'NONE', #552, #1386, #3016, .T. ) ;
#3822 = FILL_AREA_STYLE_COLOUR ( '', #2106 ) ;
#3823 = ORIENTED_EDGE ( 'NONE', *, *, #1814, .T. ) ;
#3824 = UNCERTAINTY_MEASURE_WITH_UNIT (LENGTH_MEASURE( 1.000000000000000082E-05 ), #3300, 'distance_accuracy_value', 'NONE');
#3825 = ADVANCED_FACE ( 'NONE', ( #2137 ), #2192, .F. ) ;
#3827 = SURFACE_SIDE_STYLE ('',( #925 ) ) ;
#3826 = CARTESIAN_POINT ( 'NONE',  ( 12.08874741556367738, 0.000000000000000000, -2.539999999999978719 ) ) ;
#3828 = LINE ( 'NONE', #1964, #3240 ) ;
#3829 = DIRECTION ( 'NONE',  ( -0.000000000000000000, 1.000000000000000000, -0.000000000000000000 ) ) ;
#3830 = SHAPE_DEFINITION_REPRESENTATION ( #4586, #235 ) ;
#3831 = ORIENTED_EDGE ( 'NONE', *, *, #3000, .T. ) ;
#3832 = SURFACE_SIDE_STYLE ('',( #2081 ) ) ;
#3833 = EDGE_LOOP ( 'NONE', ( #1884, #1008, #3993, #1578 ) ) ;
#3834 = FACE_BOUND ( 'NONE', #3144, .T. ) ;
#3835 = STYLED_ITEM ( 'NONE', ( #1892 ), #2804 ) ;
#3836 = VECTOR ( 'NONE', #374, 1000.000000000000000 ) ;
#3837 = FILL_AREA_STYLE_COLOUR ( '', #2552 ) ;
#3838 = AXIS2_PLACEMENT_3D ( 'NONE', #1573, #4477, #3060 ) ;
#3839 = DIRECTION ( 'NONE',  ( 0.000000000000000000, 0.000000000000000000, 1.000000000000000000 ) ) ;
#3840 = ORIENTED_EDGE ( 'NONE', *, *, #2471, .T. ) ;
#3841 = FILL_AREA_STYLE ('',( #646 ) ) ;
#3842 = SURFACE_STYLE_FILL_AREA ( #1400 ) ;
#3843 = SURFACE_STYLE_USAGE ( .BOTH. , #943 ) ;
#3844 = ORIENTED_EDGE ( 'NONE', *, *, #1866, .T. ) ;
#3845 = CARTESIAN_POINT ( 'NONE',  ( 12.39437370778181879, -2.794000000000000039, -0.4000499999999814760 ) ) ;
#3846 = SURFACE_STYLE_FILL_AREA ( #3533 ) ;
#3847 = UNCERTAINTY_MEASURE_WITH_UNIT (LENGTH_MEASURE( 1.000000000000000082E-05 ), #771, 'distance_accuracy_value', 'NONE');
#3848 = DIRECTION ( 'NONE',  ( 0.3420201433256663259, 0.000000000000000000, 0.9396926207859092051 ) ) ;
#3849 =( LENGTH_UNIT ( ) NAMED_UNIT ( * ) SI_UNIT ( .MILLI., .METRE. ) );
#3850 = DIRECTION ( 'NONE',  ( -0.000000000000000000, 1.000000000000000000, -0.000000000000000000 ) ) ;
#3851 = COLOUR_RGB ( '',0.4941176470588235503, 0.4941176470588235503, 0.4941176470588235503 ) ;
#3852 = CONTEXT_DEPENDENT_SHAPE_REPRESENTATION ( #3800, #3815 ) ;
#3853 = VERTEX_POINT ( 'NONE', #447 ) ;
#3854 = STYLED_ITEM ( 'NONE', ( #3935 ), #2115 ) ;
#3855 = LINE ( 'NONE', #4503, #673 ) ;
#3856 = PRESENTATION_LAYER_ASSIGNMENT (  '', '', ( #1197 ) ) ;
#3857 = SURFACE_STYLE_FILL_AREA ( #2396 ) ;
#3858 = CIRCLE ( 'NONE', #434, 0.7251700000000131929 ) ;
#3859 = ORIENTED_EDGE ( 'NONE', *, *, #3147, .F. ) ;
#3860 = ADVANCED_FACE ( 'NONE', ( #1247 ), #2408, .T. ) ;
#3861 = SURFACE_SIDE_STYLE ('',( #568 ) ) ;
#3862 =( NAMED_UNIT ( * ) SI_UNIT ( $, .STERADIAN. ) SOLID_ANGLE_UNIT ( ) );
#3863 = MECHANICAL_DESIGN_GEOMETRIC_PRESENTATION_REPRESENTATION (  '', ( #343 ), #1797 ) ;
#3864 = EDGE_CURVE ( 'NONE', #3290, #3921, #2229, .T. ) ;
#3865 = EDGE_CURVE ( 'NONE', #2348, #62, #3550, .T. ) ;
#3866 = CARTESIAN_POINT ( 'NONE',  ( 4.676140000000003738, -0.2540000000000336433, 2.198922295187133756E-16 ) ) ;
#3867 = CARTESIAN_POINT ( 'NONE',  ( 3.469446951953614189E-15, 0.000000000000000000, -0.4000499999999816980 ) ) ;
#3868 = CIRCLE ( 'NONE', #900, 0.9499600000000134603 ) ;
#3869 = CARTESIAN_POINT ( 'NONE',  ( 5.591498816721844456, -2.566358816721773017, -8.673617379884035472E-16 ) ) ;
#3870 = COLOUR_RGB ( '',0.4941176470588235503, 0.4941176470588235503, 0.4941176470588235503 ) ;
#3871 = CIRCLE ( 'NONE', #2330, 0.9499600000000134603 ) ;
#3872 = AXIS2_PLACEMENT_3D ( 'NONE', #2833, #1784, #2811 ) ;
#3873 = CARTESIAN_POINT ( 'NONE',  ( 0.000000000000000000, -2.794000000000000039, -2.539999999999996927 ) ) ;
#3874 =( NAMED_UNIT ( * ) SI_UNIT ( $, .STERADIAN. ) SOLID_ANGLE_UNIT ( ) );
#3875 = AXIS2_PLACEMENT_3D ( 'NONE', #2508, #1334, #1407 ) ;
#3876 = EDGE_CURVE ( 'NONE', #311, #2580, #3357, .T. ) ;
#3877 =( GEOMETRIC_REPRESENTATION_CONTEXT ( 3 ) GLOBAL_UNCERTAINTY_ASSIGNED_CONTEXT ( ( #3145 ) ) GLOBAL_UNIT_ASSIGNED_CONTEXT ( ( #765, #1706, #1358 ) ) REPRESENTATION_CONTEXT ( 'NONE', 'WORKASPACE' ) );
#3878 = ORIENTED_EDGE ( 'NONE', *, *, #4291, .F. ) ;
#3879 = CARTESIAN_POINT ( 'NONE',  ( 7.619974600000002596, 0.000000000000000000, -2.539999999999994706 ) ) ;
#3880 = AXIS2_PLACEMENT_3D ( 'NONE', #2314, #3471, #516 ) ;
#3881 = UNCERTAINTY_MEASURE_WITH_UNIT (LENGTH_MEASURE( 1.000000000000000082E-05 ), #1687, 'distance_accuracy_value', 'NONE');
#3882 = DIRECTION ( 'NONE',  ( 0.9396926207859080948, 0.000000000000000000, -0.3420201433256694901 ) ) ;
#3883 = CYLINDRICAL_SURFACE ( 'NONE', #495, 0.9499600000000134603 ) ;
#3884 = CARTESIAN_POINT ( 'NONE',  ( 12.08874741556367738, 0.000000000000000000, -2.539999999999978719 ) ) ;
#3885 = ORIENTED_EDGE ( 'NONE', *, *, #1502, .F. ) ;
#3886 = LINE ( 'NONE', #3781, #999 ) ;
#3887 = PRODUCT_DEFINITION ( 'UNKNOWN', '', #4685, #1393 ) ;
#3888 = ORIENTED_EDGE ( 'NONE', *, *, #1681, .F. ) ;
#3889 = DIRECTION ( 'NONE',  ( 0.000000000000000000, -1.000000000000000000, 0.000000000000000000 ) ) ;
#3890 = CARTESIAN_POINT ( 'NONE',  ( 4.934368307781808127, 0.000000000000000000, -2.139949999999989139 ) ) ;
#3891 = DIRECTION ( 'NONE',  ( -0.000000000000000000, 1.000000000000000000, -0.000000000000000000 ) ) ;
#3892 = EDGE_CURVE ( 'NONE', #3543, #1830, #4487, .T. ) ;
#3893 = CARTESIAN_POINT ( 'NONE',  ( 4.676140000000004626, -0.2540000000000336988, -0.5080000000001215765 ) ) ;
#3894 = LINE ( 'NONE', #2498, #1160 ) ;
#3895 = ADVANCED_FACE ( 'NONE', ( #4084 ), #816, .F. ) ;
#3896 = DIRECTION ( 'NONE',  ( -0.000000000000000000, 1.000000000000000000, -0.000000000000000000 ) ) ;
#3897 = CIRCLE ( 'NONE', #4422, 0.7391399999789882713 ) ;
#3898 = CARTESIAN_POINT ( 'NONE',  ( 0.000000000000000000, 0.000000000000000000, 0.000000000000000000 ) ) ;
#3899 = EDGE_LOOP ( 'NONE', ( #3270, #1937, #2984, #768, #740 ) ) ;
#3900 = LINE ( 'NONE', #245, #2713 ) ;
#3901 = ORIENTED_EDGE ( 'NONE', *, *, #3864, .T. ) ;
#3902 = SURFACE_STYLE_USAGE ( .BOTH. , #2751 ) ;
#3904 = DIRECTION ( 'NONE',  ( 0.000000000000000000, 1.000000000000000000, 0.000000000000000000 ) ) ;
#3903 = FILL_AREA_STYLE ('',( #3584 ) ) ;
#3905 = FACE_OUTER_BOUND ( 'NONE', #4418, .T. ) ;
#3906 = ORIENTED_EDGE ( 'NONE', *, *, #200, .F. ) ;
#3907 =( NAMED_UNIT ( * ) SI_UNIT ( $, .STERADIAN. ) SOLID_ANGLE_UNIT ( ) );
#3908 = DIRECTION ( 'NONE',  ( -0.000000000000000000, 1.000000000000000000, -0.000000000000000000 ) ) ;
#3909 = SURFACE_SIDE_STYLE ('',( #2870 ) ) ;
#3910 = EDGE_LOOP ( 'NONE', ( #3844, #2270, #45, #1868 ) ) ;
#3911 = CARTESIAN_POINT ( 'NONE',  ( 6.044373707781806715, 0.000000000000000000, -0.3200399999999913869 ) ) ;
#3912 = SURFACE_SIDE_STYLE ('',( #1344 ) ) ;
#3913 = CYLINDRICAL_SURFACE ( 'NONE', #2729, 0.9499600000000134603 ) ;
#3914 = STYLED_ITEM ( 'NONE', ( #2805 ), #1298 ) ;
#3915 =( NAMED_UNIT ( * ) SI_UNIT ( $, .STERADIAN. ) SOLID_ANGLE_UNIT ( ) );
#3916 = PRESENTATION_LAYER_ASSIGNMENT (  '', '', ( #3212 ) ) ;
#3917 = VECTOR ( 'NONE', #3417, 1000.000000000000000 ) ;
#3918 = SURFACE_STYLE_FILL_AREA ( #3207 ) ;
#3919 = DIRECTION ( 'NONE',  ( 0.000000000000000000, 0.000000000000000000, 1.000000000000000000 ) ) ;
#3920 = PRESENTATION_STYLE_ASSIGNMENT (( #3554 ) ) ;
#3921 = VERTEX_POINT ( 'NONE', #3974 ) ;
#3922 = ORIENTED_EDGE ( 'NONE', *, *, #4442, .F. ) ;
#3923 = UNCERTAINTY_MEASURE_WITH_UNIT (LENGTH_MEASURE( 1.000000000000000082E-05 ), #4622, 'distance_accuracy_value', 'NONE');
#3924 = PRESENTATION_STYLE_ASSIGNMENT (( #3902 ) ) ;
#3925 =( GEOMETRIC_REPRESENTATION_CONTEXT ( 3 ) GLOBAL_UNCERTAINTY_ASSIGNED_CONTEXT ( ( #385 ) ) GLOBAL_UNIT_ASSIGNED_CONTEXT ( ( #1370, #1461, #3541 ) ) REPRESENTATION_CONTEXT ( 'NONE', 'WORKASPACE' ) );
#3926 = FILL_AREA_STYLE_COLOUR ( '', #3774 ) ;
#3927 = EDGE_CURVE ( 'NONE', #414, #819, #4696, .T. ) ;
#3928 = DIRECTION ( 'NONE',  ( 1.000000000000000000, -0.000000000000000000, 1.506739769771851316E-15 ) ) ;
#3929 = ORIENTED_EDGE ( 'NONE', *, *, #2470, .F. ) ;
#3930 = SURFACE_STYLE_USAGE ( .BOTH. , #2889 ) ;
#3931 = CARTESIAN_POINT ( 'NONE',  ( 0.000000000000000000, 9.487338753266679945E-17, -0.7747000000222215021 ) ) ;
#3932 = ITEM_DEFINED_TRANSFORMATION ( 'NONE', 'NONE', #1777,  #4608 ) ;
#3933 = FACE_BOUND ( 'NONE', #2409, .T. ) ;
#3934 = FACE_OUTER_BOUND ( 'NONE', #3899, .T. ) ;
#3935 = PRESENTATION_STYLE_ASSIGNMENT (( #2464 ) ) ;
#3936 = CYLINDRICAL_SURFACE ( 'NONE', #2304, 0.7251700000000131929 ) ;
#3937 = ORIENTED_EDGE ( 'NONE', *, *, #1503, .F. ) ;
#3938 = STYLED_ITEM ( 'NONE', ( #208 ), #4214 ) ;
#3939 = DIRECTION ( 'NONE',  ( -0.000000000000000000, 1.000000000000000000, 0.000000000000000000 ) ) ;
#3940 = PRESENTATION_LAYER_ASSIGNMENT (  '', '', ( #1724 ) ) ;
#3941 = CARTESIAN_POINT ( 'NONE',  ( 3.860800000000025101, 0.000000000000000000, 0.000000000000000000 ) ) ;
#3942 = FILL_AREA_STYLE ('',( #1423 ) ) ;
#3943 = CARTESIAN_POINT ( 'NONE',  ( 4.490320489685463379, 0.5080000000001052562, -0.2540000000000526281 ) ) ;
#3944 = VECTOR ( 'NONE', #1121, 1000.000000000000000 ) ;
#3945 = COLOUR_RGB ( '',0.8000000000000000444, 0.8039215686274510109, 0.8000000000000000444 ) ;
#3946 = CARTESIAN_POINT ( 'NONE',  ( 0.000000000000000000, 0.000000000000000000, 0.000000000000000000 ) ) ;
#3947 = ORIENTED_EDGE ( 'NONE', *, *, #1866, .F. ) ;
#3948 = VECTOR ( 'NONE', #1590, 1000.000000000000000 ) ;
#3949 = ORIENTED_EDGE ( 'NONE', *, *, #3118, .T. ) ;
#3950 = MECHANICAL_DESIGN_GEOMETRIC_PRESENTATION_REPRESENTATION (  '', ( #197 ), #1952 ) ;
#3951 = MECHANICAL_DESIGN_GEOMETRIC_PRESENTATION_REPRESENTATION (  '', ( #3022 ), #985 ) ;
#3952 = CYLINDRICAL_SURFACE ( 'NONE', #1718, 0.7251700000000131929 ) ;
#3953 = CARTESIAN_POINT ( 'NONE',  ( 0.000000000000000000, 0.000000000000000000, 0.6730999999999820460 ) ) ;
#3954 = ORIENTED_EDGE ( 'NONE', *, *, #3276, .F. ) ;
#3955 = ADVANCED_FACE ( 'NONE', ( #912 ), #2351, .T. ) ;
#3956 = COLOUR_RGB ( '',0.4941176470588235503, 0.4941176470588235503, 0.4941176470588235503 ) ;
#3957 = DIRECTION ( 'NONE',  ( 0.000000000000000000, 0.000000000000000000, 1.000000000000000000 ) ) ;
#3958 = CIRCLE ( 'NONE', #1890, 0.5461000000000006960 ) ;
#3959 =( NAMED_UNIT ( * ) PLANE_ANGLE_UNIT ( ) SI_UNIT ( $, .RADIAN. ) );
#3960 = UNCERTAINTY_MEASURE_WITH_UNIT (LENGTH_MEASURE( 1.000000000000000082E-05 ), #2430, 'distance_accuracy_value', 'NONE');
#3961 = EDGE_LOOP ( 'NONE', ( #1649, #4651 ) ) ;
#3962 = LINE ( 'NONE', #270, #1729 ) ;
#3963 = CIRCLE ( 'NONE', #4192, 0.5080000000000194360 ) ;
#3964 = ADVANCED_FACE ( 'NONE', ( #3224 ), #4616, .T. ) ;
#3965 = STYLED_ITEM ( 'NONE', ( #3006 ), #1445 ) ;
#3966 = ORIENTED_EDGE ( 'NONE', *, *, #133, .F. ) ;
#3967 = ORIENTED_EDGE ( 'NONE', *, *, #2452, .T. ) ;
#3968 = DIRECTION ( 'NONE',  ( 0.000000000000000000, 0.000000000000000000, 1.000000000000000000 ) ) ;
#3969 =( NAMED_UNIT ( * ) PLANE_ANGLE_UNIT ( ) SI_UNIT ( $, .RADIAN. ) );
#3970 = EDGE_CURVE ( 'NONE', #2235, #2420, #2841, .T. ) ;
#3971 = ORIENTED_EDGE ( 'NONE', *, *, #624, .T. ) ;
#3972 = SURFACE_STYLE_FILL_AREA ( #704 ) ;
#3973 = FACE_OUTER_BOUND ( 'NONE', #2265, .T. ) ;
#3975 = DIRECTION ( 'NONE',  ( -1.000000000000000000, -0.000000000000000000, -0.000000000000000000 ) ) ;
#3974 = CARTESIAN_POINT ( 'NONE',  ( -0.3056262922181931518, 0.000000000000000000, -0.4000499999999999057 ) ) ;
#3976 =( NAMED_UNIT ( * ) SI_UNIT ( $, .STERADIAN. ) SOLID_ANGLE_UNIT ( ) );
#3977 = SURFACE_STYLE_FILL_AREA ( #1391 ) ;
#3978 = ORIENTED_EDGE ( 'NONE', *, *, #2015, .F. ) ;
#3979 = LINE ( 'NONE', #2828, #4664 ) ;
#3980 =( GEOMETRIC_REPRESENTATION_CONTEXT ( 3 ) GLOBAL_UNCERTAINTY_ASSIGNED_CONTEXT ( ( #433 ) ) GLOBAL_UNIT_ASSIGNED_CONTEXT ( ( #1995, #1975, #935 ) ) REPRESENTATION_CONTEXT ( 'NONE', 'WORKASPACE' ) );
#3981 = CARTESIAN_POINT ( 'NONE',  ( 4.614379107781807932, -2.794000000000000039, -0.4000499999999996281 ) ) ;
#3982 = DIRECTION ( 'NONE',  ( 0.000000000000000000, 1.000000000000000000, -0.000000000000000000 ) ) ;
#3983 = PRESENTATION_LAYER_ASSIGNMENT (  '', '', ( #2146 ) ) ;
#3984 = COLOUR_RGB ( '',0.4941176470588235503, 0.4941176470588235503, 0.4941176470588235503 ) ;
#3985 = ADVANCED_FACE ( 'NONE', ( #1066 ), #3730, .T. ) ;
#3986 = CARTESIAN_POINT ( 'NONE',  ( -4.065758146820641134E-16, -2.794000000000000039, -2.539999999999996927 ) ) ;
#3987 = VERTEX_POINT ( 'NONE', #2909 ) ;
#3988 = AXIS2_PLACEMENT_3D ( 'NONE', #308, #1771, #2056 ) ;
#3989 =( GEOMETRIC_REPRESENTATION_CONTEXT ( 3 ) GLOBAL_UNCERTAINTY_ASSIGNED_CONTEXT ( ( #2716 ) ) GLOBAL_UNIT_ASSIGNED_CONTEXT ( ( #2687, #514, #4524 ) ) REPRESENTATION_CONTEXT ( 'NONE', 'WORKASPACE' ) );
#3990 = ORIENTED_EDGE ( 'NONE', *, *, #3324, .T. ) ;
#3991 = SURFACE_STYLE_USAGE ( .BOTH. , #769 ) ;
#3992 = DIRECTION ( 'NONE',  ( 1.355298456929802892E-15, 0.000000000000000000, 1.000000000000000000 ) ) ;
#3993 = ORIENTED_EDGE ( 'NONE', *, *, #1297, .T. ) ;
#3994 = FILL_AREA_STYLE ('',( #364 ) ) ;
#3995 = SURFACE_STYLE_USAGE ( .BOTH. , #2538 ) ;
#3997 = CARTESIAN_POINT ( 'NONE',  ( 11.12437370778180679, 2.332957050962901456E-15, -1.270000000000004903 ) ) ;
#3996 = SURFACE_STYLE_USAGE ( .BOTH. , #2176 ) ;
#3998 =( NAMED_UNIT ( * ) SI_UNIT ( $, .STERADIAN. ) SOLID_ANGLE_UNIT ( ) );
#3999 =( NAMED_UNIT ( * ) PLANE_ANGLE_UNIT ( ) SI_UNIT ( $, .RADIAN. ) );
#4000 = ORIENTED_EDGE ( 'NONE', *, *, #3616, .F. ) ;
#4001 = COLOUR_RGB ( '',0.8000000000000000444, 0.8039215686274510109, 0.8000000000000000444 ) ;
#4002 = EDGE_CURVE ( 'NONE', #4200, #1196, #3278, .T. ) ;
#4003 = FACE_OUTER_BOUND ( 'NONE', #521, .T. ) ;
#4004 = DIRECTION ( 'NONE',  ( 1.000000000000000000, -0.000000000000000000, 1.506739769771851316E-15 ) ) ;
#4005 = PRESENTATION_STYLE_ASSIGNMENT (( #4484 ) ) ;
#4006 = EDGE_CURVE ( 'NONE', #1632, #532, #3311, .T. ) ;
#4007 = AXIS2_PLACEMENT_3D ( 'NONE', #3801, #535, #2663 ) ;
#4008 = AXIS2_PLACEMENT_3D ( 'NONE', #1402, #3214, #4638 ) ;
#4009 = DIRECTION ( 'NONE',  ( 0.000000000000000000, -1.000000000000000000, 0.000000000000000000 ) ) ;
#4010 = CARTESIAN_POINT ( 'NONE',  ( 10.15997460000000352, -2.794000000000000039, -2.539999999999981828 ) ) ;
#4011 = LINE ( 'NONE', #41, #735 ) ;
#4012 = VECTOR ( 'NONE', #1458, 1000.000000000000000 ) ;
#4013 =( LENGTH_UNIT ( ) NAMED_UNIT ( * ) SI_UNIT ( .MILLI., .METRE. ) );
#4014 = STYLED_ITEM ( 'NONE', ( #2222 ), #2158 ) ;
#4015 = ORIENTED_EDGE ( 'NONE', *, *, #690, .T. ) ;
#4016 = ORIENTED_EDGE ( 'NONE', *, *, #4172, .F. ) ;
#4017 = STYLED_ITEM ( 'NONE', ( #2461 ), #3955 ) ;
#4018 = EDGE_CURVE ( 'NONE', #71, #2166, #4388, .T. ) ;
#4019 = DIRECTION ( 'NONE',  ( -1.000000000000000000, -0.000000000000000000, -0.000000000000000000 ) ) ;
#4020 = ORIENTED_EDGE ( 'NONE', *, *, #4673, .F. ) ;
#4021 = CIRCLE ( 'NONE', #3013, 0.9144000000000095385 ) ;
#4022 = CARTESIAN_POINT ( 'NONE',  ( 0.000000000000000000, 0.000000000000000000, 0.000000000000000000 ) ) ;
#4023 = CARTESIAN_POINT ( 'NONE',  ( 3.504373707781806235, 2.332957050962901456E-15, -0.3200399999999913869 ) ) ;
#4024 = AXIS2_PLACEMENT_3D ( 'NONE', #4666, #3585, #3175 ) ;
#4025 = UNCERTAINTY_MEASURE_WITH_UNIT (LENGTH_MEASURE( 1.000000000000000082E-05 ), #2390, 'distance_accuracy_value', 'NONE');
#4026 = PLANE ( 'NONE',  #730 ) ;
#4027 = CARTESIAN_POINT ( 'NONE',  ( 5.083498816721895075, -2.058358816721815643, -8.189511685935266162E-17 ) ) ;
#4028 = VECTOR ( 'NONE', #2625, 1000.000000000000000 ) ;
#4029 = MECHANICAL_DESIGN_GEOMETRIC_PRESENTATION_REPRESENTATION (  '', ( #3179 ), #3877 ) ;
#4030 = FILL_AREA_STYLE ('',( #3281 ) ) ;
#4031 = PRESENTATION_STYLE_ASSIGNMENT (( #1867 ) ) ;
#4032 = EDGE_CURVE ( 'NONE', #26, #1548, #2611, .T. ) ;
#4033 = CARTESIAN_POINT ( 'NONE',  ( 3.504373707781806235, -0.8940799999999984315, -2.219960000000018141 ) ) ;
#4034 = SURFACE_STYLE_FILL_AREA ( #813 ) ;
#4035 = ORIENTED_EDGE ( 'NONE', *, *, #860, .F. ) ;
#4036 = EDGE_CURVE ( 'NONE', #1386, #552, #4541, .T. ) ;
#4037 =( NAMED_UNIT ( * ) PLANE_ANGLE_UNIT ( ) SI_UNIT ( $, .RADIAN. ) );
#4038 = LINE ( 'NONE', #742, #2033 ) ;
#4039 =( GEOMETRIC_REPRESENTATION_CONTEXT ( 3 ) GLOBAL_UNCERTAINTY_ASSIGNED_CONTEXT ( ( #489 ) ) GLOBAL_UNIT_ASSIGNED_CONTEXT ( ( #366, #1500, #3370 ) ) REPRESENTATION_CONTEXT ( 'NONE', 'WORKASPACE' ) );
#4040 = CARTESIAN_POINT ( 'NONE',  ( 3.469446951953614189E-15, 0.000000000000000000, -2.139949999999958941 ) ) ;
#4041 = ORIENTED_EDGE ( 'NONE', *, *, #2169, .F. ) ;
#4042 = ORIENTED_EDGE ( 'NONE', *, *, #482, .F. ) ;
#4043 = LINE ( 'NONE', #3631, #3421 ) ;
#4044 =( GEOMETRIC_REPRESENTATION_CONTEXT ( 3 ) GLOBAL_UNCERTAINTY_ASSIGNED_CONTEXT ( ( #728 ) ) GLOBAL_UNIT_ASSIGNED_CONTEXT ( ( #2291, #1146, #3012 ) ) REPRESENTATION_CONTEXT ( 'NONE', 'WORKASPACE' ) );
#4045 = SURFACE_STYLE_USAGE ( .BOTH. , #4065 ) ;
#4046 = EDGE_LOOP ( 'NONE', ( #479, #4035, #2678, #52 ) ) ;
#4047 = FILL_AREA_STYLE ('',( #2633 ) ) ;
#4048 = CARTESIAN_POINT ( 'NONE',  ( 3.504373707781806235, -2.794000000000000039, -1.995170000000017874 ) ) ;
#4050 = FILL_AREA_STYLE_COLOUR ( '', #1414 ) ;
#4049 = DIRECTION ( 'NONE',  ( -0.000000000000000000, 1.000000000000000000, -0.000000000000000000 ) ) ;
#4051 = CARTESIAN_POINT ( 'NONE',  ( 4.490320489685464267, 0.000000000000000000, 0.2540000000000526836 ) ) ;
#4052 = APPLICATION_CONTEXT ( 'automotive_design' ) ;
#4053 = PLANE ( 'NONE',  #1689 ) ;
#4054 =( LENGTH_UNIT ( ) NAMED_UNIT ( * ) SI_UNIT ( .MILLI., .METRE. ) );
#4055 = EDGE_LOOP ( 'NONE', ( #4042, #410, #1191, #1903 ) ) ;
#4056 =( NAMED_UNIT ( * ) SI_UNIT ( $, .STERADIAN. ) SOLID_ANGLE_UNIT ( ) );
#4057 = DIRECTION ( 'NONE',  ( 0.000000000000000000, -1.000000000000000000, 0.000000000000000000 ) ) ;
#4058 = CARTESIAN_POINT ( 'NONE',  ( 0.9643737077818061998, -2.794000000000000039, -1.270000000000004903 ) ) ;
#4059 = CARTESIAN_POINT ( 'NONE',  ( 4.676140000000001073, 0.2540000000000887104, 0.5080000000001224647 ) ) ;
#4060 = ORIENTED_EDGE ( 'NONE', *, *, #790, .T. ) ;
#4061 = ORIENTED_EDGE ( 'NONE', *, *, #2475, .T. ) ;
#4062 = DIRECTION ( 'NONE',  ( -1.000000000000000000, -0.000000000000000000, -0.000000000000000000 ) ) ;
#4063 = FACE_OUTER_BOUND ( 'NONE', #398, .T. ) ;
#4064 = EDGE_CURVE ( 'NONE', #26, #1786, #387, .T. ) ;
#4065 = SURFACE_SIDE_STYLE ('',( #2584 ) ) ;
#4066 = ORIENTED_EDGE ( 'NONE', *, *, #961, .T. ) ;
#4067 = VECTOR ( 'NONE', #1237, 1000.000000000000000 ) ;
#4068 = COLOUR_RGB ( '',0.4941176470588235503, 0.4941176470588235503, 0.4941176470588235503 ) ;
#4069 = PRESENTATION_LAYER_ASSIGNMENT (  '', '', ( #1372 ) ) ;
#4070 = CARTESIAN_POINT ( 'NONE',  ( 7.154379107781808855, -2.794000000000000039, -0.4000499999999996281 ) ) ;
#4071 = ADVANCED_FACE ( 'NONE', ( #1106 ), #4026, .T. ) ;
#4072 = UNCERTAINTY_MEASURE_WITH_UNIT (LENGTH_MEASURE( 1.000000000000000082E-05 ), #4013, 'distance_accuracy_value', 'NONE');
#4073 = EDGE_CURVE ( 'NONE', #2571, #4720, #3088, .T. ) ;
#4075 = DIRECTION ( 'NONE',  ( -0.3420201433256720991, 0.000000000000000000, 0.9396926207859070956 ) ) ;
#4074 = DIRECTION ( 'NONE',  ( -1.000000000000000000, 0.000000000000000000, -0.000000000000000000 ) ) ;
#4076 = FILL_AREA_STYLE_COLOUR ( '', #2985 ) ;
#4077 = CARTESIAN_POINT ( 'NONE',  ( 0.9643737077818061998, -2.794000000000000039, -0.5448299999999917098 ) ) ;
#4078 = FILL_AREA_STYLE_COLOUR ( '', #1314 ) ;
#4079 = EDGE_LOOP ( 'NONE', ( #2705, #212 ) ) ;
#4080 = COLOUR_RGB ( '',0.4941176470588235503, 0.4941176470588235503, 0.4941176470588235503 ) ;
#4081 = PRESENTATION_STYLE_ASSIGNMENT (( #3262 ) ) ;
#4082 = FILL_AREA_STYLE_COLOUR ( '', #1309 ) ;
#4083 =( NAMED_UNIT ( * ) SI_UNIT ( $, .STERADIAN. ) SOLID_ANGLE_UNIT ( ) );
#4084 = FACE_OUTER_BOUND ( 'NONE', #2199, .T. ) ;
#4085 = SURFACE_STYLE_USAGE ( .BOTH. , #1173 ) ;
#4086 = CARTESIAN_POINT ( 'NONE',  ( 10.15997460000000352, -2.794000000000000039, 0.000000000000000000 ) ) ;
#4087 =( NAMED_UNIT ( * ) PLANE_ANGLE_UNIT ( ) SI_UNIT ( $, .RADIAN. ) );
#4088 = ORIENTED_EDGE ( 'NONE', *, *, #2321, .T. ) ;
#4089 = ORIENTED_EDGE ( 'NONE', *, *, #3674, .T. ) ;
#4090 = LINE ( 'NONE', #917, #4567 ) ;
#4091 = MECHANICAL_DESIGN_GEOMETRIC_PRESENTATION_REPRESENTATION (  '', ( #3938 ), #1193 ) ;
#4092 = ORIENTED_EDGE ( 'NONE', *, *, #497, .F. ) ;
#4093 =( GEOMETRIC_REPRESENTATION_CONTEXT ( 3 ) GLOBAL_UNCERTAINTY_ASSIGNED_CONTEXT ( ( #1331 ) ) GLOBAL_UNIT_ASSIGNED_CONTEXT ( ( #3818, #1278, #554 ) ) REPRESENTATION_CONTEXT ( 'NONE', 'WORKASPACE' ) );
#4094 = CARTESIAN_POINT ( 'NONE',  ( 4.468772815563612610, -2.794000000000000039, 0.000000000000000000 ) ) ;
#4095 = LINE ( 'NONE', #3687, #3453 ) ;
#4096 = LINE ( 'NONE', #3374, #4306 ) ;
#4097 = CONICAL_SURFACE ( 'NONE', #2567, 0.7746999999085346644, 0.7853981633974482790 ) ;
#4098 = EDGE_CURVE ( 'NONE', #677, #3629, #558, .T. ) ;
#4099 = AXIS2_PLACEMENT_3D ( 'NONE', #3026, #3420, #4441 ) ;
#4100 = CIRCLE ( 'NONE', #3330, 0.7251700000000131929 ) ;
#4101 = SHAPE_REPRESENTATION_RELATIONSHIP ( 'NONE' , 'NONE' ,  #3510, #3538 ) ;
#4102 = ORIENTED_EDGE ( 'NONE', *, *, #2245, .T. ) ;
#4103 =( GEOMETRIC_REPRESENTATION_CONTEXT ( 3 ) GLOBAL_UNCERTAINTY_ASSIGNED_CONTEXT ( ( #534 ) ) GLOBAL_UNIT_ASSIGNED_CONTEXT ( ( #2307, #1615, #4185 ) ) REPRESENTATION_CONTEXT ( 'NONE', 'WORKASPACE' ) );
#4104 = AXIS2_PLACEMENT_3D ( 'NONE', #755, #2631, #2607 ) ;
#4105 = PRESENTATION_LAYER_ASSIGNMENT (  '', '', ( #3485 ) ) ;
#4106 = EDGE_LOOP ( 'NONE', ( #1525, #1545 ) ) ;
#4107 = FILL_AREA_STYLE_COLOUR ( '', #4228 ) ;
#4108 = DIRECTION ( 'NONE',  ( 1.000000000000000000, -2.134256245049696245E-15, -8.478061894374816892E-16 ) ) ;
#4109 = PRESENTATION_STYLE_ASSIGNMENT (( #1200 ) ) ;
#4110 =( LENGTH_UNIT ( ) NAMED_UNIT ( * ) SI_UNIT ( .MILLI., .METRE. ) );
#4111 = FILL_AREA_STYLE ('',( #2653 ) ) ;
#4112 = ORIENTED_EDGE ( 'NONE', *, *, #1564, .T. ) ;
#4113 = DIRECTION ( 'NONE',  ( -0.000000000000000000, -1.000000000000000000, -0.000000000000000000 ) ) ;
#4114 = EDGE_LOOP ( 'NONE', ( #1007, #3929, #3192, #892 ) ) ;
#4115 = DIRECTION ( 'NONE',  ( 1.000000000000000000, 0.000000000000000000, 0.000000000000000000 ) ) ;
#4116 = DIRECTION ( 'NONE',  ( 0.3420201433256648271, 0.000000000000000000, -0.9396926207859097602 ) ) ;
#4117 = EDGE_CURVE ( 'NONE', #4256, #703, #256, .T. ) ;
#4118 = DIRECTION ( 'NONE',  ( -0.3420201433256749857, 0.000000000000000000, 0.9396926207859060964 ) ) ;
#4119 = CARTESIAN_POINT ( 'NONE',  ( 4.490320489685464267, 0.000000000000000000, 0.000000000000000000 ) ) ;
#4120 = STYLED_ITEM ( 'NONE', ( #3811 ), #1192 ) ;
#4121 = EDGE_LOOP ( 'NONE', ( #4339, #4216, #2379, #2453 ) ) ;
#4122 = STYLED_ITEM ( 'NONE', ( #1164 ), #1398 ) ;
#4123 = PLANE ( 'NONE',  #3880 ) ;
#4124 = ORIENTED_EDGE ( 'NONE', *, *, #3069, .T. ) ;
#4125 = FILL_AREA_STYLE ('',( #782 ) ) ;
#4126 = EDGE_CURVE ( 'NONE', #1586, #1529, #4159, .T. ) ;
#4127 = FILL_AREA_STYLE ('',( #1555 ) ) ;
#4128 = CARTESIAN_POINT ( 'NONE',  ( 4.490320489685464267, -6.221205739669844603E-17, 0.2540000000000526836 ) ) ;
#4129 = CARTESIAN_POINT ( 'NONE',  ( 12.23435370778180875, 0.000000000000000000, -0.4000499999999816980 ) ) ;
#4130 = LINE ( 'NONE', #1249, #4028 ) ;
#4131 = DIRECTION ( 'NONE',  ( 0.000000000000000000, 0.000000000000000000, 1.000000000000000000 ) ) ;
#4132 = ORIENTED_EDGE ( 'NONE', *, *, #923, .T. ) ;
#4133 = CARTESIAN_POINT ( 'NONE',  ( 10.01436830778180820, -2.794000000000000039, -0.4000499999999995726 ) ) ;
#4134 = VERTEX_POINT ( 'NONE', #1985 ) ;
#4135 = CARTESIAN_POINT ( 'NONE',  ( 7.154379107781808855, -2.794000000000000039, -2.139949999999988695 ) ) ;
#4136 = CARTESIAN_POINT ( 'NONE',  ( 5.591498816721846232, -2.355938327036260382, 0.5079999999999527116 ) ) ;
#4137 = CIRCLE ( 'NONE', #2454, 0.2540000000000606217 ) ;
#4138 = CONICAL_SURFACE ( 'NONE', #1773, 0.7746999999085346644, 0.7853981633974482790 ) ;
#4139 = LINE ( 'NONE', #211, #2890 ) ;
#4140 = ORIENTED_EDGE ( 'NONE', *, *, #3658, .T. ) ;
#4141 = FACE_BOUND ( 'NONE', #944, .T. ) ;
#4142 = ORIENTED_EDGE ( 'NONE', *, *, #645, .F. ) ;
#4143 =( NAMED_UNIT ( * ) SI_UNIT ( $, .STERADIAN. ) SOLID_ANGLE_UNIT ( ) );
#4144 = PLANE ( 'NONE',  #1579 ) ;
#4145 = UNCERTAINTY_MEASURE_WITH_UNIT (LENGTH_MEASURE( 1.000000000000000082E-05 ), #3624, 'distance_accuracy_value', 'NONE');
#4146 = AXIS2_PLACEMENT_3D ( 'NONE', #2693, #4675, #2893 ) ;
#4147 = EDGE_CURVE ( 'NONE', #3423, #279, #2753, .T. ) ;
#4148 = DIRECTION ( 'NONE',  ( 1.000000000000000000, 0.000000000000000000, 0.000000000000000000 ) ) ;
#4149 = PRESENTATION_STYLE_ASSIGNMENT (( #3046 ) ) ;
#4150 = EDGE_CURVE ( 'NONE', #2688, #4365, #3002, .T. ) ;
#4151 = FILL_AREA_STYLE_COLOUR ( '', #275 ) ;
#4152 = ORIENTED_EDGE ( 'NONE', *, *, #4569, .F. ) ;
#4153 = CARTESIAN_POINT ( 'NONE',  ( 0.000000000000000000, 0.000000000000000000, 0.000000000000000000 ) ) ;
#4154 = LINE ( 'NONE', #530, #1113 ) ;
#4155 = VECTOR ( 'NONE', #844, 1000.000000000000000 ) ;
#4156 = EDGE_LOOP ( 'NONE', ( #1498, #545 ) ) ;
#4157 = DIRECTION ( 'NONE',  ( 1.000000000000000000, -0.000000000000000000, 0.000000000000000000 ) ) ;
#4158 = UNCERTAINTY_MEASURE_WITH_UNIT (LENGTH_MEASURE( 1.000000000000000082E-05 ), #2250, 'distance_accuracy_value', 'NONE');
#4160 = CARTESIAN_POINT ( 'NONE',  ( -0.3056262922181931518, 0.000000000000000000, -2.139949999999997132 ) ) ;
#4159 = LINE ( 'NONE', #874, #1109 ) ;
#4161 = MECHANICAL_DESIGN_GEOMETRIC_PRESENTATION_REPRESENTATION (  '', ( #3854 ), #965 ) ;
#4162 = LINE ( 'NONE', #902, #4337 ) ;
#4163 = CARTESIAN_POINT ( 'NONE',  ( 3.504373707781803127, 1.235103434284735307E-14, -1.270000000000008900 ) ) ;
#4164 = ORIENTED_EDGE ( 'NONE', *, *, #2061, .T. ) ;
#4165 =( GEOMETRIC_REPRESENTATION_CONTEXT ( 3 ) GLOBAL_UNCERTAINTY_ASSIGNED_CONTEXT ( ( #1009 ) ) GLOBAL_UNIT_ASSIGNED_CONTEXT ( ( #1270, #1652, #934 ) ) REPRESENTATION_CONTEXT ( 'NONE', 'WORKASPACE' ) );
#4166 = DIRECTION ( 'NONE',  ( -5.685388432230108360E-15, 1.000000000000000000, -2.367018428024770071E-31 ) ) ;
#4167 = MECHANICAL_DESIGN_GEOMETRIC_PRESENTATION_REPRESENTATION (  '', ( #1513 ), #3556 ) ;
#4168 = VERTEX_POINT ( 'NONE', #2340 ) ;
#4169 = MECHANICAL_DESIGN_GEOMETRIC_PRESENTATION_REPRESENTATION (  '', ( #2865 ), #1665 ) ;
#4170 = PRESENTATION_LAYER_ASSIGNMENT (  '', '', ( #896 ) ) ;
#4171 = VECTOR ( 'NONE', #304, 1000.000000000000000 ) ;
#4172 = EDGE_CURVE ( 'NONE', #3543, #618, #852, .T. ) ;
#4173 = ADVANCED_FACE ( 'NONE', ( #948 ), #4187, .T. ) ;
#4174 = FILL_AREA_STYLE ('',( #3837 ) ) ;
#4175 = CARTESIAN_POINT ( 'NONE',  ( 5.212344780397894617, 0.2540000000000893210, 2.104339836825176061E-16 ) ) ;
#4176 = LINE ( 'NONE', #959, #91 ) ;
#4177 = STYLED_ITEM ( 'NONE', ( #3924 ), #3449 ) ;
#4178 = ADVANCED_FACE ( 'NONE', ( #161 ), #1260, .F. ) ;
#4179 = ORIENTED_EDGE ( 'NONE', *, *, #2511, .F. ) ;
#4180 = DIRECTION ( 'NONE',  ( 0.000000000000000000, 0.000000000000000000, 1.000000000000000000 ) ) ;
#4181 = PRESENTATION_LAYER_ASSIGNMENT (  '', '', ( #1375 ) ) ;
#4182 = PRESENTATION_STYLE_ASSIGNMENT (( #1659 ) ) ;
#4183 = DIRECTION ( 'NONE',  ( -4.258465521716415361E-15, 1.000000000000000000, -2.363923235890971953E-31 ) ) ;
#4184 = ORIENTED_EDGE ( 'NONE', *, *, #983, .F. ) ;
#4185 =( NAMED_UNIT ( * ) SI_UNIT ( $, .STERADIAN. ) SOLID_ANGLE_UNIT ( ) );
#4186 =( BOUNDED_SURFACE ( )  B_SPLINE_SURFACE ( 3, 3, ( 
 ( #3326, #4027, #1505, #761 ),
 ( #778, #2958, #2206, #58 ),
 ( #4427, #4548, #4136, #163 ),
 ( #486, #927, #509, #1315 ) ),
 .UNSPECIFIED., .F., .F., .F. ) 
 B_SPLINE_SURFACE_WITH_KNOTS ( ( 4, 4 ),
 ( 4, 4 ),
 ( 0.000000000000000000, 1.000000000000000000 ),
 ( 0.000000000000000000, 1.000000000000000000 ),
 .UNSPECIFIED. ) 
 GEOMETRIC_REPRESENTATION_ITEM ( )  RATIONAL_B_SPLINE_SURFACE ( (
 ( 1.000000000000000000, 0.8047378541243649375, 0.8047378541243649375, 1.000000000000000000),
 ( 0.3333333333333333703, 0.2682459513747883495, 0.2682459513747883495, 0.3333333333333333703),
 ( 0.3333333333333333703, 0.2682459513747883495, 0.2682459513747883495, 0.3333333333333333703),
 ( 1.000000000000000000, 0.8047378541243649375, 0.8047378541243649375, 1.000000000000000000) ) ) 
 REPRESENTATION_ITEM ( '' )  SURFACE ( )  );
#4187 = PLANE ( 'NONE',  #4007 ) ;
#4188 = CARTESIAN_POINT ( 'NONE',  ( 0.9643737077818063108, 0.000000000000000000, -1.995170000000017874 ) ) ;
#4189 = VECTOR ( 'NONE', #4116, 1000.000000000000227 ) ;
#4190 = CONTEXT_DEPENDENT_SHAPE_REPRESENTATION ( #2328, #1273 ) ;
#4191 = EDGE_LOOP ( 'NONE', ( #210, #3573, #278, #2259 ) ) ;
#4192 = AXIS2_PLACEMENT_3D ( 'NONE', #4377, #4483, #2228 ) ;
#4193 = FACE_BOUND ( 'NONE', #2002, .T. ) ;
#4194 = EDGE_LOOP ( 'NONE', ( #2302, #4318, #1428, #136 ) ) ;
#4195 = DIRECTION ( 'NONE',  ( -1.000000000000000000, 1.024442997623854229E-14, 0.000000000000000000 ) ) ;
#4196 =( NAMED_UNIT ( * ) SI_UNIT ( $, .STERADIAN. ) SOLID_ANGLE_UNIT ( ) );
#4197 = CARTESIAN_POINT ( 'NONE',  ( 5.083498816721763625, -0.6613588167217951952, -0.5080000000001215765 ) ) ;
#4198 = DIRECTION ( 'NONE',  ( -0.7071067811865474617, 8.659560562354932858E-17, -0.7071067811865474617 ) ) ;
#4199 = PRODUCT_DEFINITION_SHAPE ( 'NONE', 'NONE',  #4727 ) ;
#4200 = VERTEX_POINT ( 'NONE', #2837 ) ;
#4201 = DIRECTION ( 'NONE',  ( -0.000000000000000000, 1.000000000000000000, -0.000000000000000000 ) ) ;
#4202 = CARTESIAN_POINT ( 'NONE',  ( 4.131110244821296185, 0.000000000000000000, 0.4027897551787399388 ) ) ;
#4203 = SURFACE_STYLE_FILL_AREA ( #2747 ) ;
#4204 = EDGE_LOOP ( 'NONE', ( #4020, #4572, #2904, #1224, #1129 ) ) ;
#4205 = CARTESIAN_POINT ( 'NONE',  ( 0.000000000000000000, 0.000000000000000000, 0.000000000000000000 ) ) ;
#4206 = UNCERTAINTY_MEASURE_WITH_UNIT (LENGTH_MEASURE( 1.000000000000000082E-05 ), #3045, 'distance_accuracy_value', 'NONE');
#4207 =( LENGTH_UNIT ( ) NAMED_UNIT ( * ) SI_UNIT ( .MILLI., .METRE. ) );
#4209 =( LENGTH_UNIT ( ) NAMED_UNIT ( * ) SI_UNIT ( .MILLI., .METRE. ) );
#4208 = FILL_AREA_STYLE_COLOUR ( '', #963 ) ;
#4210 = EDGE_CURVE ( 'NONE', #4168, #2844, #2028, .T. ) ;
#4211 = DIRECTION ( 'NONE',  ( 0.000000000000000000, -0.000000000000000000, 1.000000000000000000 ) ) ;
#4212 = AXIS2_PLACEMENT_3D ( 'NONE', #2719, #1630, #4225 ) ;
#4213 = ADVANCED_FACE ( 'NONE', ( #4617 ), #3883, .F. ) ;
#4214 = ADVANCED_FACE ( 'NONE', ( #4322 ), #3952, .F. ) ;
#4215 = PRODUCT_CONTEXT ( 'NONE', #2395, 'mechanical' ) ;
#4216 = ORIENTED_EDGE ( 'NONE', *, *, #3970, .T. ) ;
#4217 = SURFACE_STYLE_FILL_AREA ( #4600 ) ;
#4218 = PRESENTATION_LAYER_ASSIGNMENT (  '', '', ( #1846 ) ) ;
#4219 = AXIS2_PLACEMENT_3D ( 'NONE', #449, #1901, #1539 ) ;
#4220 =( NAMED_UNIT ( * ) SI_UNIT ( $, .STERADIAN. ) SOLID_ANGLE_UNIT ( ) );
#4221 = FACE_OUTER_BOUND ( 'NONE', #3342, .T. ) ;
#4222 = PRESENTATION_STYLE_ASSIGNMENT (( #1022 ) ) ;
#4223 = STYLED_ITEM ( 'NONE', ( #4222 ), #4709 ) ;
#4224 = ADVANCED_FACE ( 'NONE', ( #4232 ), #250, .F. ) ;
#4225 = DIRECTION ( 'NONE',  ( 0.3420201433256638834, 0.000000000000000000, -0.9396926207859100932 ) ) ;
#4226 = CARTESIAN_POINT ( 'NONE',  ( 5.591498816721848009, -2.058358816721820528, -2.085148221162914781E-17 ) ) ;
#4227 = FILL_AREA_STYLE_COLOUR ( '', #3547 ) ;
#4228 = COLOUR_RGB ( '',0.4941176470588235503, 0.4941176470588235503, 0.4941176470588235503 ) ;
#4229 = ORIENTED_EDGE ( 'NONE', *, *, #1623, .T. ) ;
#4230 = DIRECTION ( 'NONE',  ( 0.3420201433256663259, 0.000000000000000000, 0.9396926207859092051 ) ) ;
#4231 = CARTESIAN_POINT ( 'NONE',  ( 7.154379107781808855, -2.794000000000000039, -0.4000499999999996281 ) ) ;
#4233 = CARTESIAN_POINT ( 'NONE',  ( 4.131110244827596034, 0.000000000000000000, 0.4027897551850400659 ) ) ;
#4232 = FACE_OUTER_BOUND ( 'NONE', #246, .T. ) ;
#4234 = CARTESIAN_POINT ( 'NONE',  ( 0.000000000000000000, 6.687796170143705338E-17, -0.5461000000000006960 ) ) ;
#4235 = ORIENTED_EDGE ( 'NONE', *, *, #7, .F. ) ;
#4236 = FILL_AREA_STYLE_COLOUR ( '', #1753 ) ;
#4237 = STYLED_ITEM ( 'NONE', ( #3395 ), #4178 ) ;
#4238 = EDGE_CURVE ( 'NONE', #857, #391, #1528, .T. ) ;
#4239 = ORIENTED_EDGE ( 'NONE', *, *, #4571, .F. ) ;
#4240 = SURFACE_SIDE_STYLE ('',( #259 ) ) ;
#4241 = ADVANCED_FACE ( 'NONE', ( #3344 ), #2927, .T. ) ;
#4242 = FILL_AREA_STYLE ('',( #2371 ) ) ;
#4243 = PRODUCT ( '1005_1005-0-00-01-00-00-03-0', '1005_1005-0-00-01-00-00-03-0', '', ( #230 ) ) ;
#4244 = PRESENTATION_LAYER_ASSIGNMENT (  '', '', ( #969 ) ) ;
#4245 = FILL_AREA_STYLE ('',( #4605 ) ) ;
#4246 = COLOUR_RGB ( '',0.4941176470588235503, 0.4941176470588235503, 0.4941176470588235503 ) ;
#4247 = DIRECTION ( 'NONE',  ( 1.000000000000000000, 0.000000000000000000, 0.000000000000000000 ) ) ;
#4248 = DIRECTION ( 'NONE',  ( 0.000000000000000000, 0.000000000000000000, 1.000000000000000000 ) ) ;
#4249 = PRESENTATION_LAYER_ASSIGNMENT (  '', '', ( #3408 ) ) ;
#4250 = CARTESIAN_POINT ( 'NONE',  ( 7.154379107781808855, -2.794000000000000039, -2.139949999999988695 ) ) ;
#4251 = AXIS2_PLACEMENT_3D ( 'NONE', #1095, #1468, #674 ) ;
#4252 = PRESENTATION_STYLE_ASSIGNMENT (( #4272 ) ) ;
#4253 = AXIS2_PLACEMENT_3D ( 'NONE', #2758, #3450, #595 ) ;
#4254 = AXIS2_PLACEMENT_3D ( 'NONE', #1625, #92, #886 ) ;
#4255 =( GEOMETRIC_REPRESENTATION_CONTEXT ( 3 ) GLOBAL_UNCERTAINTY_ASSIGNED_CONTEXT ( ( #592 ) ) GLOBAL_UNIT_ASSIGNED_CONTEXT ( ( #1873, #1534, #4083 ) ) REPRESENTATION_CONTEXT ( 'NONE', 'WORKASPACE' ) );
#4256 = VERTEX_POINT ( 'NONE', #1496 ) ;
#4257 = CARTESIAN_POINT ( 'NONE',  ( 8.584373707781805862, -0.8940799999999999859, -1.270000000000004903 ) ) ;
#4258 = AXIS2_PLACEMENT_3D ( 'NONE', #1813, #1857, #3316 ) ;
#4259 = UNCERTAINTY_MEASURE_WITH_UNIT (LENGTH_MEASURE( 1.000000000000000082E-05 ), #18, 'distance_accuracy_value', 'NONE');
#4260 = FACE_OUTER_BOUND ( 'NONE', #3183, .T. ) ;
#4261 = DIRECTION ( 'NONE',  ( 1.000000000000000000, -0.000000000000000000, -0.000000000000000000 ) ) ;
#4262 = EDGE_LOOP ( 'NONE', ( #1265, #2479 ) ) ;
#4263 = ITEM_DEFINED_TRANSFORMATION ( 'NONE', 'NONE', #3608,  #4608 ) ;
#4264 =( LENGTH_UNIT ( ) NAMED_UNIT ( * ) SI_UNIT ( .MILLI., .METRE. ) );
#4265 = SURFACE_STYLE_FILL_AREA ( #2491 ) ;
#4266 = DIRECTION ( 'NONE',  ( 1.000000000000000000, 0.000000000000000000, -0.000000000000000000 ) ) ;
#4267 = LINE ( 'NONE', #3182, #2068 ) ;
#4268 = CIRCLE ( 'NONE', #1071, 0.7251700000000131929 ) ;
#4269 = DIRECTION ( 'NONE',  ( -0.000000000000000000, -1.000000000000000000, -0.000000000000000000 ) ) ;
#4270 = LINE ( 'NONE', #2327, #4316 ) ;
#4271 = ADVANCED_FACE ( 'NONE', ( #4063 ), #2533, .F. ) ;
#4272 = SURFACE_STYLE_USAGE ( .BOTH. , #1324 ) ;
#4273 = SURFACE_STYLE_FILL_AREA ( #2084 ) ;
#4274 = ORIENTED_EDGE ( 'NONE', *, *, #4073, .F. ) ;
#4275 = ORIENTED_EDGE ( 'NONE', *, *, #3276, .T. ) ;
#4276 =( GEOMETRIC_REPRESENTATION_CONTEXT ( 3 ) GLOBAL_UNCERTAINTY_ASSIGNED_CONTEXT ( ( #3729 ) ) GLOBAL_UNIT_ASSIGNED_CONTEXT ( ( #1167, #3648, #4056 ) ) REPRESENTATION_CONTEXT ( 'NONE', 'WORKASPACE' ) );
#4277 = PLANE ( 'NONE',  #511 ) ;
#4278 = ORIENTED_EDGE ( 'NONE', *, *, #1809, .F. ) ;
#4279 = FACE_OUTER_BOUND ( 'NONE', #3833, .T. ) ;
#4280 = CARTESIAN_POINT ( 'NONE',  ( 2.074379107781807452, -2.794000000000000039, -0.4000499999999995726 ) ) ;
#4281 = CARTESIAN_POINT ( 'NONE',  ( 0.000000000000000000, 0.000000000000000000, 0.000000000000000000 ) ) ;
#4282 = SURFACE_SIDE_STYLE ('',( #2078 ) ) ;
#4283 = FILL_AREA_STYLE ('',( #4628 ) ) ;
#4284 = SURFACE_STYLE_FILL_AREA ( #2041 ) ;
#4285 = ORIENTED_EDGE ( 'NONE', *, *, #4670, .F. ) ;
#4286 = APPLICATION_CONTEXT ( 'automotive_design' ) ;
#4287 = FILL_AREA_STYLE_COLOUR ( '', #4596 ) ;
#4288 = STYLED_ITEM ( 'NONE', ( #2624 ), #4523 ) ;
#4289 = PLANE ( 'NONE',  #2354 ) ;
#4290 = CARTESIAN_POINT ( 'NONE',  ( 4.934368307781808127, 0.000000000000000000, -2.139949999999988695 ) ) ;
#4291 = EDGE_CURVE ( 'NONE', #4478, #3759, #3028, .T. ) ;
#4292 = DIRECTION ( 'NONE',  ( 0.000000000000000000, 1.000000000000000000, 0.000000000000000000 ) ) ;
#4293 = EDGE_LOOP ( 'NONE', ( #151, #121, #2055, #2065 ) ) ;
#4294 = ORIENTED_EDGE ( 'NONE', *, *, #4314, .T. ) ;
#4295 = LINE ( 'NONE', #2777, #2728 ) ;
#4296 = VERTEX_POINT ( 'NONE', #3422 ) ;
#4297 = CARTESIAN_POINT ( 'NONE',  ( 0.9643737077818061998, -2.794000000000000039, -1.270000000000004903 ) ) ;
#4298 = DIRECTION ( 'NONE',  ( -1.000000000000000000, -0.000000000000000000, -0.000000000000000000 ) ) ;
#4299 = UNCERTAINTY_MEASURE_WITH_UNIT (LENGTH_MEASURE( 1.000000000000000082E-05 ), #1823, 'distance_accuracy_value', 'NONE');
#4300 = FACE_OUTER_BOUND ( 'NONE', #1394, .T. ) ;
#4301 = PLANE ( 'NONE',  #1656 ) ;
#4302 = VECTOR ( 'NONE', #2130, 1000.000000000000000 ) ;
#4303 =( NAMED_UNIT ( * ) PLANE_ANGLE_UNIT ( ) SI_UNIT ( $, .RADIAN. ) );
#4304 = EDGE_LOOP ( 'NONE', ( #1102, #2961, #794, #1408 ) ) ;
#4305 =( GEOMETRIC_REPRESENTATION_CONTEXT ( 3 ) GLOBAL_UNCERTAINTY_ASSIGNED_CONTEXT ( ( #3824 ) ) GLOBAL_UNIT_ASSIGNED_CONTEXT ( ( #3300, #29, #1478 ) ) REPRESENTATION_CONTEXT ( 'NONE', 'WORKASPACE' ) );
#4306 = VECTOR ( 'NONE', #388, 1000.000000000000114 ) ;
#4307 = EDGE_CURVE ( 'NONE', #700, #2615, #1658, .T. ) ;
#4308 = CARTESIAN_POINT ( 'NONE',  ( 5.083498816721836455, -2.058358816721816087, -1.049873439304867811E-16 ) ) ;
#4309 = CARTESIAN_POINT ( 'NONE',  ( 4.468772815563612610, -2.794000000000000039, -1.558540622947912624E-16 ) ) ;
#4310 = EDGE_CURVE ( 'NONE', #2571, #1176, #4154, .T. ) ;
#4311 = CARTESIAN_POINT ( 'NONE',  ( 2.074379107781807896, -2.794000000000000039, -2.139949999999988695 ) ) ;
#4312 = FILL_AREA_STYLE ('',( #2526 ) ) ;
#4313 = VECTOR ( 'NONE', #2203, 1000.000000000000000 ) ;
#4314 = EDGE_CURVE ( 'NONE', #3463, #2929, #2930, .T. ) ;
#4315 = STYLED_ITEM ( 'NONE', ( #4252 ), #3676 ) ;
#4316 = VECTOR ( 'NONE', #1697, 1000.000000000000114 ) ;
#4317 = LINE ( 'NONE', #2849, #2963 ) ;
#4318 = ORIENTED_EDGE ( 'NONE', *, *, #2622, .F. ) ;
#4319 = EDGE_LOOP ( 'NONE', ( #3649, #83, #1023, #2708 ) ) ;
#4320 = COLOUR_RGB ( '',0.4941176470588235503, 0.4941176470588235503, 0.4941176470588235503 ) ;
#4321 = PRESENTATION_LAYER_ASSIGNMENT (  '', '', ( #718 ) ) ;
#4322 = FACE_OUTER_BOUND ( 'NONE', #1766, .T. ) ;
#4323 = SURFACE_STYLE_USAGE ( .BOTH. , #2052 ) ;
#4324 = ORIENTED_EDGE ( 'NONE', *, *, #1779, .F. ) ;
#4325 = DIRECTION ( 'NONE',  ( 0.000000000000000000, 0.000000000000000000, 1.000000000000000000 ) ) ;
#4326 = DIRECTION ( 'NONE',  ( -1.000000000000000000, -0.000000000000000000, 0.000000000000000000 ) ) ;
#4327 =( NAMED_UNIT ( * ) PLANE_ANGLE_UNIT ( ) SI_UNIT ( $, .RADIAN. ) );
#4328 = DIRECTION ( 'NONE',  ( 0.000000000000000000, 0.000000000000000000, 1.000000000000000000 ) ) ;
#4329 = SURFACE_STYLE_FILL_AREA ( #4283 ) ;
#4330 = ORIENTED_EDGE ( 'NONE', *, *, #3069, .F. ) ;
#4331 = EDGE_CURVE ( 'NONE', #2585, #2994, #1928, .T. ) ;
#4332 = CARTESIAN_POINT ( 'NONE',  ( 0.000000000000000000, 0.000000000000000000, 0.9144000000000095385 ) ) ;
#4333 = DIRECTION ( 'NONE',  ( -0.000000000000000000, 1.000000000000000000, 0.000000000000000000 ) ) ;
#4334 = SURFACE_STYLE_USAGE ( .BOTH. , #720 ) ;
#4335 = CARTESIAN_POINT ( 'NONE',  ( 4.934368307781808127, -2.794000000000000039, -0.4000499999999996281 ) ) ;
#4336 = DIRECTION ( 'NONE',  ( -1.000000000000000000, -3.970709293056970820E-16, -0.000000000000000000 ) ) ;
#4337 = VECTOR ( 'NONE', #4549, 1000.000000000000000 ) ;
#4338 = ORIENTED_EDGE ( 'NONE', *, *, #2888, .T. ) ;
#4339 = ORIENTED_EDGE ( 'NONE', *, *, #1979, .T. ) ;
#4340 = SURFACE_STYLE_USAGE ( .BOTH. , #1453 ) ;
#4341 = CYLINDRICAL_SURFACE ( 'NONE', #982, 0.7251700000000131929 ) ;
#4342 = EDGE_LOOP ( 'NONE', ( #2260, #301, #4124, #3222 ) ) ;
#4343 = SURFACE_STYLE_FILL_AREA ( #727 ) ;
#4344 = ADVANCED_FACE ( 'NONE', ( #2680 ), #1587, .T. ) ;
#4345 = FILL_AREA_STYLE ('',( #3708 ) ) ;
#4346 = FILL_AREA_STYLE ('',( #4698 ) ) ;
#4347 = EDGE_CURVE ( 'NONE', #4409, #678, #4467, .T. ) ;
#4348 = PRESENTATION_STYLE_ASSIGNMENT (( #732 ) ) ;
#4349 = FILL_AREA_STYLE_COLOUR ( '', #1250 ) ;
#4350 = VERTEX_POINT ( 'NONE', #4133 ) ;
#4351 = SURFACE_SIDE_STYLE ('',( #3918 ) ) ;
#4352 = EDGE_CURVE ( 'NONE', #1786, #6, #1355, .T. ) ;
#4353 = LINE ( 'NONE', #2501, #3944 ) ;
#4354 = CARTESIAN_POINT ( 'NONE',  ( 4.468772815563612610, 0.000000000000000000, -2.539999999999996927 ) ) ;
#4355 = CARTESIAN_POINT ( 'NONE',  ( 12.08874741556367738, -2.794000000000000039, -2.539999999999978719 ) ) ;
#4356 = MECHANICAL_DESIGN_GEOMETRIC_PRESENTATION_REPRESENTATION (  '', ( #2146 ), #2536 ) ;
#4357 = CARTESIAN_POINT ( 'NONE',  ( 1.549400000044443004, 0.000000000000000000, 0.000000000000000000 ) ) ;
#4358 = EDGE_LOOP ( 'NONE', ( #4015, #1826, #4687, #4538, #2125, #2655, #1543, #3291, #1062, #302, #1764, #3561, #3315, #3678, #463, #4667, #2035, #228, #1471, #1812, #2306, #2080, #1860, #2834, #3513, #377, #1645, #4551, #4235, #4711, #649, #4285, #2331, #1474, #178, #423, #563, #4275, #4439, #1157, #146, #157, #2214, #2455 ) ) ;
#4359 = PRESENTATION_LAYER_ASSIGNMENT (  '', '', ( #3603 ) ) ;
#4360 = MECHANICAL_DESIGN_GEOMETRIC_PRESENTATION_REPRESENTATION (  '', ( #4223 ), #239 ) ;
#4361 = ORIENTED_EDGE ( 'NONE', *, *, #1870, .F. ) ;
#4362 = SURFACE_SIDE_STYLE ('',( #380 ) ) ;
#4363 = PRODUCT_RELATED_PRODUCT_CATEGORY ( 'part', '', ( #341 ) ) ;
#4364 = FILL_AREA_STYLE ('',( #1497 ) ) ;
#4365 = VERTEX_POINT ( 'NONE', #1232 ) ;
#4366 =( LENGTH_UNIT ( ) NAMED_UNIT ( * ) SI_UNIT ( .MILLI., .METRE. ) );
#4367 = SURFACE_STYLE_FILL_AREA ( #12 ) ;
#4368 =( GEOMETRIC_REPRESENTATION_CONTEXT ( 3 ) GLOBAL_UNCERTAINTY_ASSIGNED_CONTEXT ( ( #2908 ) ) GLOBAL_UNIT_ASSIGNED_CONTEXT ( ( #640, #2180, #335 ) ) REPRESENTATION_CONTEXT ( 'NONE', 'WORKASPACE' ) );
#4370 = LINE ( 'NONE', #3445, #788 ) ;
#4369 = CARTESIAN_POINT ( 'NONE',  ( 3.708399999993617246, -0.5461000000082094630, 0.000000000000000000 ) ) ;
#4371 = FILL_AREA_STYLE_COLOUR ( '', #1041 ) ;
#4372 = ADVANCED_FACE ( 'NONE', ( #3461 ), #2044, .F. ) ;
#4373 =( NAMED_UNIT ( * ) PLANE_ANGLE_UNIT ( ) SI_UNIT ( $, .RADIAN. ) );
#4374 = ADVANCED_FACE ( 'NONE', ( #941 ), #647, .F. ) ;
#4375 = AXIS2_PLACEMENT_3D ( 'NONE', #3252, #1016, #2513 ) ;
#4376 =( NAMED_UNIT ( * ) SI_UNIT ( $, .STERADIAN. ) SOLID_ANGLE_UNIT ( ) );
#4377 = CARTESIAN_POINT ( 'NONE',  ( 4.490320489685523775, 9.331808609503713035E-17, -0.7620000000000719531 ) ) ;
#4378 = ORIENTED_EDGE ( 'NONE', *, *, #860, .T. ) ;
#4379 = STYLED_ITEM ( 'NONE', ( #4348 ), #2045 ) ;
#4380 = CARTESIAN_POINT ( 'NONE',  ( 10.01436830778180820, -2.794000000000000039, -2.139949999999989139 ) ) ;
#4381 = PRESENTATION_STYLE_ASSIGNMENT (( #2919 ) ) ;
#4382 = SURFACE_STYLE_FILL_AREA ( #2194 ) ;
#4383 = AXIS2_PLACEMENT_3D ( 'NONE', #98, #2658, #4540 ) ;
#4384 = SURFACE_SIDE_STYLE ('',( #2 ) ) ;
#4385 = SURFACE_STYLE_USAGE ( .BOTH. , #1925 ) ;
#4386 = VERTEX_POINT ( 'NONE', #204 ) ;
#4387 = ORIENTED_EDGE ( 'NONE', *, *, #470, .T. ) ;
#4388 = CIRCLE ( 'NONE', #1861, 0.7747000000222215021 ) ;
#4389 = CARTESIAN_POINT ( 'NONE',  ( 0.9643737077818061998, 0.000000000000000000, -1.270000000000004903 ) ) ;
#4390 = SURFACE_STYLE_FILL_AREA ( #3632 ) ;
#4391 = AXIS2_PLACEMENT_3D ( 'NONE', #371, #4657, #1829 ) ;
#4392 = CARTESIAN_POINT ( 'NONE',  ( 1.928772815563611909, -2.794000000000000039, -1.355252715606880543E-17 ) ) ;
#4393 = ORIENTED_EDGE ( 'NONE', *, *, #3712, .T. ) ;
#4394 = AXIS2_PLACEMENT_3D ( 'NONE', #403, #3661, #1931 ) ;
#4395 = DIRECTION ( 'NONE',  ( -0.000000000000000000, 1.000000000000000000, -0.000000000000000000 ) ) ;
#4396 = CARTESIAN_POINT ( 'NONE',  ( 3.708400000000000141, 0.000000000000000000, 0.000000000000000000 ) ) ;
#4397 = VECTOR ( 'NONE', #681, 1000.000000000000000 ) ;
#4398 = VECTOR ( 'NONE', #144, 1000.000000000000000 ) ;
#4399 = UNCERTAINTY_MEASURE_WITH_UNIT (LENGTH_MEASURE( 1.000000000000000082E-05 ), #2154, 'distance_accuracy_value', 'NONE');
#4401 =( LENGTH_UNIT ( ) NAMED_UNIT ( * ) SI_UNIT ( .MILLI., .METRE. ) );
#4400 = PRESENTATION_STYLE_ASSIGNMENT (( #437 ) ) ;
#4402 = MECHANICAL_DESIGN_GEOMETRIC_PRESENTATION_REPRESENTATION (  '', ( #1737 ), #3640 ) ;
#4403 = STYLED_ITEM ( 'NONE', ( #2993 ), #712 ) ;
#4404 = FACE_OUTER_BOUND ( 'NONE', #1495, .T. ) ;
#4405 = SURFACE_SIDE_STYLE ('',( #3283 ) ) ;
#4406 =( GEOMETRIC_REPRESENTATION_CONTEXT ( 3 ) GLOBAL_UNCERTAINTY_ASSIGNED_CONTEXT ( ( #2049 ) ) GLOBAL_UNIT_ASSIGNED_CONTEXT ( ( #3292, #358, #797 ) ) REPRESENTATION_CONTEXT ( 'NONE', 'WORKASPACE' ) );
#4407 = SURFACE_STYLE_USAGE ( .BOTH. , #1511 ) ;
#4408 =( NAMED_UNIT ( * ) PLANE_ANGLE_UNIT ( ) SI_UNIT ( $, .RADIAN. ) );
#4409 = VERTEX_POINT ( 'NONE', #3577 ) ;
#4410 = ADVANCED_FACE ( 'NONE', ( #2064 ), #2451, .T. ) ;
#4411 = FACE_OUTER_BOUND ( 'NONE', #3215, .T. ) ;
#4412 = LINE ( 'NONE', #3338, #738 ) ;
#4413 = COLOUR_RGB ( '',0.4941176470588235503, 0.4941176470588235503, 0.4941176470588235503 ) ;
#4414 = DIRECTION ( 'NONE',  ( 0.000000000000000000, 0.000000000000000000, 1.000000000000000000 ) ) ;
#4415 = EDGE_CURVE ( 'NONE', #1464, #1907, #4412, .T. ) ;
#4416 = DIRECTION ( 'NONE',  ( 1.506739769771851316E-15, 0.000000000000000000, -1.000000000000000000 ) ) ;
#4417 = VERTEX_POINT ( 'NONE', #320 ) ;
#4418 = EDGE_LOOP ( 'NONE', ( #3392, #3286, #253, #205, #1589 ) ) ;
#4419 = CARTESIAN_POINT ( 'NONE',  ( 6.044373707781806715, 0.000000000000000000, -1.995170000000017874 ) ) ;
#4420 = DIRECTION ( 'NONE',  ( 1.000000000000000000, 0.000000000000000000, -1.355298456929802892E-15 ) ) ;
#4421 = CYLINDRICAL_SURFACE ( 'NONE', #4104, 0.9499600000000134603 ) ;
#4422 = AXIS2_PLACEMENT_3D ( 'NONE', #4357, #1098, #2553 ) ;
#4423 = ORIENTED_EDGE ( 'NONE', *, *, #590, .T. ) ;
#4424 = DIRECTION ( 'NONE',  ( 0.000000000000000000, 0.000000000000000000, 1.000000000000000000 ) ) ;
#4426 = SURFACE_STYLE_USAGE ( .BOTH. , #1845 ) ;
#4425 = DIRECTION ( 'NONE',  ( 8.820551857043884749E-15, 1.000000000000000000, 4.037223026264497295E-17 ) ) ;
#4427 = CARTESIAN_POINT ( 'NONE',  ( 5.591498816721843568, -2.566358816721773461, -8.189511685935284651E-17 ) ) ;
#4428 = DIRECTION ( 'NONE',  ( 0.000000000000000000, 0.000000000000000000, 1.000000000000000000 ) ) ;
#4429 = ORIENTED_EDGE ( 'NONE', *, *, #2295, .F. ) ;
#4430 = PRODUCT_DEFINITION ( 'UNKNOWN', '', #2987, #861 ) ;
#4431 = PRESENTATION_STYLE_ASSIGNMENT (( #2939 ) ) ;
#4432 = VERTEX_POINT ( 'NONE', #697 ) ;
#4433 = DIRECTION ( 'NONE',  ( -1.000000000000000000, -0.000000000000000000, -0.000000000000000000 ) ) ;
#4434 = CARTESIAN_POINT ( 'NONE',  ( 4.227651986100122272, 3.750456499536452090E-17, -0.3062480138883852954 ) ) ;
#4435 = FILL_AREA_STYLE ('',( #2970 ) ) ;
#4436 = UNCERTAINTY_MEASURE_WITH_UNIT (LENGTH_MEASURE( 1.000000000000000082E-05 ), #48, 'distance_accuracy_value', 'NONE');
#4437 = PLANE ( 'NONE',  #2800 ) ;
#4438 = CARTESIAN_POINT ( 'NONE',  ( 7.008772815563611758, -2.794000000000000039, 3.049318610115481221E-16 ) ) ;
#4439 = ORIENTED_EDGE ( 'NONE', *, *, #2606, .T. ) ;
#4440 = EDGE_LOOP ( 'NONE', ( #1930, #1219, #4393, #2313 ) ) ;
#4441 = DIRECTION ( 'NONE',  ( -1.000000000000000000, 0.000000000000000000, -1.506739769771851316E-15 ) ) ;
#4442 = EDGE_CURVE ( 'NONE', #2372, #2615, #4011, .T. ) ;
#4443 = PRESENTATION_STYLE_ASSIGNMENT (( #1133 ) ) ;
#4444 = ORIENTED_EDGE ( 'NONE', *, *, #4501, .F. ) ;
#4445 = AXIS2_PLACEMENT_3D ( 'NONE', #1834, #4416, #3023 ) ;
#4446 = PRESENTATION_STYLE_ASSIGNMENT (( #78 ) ) ;
#4447 = DIRECTION ( 'NONE',  ( 0.000000000000000000, -1.000000000000000000, -0.000000000000000000 ) ) ;
#4448 = UNCERTAINTY_MEASURE_WITH_UNIT (LENGTH_MEASURE( 1.000000000000000082E-05 ), #3738, 'distance_accuracy_value', 'NONE');
#4450 = DIRECTION ( 'NONE',  ( 0.000000000000000000, 0.000000000000000000, 1.000000000000000000 ) ) ;
#4449 = PRESENTATION_STYLE_ASSIGNMENT (( #3996 ) ) ;
#4451 = AXIS2_PLACEMENT_3D ( 'NONE', #2345, #808, #2248 ) ;
#4452 = DIRECTION ( 'NONE',  ( 0.000000000000000000, 0.000000000000000000, 1.000000000000000000 ) ) ;
#4453 = SHAPE_REPRESENTATION_RELATIONSHIP ( 'NONE' , 'NONE' ,  #235, #2568 ) ;
#4454 = ORIENTED_EDGE ( 'NONE', *, *, #3715, .F. ) ;
#4455 = VECTOR ( 'NONE', #2618, 1000.000000000000000 ) ;
#4456 = CARTESIAN_POINT ( 'NONE',  ( 5.337498816721824468, -0.6613588167217951952, 2.154867312552866488E-16 ) ) ;
#4457 = SURFACE_SIDE_STYLE ('',( #2296 ) ) ;
#4458 = EDGE_CURVE ( 'NONE', #3586, #3345, #2211, .T. ) ;
#4459 = SURFACE_STYLE_FILL_AREA ( #2969 ) ;
#4460 = STYLED_ITEM ( 'NONE', ( #1383 ), #4224 ) ;
#4461 = CARTESIAN_POINT ( 'NONE',  ( 4.676140000000003738, 0.000000000000000000, 0.000000000000000000 ) ) ;
#4462 = ADVANCED_FACE ( 'NONE', ( #2502 ), #1852, .T. ) ;
#4463 = DIRECTION ( 'NONE',  ( -0.000000000000000000, 1.000000000000000000, -0.000000000000000000 ) ) ;
#4464 = ORIENTED_EDGE ( 'NONE', *, *, #3469, .F. ) ;
#4465 = CARTESIAN_POINT ( 'NONE',  ( 0.9643737077818061998, 0.000000000000000000, -0.5448299999999917098 ) ) ;
#4466 =( GEOMETRIC_REPRESENTATION_CONTEXT ( 3 ) GLOBAL_UNCERTAINTY_ASSIGNED_CONTEXT ( ( #2275 ) ) GLOBAL_UNIT_ASSIGNED_CONTEXT ( ( #753, #1472, #702 ) ) REPRESENTATION_CONTEXT ( 'NONE', 'WORKASPACE' ) );
#4467 = LINE ( 'NONE', #3366, #587 ) ;
#4468 = PRESENTATION_LAYER_ASSIGNMENT (  '', '', ( #1942 ) ) ;
#4469 = PRESENTATION_LAYER_ASSIGNMENT (  '', '', ( #1199 ) ) ;
#4470 = ORIENTED_EDGE ( 'NONE', *, *, #1681, .T. ) ;
#4471 = CARTESIAN_POINT ( 'NONE',  ( 6.044373707781806715, -0.8940799999999999859, -1.270000000000004903 ) ) ;
#4473 = LINE ( 'NONE', #2006, #1552 ) ;
#4472 = DIRECTION ( 'NONE',  ( 0.000000000000000000, -1.000000000000000000, 0.000000000000000000 ) ) ;
#4474 = LINE ( 'NONE', #1531, #2563 ) ;
#4475 =( NAMED_UNIT ( * ) PLANE_ANGLE_UNIT ( ) SI_UNIT ( $, .RADIAN. ) );
#4476 = PRESENTATION_LAYER_ASSIGNMENT (  '', '', ( #2865 ) ) ;
#4477 = DIRECTION ( 'NONE',  ( 0.000000000000000000, 0.000000000000000000, 1.000000000000000000 ) ) ;
#4478 = VERTEX_POINT ( 'NONE', #2231 ) ;
#4479 = CIRCLE ( 'NONE', #670, 0.9499600000000134603 ) ;
#4480 = COLOUR_RGB ( '',0.4941176470588235503, 0.4941176470588235503, 0.4941176470588235503 ) ;
#4481 = VECTOR ( 'NONE', #3014, 1000.000000000000000 ) ;
#4482 = ORIENTED_EDGE ( 'NONE', *, *, #3356, .T. ) ;
#4483 = DIRECTION ( 'NONE',  ( 0.000000000000000000, -1.000000000000000000, -1.224646799147353207E-16 ) ) ;
#4484 = SURFACE_STYLE_USAGE ( .BOTH. , #1850 ) ;
#4485 = UNCERTAINTY_MEASURE_WITH_UNIT (LENGTH_MEASURE( 1.000000000000000082E-05 ), #3677, 'distance_accuracy_value', 'NONE');
#4486 = MECHANICAL_DESIGN_GEOMETRIC_PRESENTATION_REPRESENTATION (  '', ( #3485 ), #3568 ) ;
#4487 = LINE ( 'NONE', #1171, #1935 ) ;
#4488 = DIRECTION ( 'NONE',  ( 0.000000000000000000, 0.000000000000000000, 1.000000000000000000 ) ) ;
#4489 = DIRECTION ( 'NONE',  ( -1.000000000000000000, -0.000000000000000000, -0.000000000000000000 ) ) ;
#4490 = DIRECTION ( 'NONE',  ( 1.000000000000000000, 0.000000000000000000, 0.000000000000000000 ) ) ;
#4491 = VERTEX_POINT ( 'NONE', #1076 ) ;
#4492 = SHAPE_REPRESENTATION ( '310-43-105-41-105000', ( #3143, #2542, #1777, #4451, #3608, #1094, #1561 ), #481 ) ;
#4493 = SURFACE_STYLE_USAGE ( .BOTH. , #3769 ) ;
#4494 = FILL_AREA_STYLE_COLOUR ( '', #4246 ) ;
#4495 = EDGE_LOOP ( 'NONE', ( #3488, #1778, #1841, #567 ) ) ;
#4496 = CARTESIAN_POINT ( 'NONE',  ( 7.008772815563611758, -2.794000000000000039, -2.539999999999994706 ) ) ;
#4497 = UNCERTAINTY_MEASURE_WITH_UNIT (LENGTH_MEASURE( 1.000000000000000082E-05 ), #137, 'distance_accuracy_value', 'NONE');
#4498 = LINE ( 'NONE', #3003, #3216 ) ;
#4499 = DIRECTION ( 'NONE',  ( 1.000000000000000000, 0.000000000000000000, -0.000000000000000000 ) ) ;
#4500 = FILL_AREA_STYLE ('',( #4078 ) ) ;
#4501 = EDGE_CURVE ( 'NONE', #1722, #3193, #4706, .T. ) ;
#4502 = ORIENTED_EDGE ( 'NONE', *, *, #3356, .F. ) ;
#4503 = CARTESIAN_POINT ( 'NONE',  ( 12.08874741556356724, -2.794000000000000039, 0.000000000000000000 ) ) ;
#4504 = EDGE_CURVE ( 'NONE', #930, #1154, #2599, .T. ) ;
#4505 = CARTESIAN_POINT ( 'NONE',  ( 12.08874741556367383, 0.000000000000000000, -2.539999999999988045 ) ) ;
#4506 = ORIENTED_EDGE ( 'NONE', *, *, #799, .F. ) ;
#4507 =( NAMED_UNIT ( * ) PLANE_ANGLE_UNIT ( ) SI_UNIT ( $, .RADIAN. ) );
#4508 =( LENGTH_UNIT ( ) NAMED_UNIT ( * ) SI_UNIT ( .MILLI., .METRE. ) );
#4509 = SURFACE_STYLE_USAGE ( .BOTH. , #1388 ) ;
#4510 = COLOUR_RGB ( '',0.4941176470588235503, 0.4941176470588235503, 0.4941176470588235503 ) ;
#4511 =( LENGTH_UNIT ( ) NAMED_UNIT ( * ) SI_UNIT ( .MILLI., .METRE. ) );
#4512 = CARTESIAN_POINT ( 'NONE',  ( 4.490320489685463379, -0.5080000000001053673, 0.2540000000000525726 ) ) ;
#4513 = DIRECTION ( 'NONE',  ( 0.000000000000000000, 0.000000000000000000, 1.000000000000000000 ) ) ;
#4514 = ORIENTED_EDGE ( 'NONE', *, *, #4210, .F. ) ;
#4515 = DIRECTION ( 'NONE',  ( -1.000000000000000000, -0.000000000000000000, -0.000000000000000000 ) ) ;
#4516 = SURFACE_STYLE_FILL_AREA ( #2303 ) ;
#4517 = ORIENTED_EDGE ( 'NONE', *, *, #1898, .F. ) ;
#4518 = DIRECTION ( 'NONE',  ( -1.000000000000000000, -0.000000000000000000, -0.000000000000000000 ) ) ;
#4519 = LINE ( 'NONE', #4135, #4601 ) ;
#4520 = CARTESIAN_POINT ( 'NONE',  ( 1.136868377216160297E-10, 0.000000000000000000, 0.7746999999085346644 ) ) ;
#4521 = DIRECTION ( 'NONE',  ( -0.000000000000000000, 1.000000000000000000, -0.000000000000000000 ) ) ;
#4522 = ADVANCED_FACE ( 'NONE', ( #3310 ), #787, .T. ) ;
#4523 = ADVANCED_FACE ( 'NONE', ( #2255 ), #3313, .F. ) ;
#4524 =( NAMED_UNIT ( * ) SI_UNIT ( $, .STERADIAN. ) SOLID_ANGLE_UNIT ( ) );
#4525 = VERTEX_POINT ( 'NONE', #4438 ) ;
#4526 = DIRECTION ( 'NONE',  ( -0.3420201433256656598, 0.000000000000000000, 0.9396926207859095381 ) ) ;
#4527 = DIRECTION ( 'NONE',  ( 4.037223026264461550E-17, 0.000000000000000000, -1.000000000000000000 ) ) ;
#4528 = DIRECTION ( 'NONE',  ( 0.000000000000000000, 0.000000000000000000, 1.000000000000000000 ) ) ;
#4529 = ADVANCED_FACE ( 'NONE', ( #865 ), #472, .T. ) ;
#4530 = ORIENTED_EDGE ( 'NONE', *, *, #937, .F. ) ;
#4531 = SURFACE_STYLE_USAGE ( .BOTH. , #3861 ) ;
#4532 = FACE_OUTER_BOUND ( 'NONE', #3149, .T. ) ;
#4533 = COLOUR_RGB ( '',0.4941176470588235503, 0.4941176470588235503, 0.4941176470588235503 ) ;
#4534 = CARTESIAN_POINT ( 'NONE',  ( 9.694379107781808003, -2.794000000000000039, -0.4000499999999996281 ) ) ;
#4535 = FILL_AREA_STYLE ('',( #141 ) ) ;
#4536 = CARTESIAN_POINT ( 'NONE',  ( 5.083498816721895075, -2.058358816721816087, -4.336808689942017736E-16 ) ) ;
#4537 =( REPRESENTATION_RELATIONSHIP ('NONE','NONE', #4492, #235 ) REPRESENTATION_RELATIONSHIP_WITH_TRANSFORMATION ( #3151 )SHAPE_REPRESENTATION_RELATIONSHIP( ) );
#4538 = ORIENTED_EDGE ( 'NONE', *, *, #2622, .T. ) ;
#4539 = CARTESIAN_POINT ( 'NONE',  ( 11.12437370778180679, -0.8940799999999999859, -0.5448299999999917098 ) ) ;
#4540 = DIRECTION ( 'NONE',  ( 0.000000000000000000, 0.000000000000000000, 1.000000000000000000 ) ) ;
#4541 = CIRCLE ( 'NONE', #3084, 0.7251700000000131929 ) ;
#4542 =( NAMED_UNIT ( * ) PLANE_ANGLE_UNIT ( ) SI_UNIT ( $, .RADIAN. ) );
#4543 = ORIENTED_EDGE ( 'NONE', *, *, #497, .T. ) ;
#4544 = CARTESIAN_POINT ( 'NONE',  ( 4.614379107781807932, 0.000000000000000000, -0.4000499999999996281 ) ) ;
#4545 = VECTOR ( 'NONE', #1312, 1000.000000000000000 ) ;
#4546 = UNCERTAINTY_MEASURE_WITH_UNIT (LENGTH_MEASURE( 1.000000000000000082E-05 ), #2879, 'distance_accuracy_value', 'NONE');
#4547 =( NAMED_UNIT ( * ) PLANE_ANGLE_UNIT ( ) SI_UNIT ( $, .RADIAN. ) );
#4548 = CARTESIAN_POINT ( 'NONE',  ( 5.591498816721844456, -2.566358816721773906, 0.2975795103144400211 ) ) ;
#4549 = DIRECTION ( 'NONE',  ( -0.000000000000000000, -1.000000000000000000, -0.000000000000000000 ) ) ;
#4550 = APPLICATION_PROTOCOL_DEFINITION ( 'draft international standard', 'automotive_design', 1998, #4286 ) ;
#4551 = ORIENTED_EDGE ( 'NONE', *, *, #1824, .T. ) ;
#4552 = FILL_AREA_STYLE_COLOUR ( '', #1965 ) ;
#4553 = DIRECTION ( 'NONE',  ( -1.000000000000000000, 8.537024980201613834E-15, -4.037223026264461550E-17 ) ) ;
#4554 = ORIENTED_EDGE ( 'NONE', *, *, #836, .T. ) ;
#4555 = MECHANICAL_DESIGN_GEOMETRIC_PRESENTATION_REPRESENTATION (  '', ( #978 ), #1953 ) ;
#4556 = CIRCLE ( 'NONE', #2936, 0.9144000000000095385 ) ;
#4558 = CARTESIAN_POINT ( 'NONE',  ( 5.337498816721841344, 5.053641183278230642, 2.154867312552873637E-16 ) ) ;
#4557 = VECTOR ( 'NONE', #277, 1000.000000000000000 ) ;
#4559 = VECTOR ( 'NONE', #3703, 1000.000000000000000 ) ;
#4560 = PRESENTATION_LAYER_ASSIGNMENT (  '', '', ( #3179 ) ) ;
#4561 =( NAMED_UNIT ( * ) PLANE_ANGLE_UNIT ( ) SI_UNIT ( $, .RADIAN. ) );
#4562 = CARTESIAN_POINT ( 'NONE',  ( 4.914765270083355730, -0.2540000000000336433, 2.295260638690041770E-16 ) ) ;
#4563 = PRESENTATION_LAYER_ASSIGNMENT (  '', '', ( #1741 ) ) ;
#4564 = CARTESIAN_POINT ( 'NONE',  ( 1.136868377216160297E-10, 9.487338751874418101E-17, -0.7746999999085346644 ) ) ;
#4565 = EDGE_CURVE ( 'NONE', #4365, #3193, #2602, .T. ) ;
#4566 = EDGE_LOOP ( 'NONE', ( #4330, #488, #693, #1317 ) ) ;
#4567 = VECTOR ( 'NONE', #1231, 1000.000000000000000 ) ;
#4568 = DIRECTION ( 'NONE',  ( -0.9396926207859092051, 0.000000000000000000, 0.3420201433256664925 ) ) ;
#4569 = EDGE_CURVE ( 'NONE', #2681, #1883, #793, .T. ) ;
#4570 = FACE_OUTER_BOUND ( 'NONE', #3433, .T. ) ;
#4571 = EDGE_CURVE ( 'NONE', #2198, #2812, #3455, .T. ) ;
#4572 = ORIENTED_EDGE ( 'NONE', *, *, #2578, .T. ) ;
#4573 = FILL_AREA_STYLE ('',( #3443 ) ) ;
#4575 = PRESENTATION_STYLE_ASSIGNMENT (( #2754 ) ) ;
#4574 =( NAMED_UNIT ( * ) PLANE_ANGLE_UNIT ( ) SI_UNIT ( $, .RADIAN. ) );
#4576 = CARTESIAN_POINT ( 'NONE',  ( 4.676140000000003738, 0.000000000000000000, 0.2540000000000609548 ) ) ;
#4577 = DIRECTION ( 'NONE',  ( 0.3420201433256663259, 0.000000000000000000, 0.9396926207859092051 ) ) ;
#4578 = EDGE_LOOP ( 'NONE', ( #1437, #2671, #1765, #3817 ) ) ;
#4579 = SURFACE_STYLE_FILL_AREA ( #1289 ) ;
#4580 = MECHANICAL_DESIGN_GEOMETRIC_PRESENTATION_REPRESENTATION (  '', ( #3733 ), #2273 ) ;
#4581 = VERTEX_POINT ( 'NONE', #3289 ) ;
#4582 = SURFACE_SIDE_STYLE ('',( #2319 ) ) ;
#4583 = CARTESIAN_POINT ( 'NONE',  ( 4.676140000000001962, 0.2540000000000883218, -0.5080000000001215765 ) ) ;
#4584 = LINE ( 'NONE', #174, #227 ) ;
#4585 = CARTESIAN_POINT ( 'NONE',  ( 5.591498816721848009, -2.058358816721815643, -0.5079999999999526006 ) ) ;
#4586 = PRODUCT_DEFINITION_SHAPE ( 'NONE', 'NONE',  #3227 ) ;
#4587 =( LENGTH_UNIT ( ) NAMED_UNIT ( * ) SI_UNIT ( .MILLI., .METRE. ) );
#4588 = CARTESIAN_POINT ( 'NONE',  ( 9.548772815563612681, 3.252606517456513302E-16, -1.151964808265848461E-16 ) ) ;
#4589 = EDGE_LOOP ( 'NONE', ( #2797, #2669 ) ) ;
#4590 = LINE ( 'NONE', #4544, #196 ) ;
#4591 = EDGE_CURVE ( 'NONE', #2691, #677, #1329, .T. ) ;
#4592 = UNCERTAINTY_MEASURE_WITH_UNIT (LENGTH_MEASURE( 1.000000000000000082E-05 ), #2880, 'distance_accuracy_value', 'NONE');
#4593 = CARTESIAN_POINT ( 'NONE',  ( 4.934368307781808127, -2.794000000000000039, -0.4000499999999996281 ) ) ;
#4595 = CARTESIAN_POINT ( 'NONE',  ( 3.469446951953614189E-15, 0.000000000000000000, -0.4000499999999999057 ) ) ;
#4594 =( LENGTH_UNIT ( ) NAMED_UNIT ( * ) SI_UNIT ( .MILLI., .METRE. ) );
#4596 = COLOUR_RGB ( '',0.4941176470588235503, 0.4941176470588235503, 0.4941176470588235503 ) ;
#4597 = ORIENTED_EDGE ( 'NONE', *, *, #3570, .F. ) ;
#4598 = CARTESIAN_POINT ( 'NONE',  ( 0.000000000000000000, 0.000000000000000000, 0.5461000000000006960 ) ) ;
#4599 = ORIENTED_EDGE ( 'NONE', *, *, #2364, .T. ) ;
#4600 = FILL_AREA_STYLE ('',( #3039 ) ) ;
#4601 = VECTOR ( 'NONE', #1640, 1000.000000000000000 ) ;
#4602 = STYLED_ITEM ( 'NONE', ( #4629 ), #4674 ) ;
#4603 = PRESENTATION_STYLE_ASSIGNMENT (( #2347 ) ) ;
#4604 = EDGE_LOOP ( 'NONE', ( #27, #2482, #4655, #1084 ) ) ;
#4605 = FILL_AREA_STYLE_COLOUR ( '', #848 ) ;
#4606 = AXIS2_PLACEMENT_3D ( 'NONE', #3518, #2842, #3567 ) ;
#4607 = CARTESIAN_POINT ( 'NONE',  ( 4.676140000000003738, 0.000000000000000000, 0.000000000000000000 ) ) ;
#4608 = AXIS2_PLACEMENT_3D ( 'NONE', #3782, #4428, #1620 ) ;
#4609 = DIRECTION ( 'NONE',  ( 0.000000000000000000, 0.000000000000000000, 1.000000000000000000 ) ) ;
#4610 = DIRECTION ( 'NONE',  ( -1.000000000000000000, -0.000000000000000000, -0.000000000000000000 ) ) ;
#4611 = LINE ( 'NONE', #3873, #2722 ) ;
#4612 =( NAMED_UNIT ( * ) PLANE_ANGLE_UNIT ( ) SI_UNIT ( $, .RADIAN. ) );
#4613 = ADVANCED_FACE ( 'NONE', ( #2922 ), #4138, .F. ) ;
#4614 = VERTEX_POINT ( 'NONE', #639 ) ;
#4615 = PLANE ( 'NONE',  #59 ) ;
#4616 = CONICAL_SURFACE ( 'NONE', #1651, 0.7391399999789882713, 0.2617993878337521174 ) ;
#4617 = FACE_OUTER_BOUND ( 'NONE', #2074, .T. ) ;
#4618 = LINE ( 'NONE', #1360, #3333 ) ;
#4619 = ORIENTED_EDGE ( 'NONE', *, *, #1333, .T. ) ;
#4620 = PRESENTATION_LAYER_ASSIGNMENT (  '', '', ( #415 ) ) ;
#4621 = PRESENTATION_LAYER_ASSIGNMENT (  '', '', ( #4379 ) ) ;
#4622 =( LENGTH_UNIT ( ) NAMED_UNIT ( * ) SI_UNIT ( .MILLI., .METRE. ) );
#4623 = STYLED_ITEM ( 'NONE', ( #3673 ), #4462 ) ;
#4624 = CARTESIAN_POINT ( 'NONE',  ( 9.694379107781808003, -2.794000000000000039, -0.4000499999999996281 ) ) ;
#4625 = MECHANICAL_DESIGN_GEOMETRIC_PRESENTATION_REPRESENTATION (  '', ( #3005 ), #118 ) ;
#4626 = VERTEX_POINT ( 'NONE', #2399 ) ;
#4627 = EDGE_CURVE ( 'NONE', #3743, #2732, #1695, .T. ) ;
#4628 = FILL_AREA_STYLE_COLOUR ( '', #4533 ) ;
#4629 = PRESENTATION_STYLE_ASSIGNMENT (( #2060 ) ) ;
#4630 = PRESENTATION_LAYER_ASSIGNMENT (  '', '', ( #1116 ) ) ;
#4631 = DIRECTION ( 'NONE',  ( -1.000000000000000000, -0.000000000000000000, -0.000000000000000000 ) ) ;
#4632 = DIRECTION ( 'NONE',  ( 1.000000000000000000, 0.000000000000000000, 0.000000000000000000 ) ) ;
#4633 = AXIS2_PLACEMENT_3D ( 'NONE', #1842, #1182, #1567 ) ;
#4634 = DIRECTION ( 'NONE',  ( -0.000000000000000000, 1.000000000000000000, -0.000000000000000000 ) ) ;
#4635 = COLOUR_RGB ( '',0.4941176470588235503, 0.4941176470588235503, 0.4941176470588235503 ) ;
#4636 = MECHANICAL_DESIGN_GEOMETRIC_PRESENTATION_REPRESENTATION (  '', ( #2338 ), #274 ) ;
#4637 = STYLED_ITEM ( 'NONE', ( #3119 ), #3323 ) ;
#4638 = DIRECTION ( 'NONE',  ( 1.000000000000000000, 0.000000000000000000, -1.355298456929802892E-15 ) ) ;
#4639 = EDGE_LOOP ( 'NONE', ( #4514, #3406, #4112, #397 ) ) ;
#4640 =( GEOMETRIC_REPRESENTATION_CONTEXT ( 3 ) GLOBAL_UNCERTAINTY_ASSIGNED_CONTEXT ( ( #2439 ) ) GLOBAL_UNIT_ASSIGNED_CONTEXT ( ( #955, #679, #2025 ) ) REPRESENTATION_CONTEXT ( 'NONE', 'WORKASPACE' ) );
#4641 = ORIENTED_EDGE ( 'NONE', *, *, #1440, .T. ) ;
#4642 = UNCERTAINTY_MEASURE_WITH_UNIT (LENGTH_MEASURE( 1.000000000000000082E-05 ), #3181, 'distance_accuracy_value', 'NONE');
#4643 =( NAMED_UNIT ( * ) PLANE_ANGLE_UNIT ( ) SI_UNIT ( $, .RADIAN. ) );
#4644 = LINE ( 'NONE', #3953, #4397 ) ;
#4645 = ORIENTED_EDGE ( 'NONE', *, *, #147, .F. ) ;
#4646 = DIRECTION ( 'NONE',  ( 0.000000000000000000, 0.000000000000000000, 1.000000000000000000 ) ) ;
#4647 = FILL_AREA_STYLE_COLOUR ( '', #561 ) ;
#4648 = APPLICATION_PROTOCOL_DEFINITION ( 'draft international standard', 'automotive_design', 1998, #2395 ) ;
#4649 = PLANE ( 'NONE',  #1923 ) ;
#4650 = MECHANICAL_DESIGN_GEOMETRIC_PRESENTATION_REPRESENTATION (  '', ( #1381 ), #1325 ) ;
#4651 = ORIENTED_EDGE ( 'NONE', *, *, #836, .F. ) ;
#4652 = FACE_OUTER_BOUND ( 'NONE', #2234, .T. ) ;
#4653 = CARTESIAN_POINT ( 'NONE',  ( 4.934368307781808127, -2.794000000000000039, -2.139949999999988695 ) ) ;
#4654 = EDGE_CURVE ( 'NONE', #2812, #3090, #4267, .T. ) ;
#4655 = ORIENTED_EDGE ( 'NONE', *, *, #1082, .F. ) ;
#4656 = PLANE ( 'NONE',  #1005 ) ;
#4657 = DIRECTION ( 'NONE',  ( 0.000000000000000000, -1.000000000000000000, 0.000000000000000000 ) ) ;
#4658 = FACE_OUTER_BOUND ( 'NONE', #1888, .T. ) ;
#4659 = PRESENTATION_STYLE_ASSIGNMENT (( #1717 ) ) ;
#4660 = SURFACE_STYLE_FILL_AREA ( #2528 ) ;
#4661 = ORIENTED_EDGE ( 'NONE', *, *, #4565, .F. ) ;
#4662 = ORIENTED_EDGE ( 'NONE', *, *, #1034, .T. ) ;
#4663 = DIRECTION ( 'NONE',  ( -0.000000000000000000, 1.000000000000000000, -0.000000000000000000 ) ) ;
#4664 = VECTOR ( 'NONE', #715, 1000.000000000000000 ) ;
#4665 = SURFACE_STYLE_USAGE ( .BOTH. , #3127 ) ;
#4666 = CARTESIAN_POINT ( 'NONE',  ( 8.584373707781805862, -0.8940799999999984315, -1.270000000000004903 ) ) ;
#4667 = ORIENTED_EDGE ( 'NONE', *, *, #3514, .T. ) ;
#4668 = DIRECTION ( 'NONE',  ( -0.000000000000000000, 1.000000000000000000, -0.000000000000000000 ) ) ;
#4669 = FACE_OUTER_BOUND ( 'NONE', #4121, .T. ) ;
#4670 = EDGE_CURVE ( 'NONE', #2235, #3690, #1609, .T. ) ;
#4672 = PLANE ( 'NONE',  #4606 ) ;
#4671 = CARTESIAN_POINT ( 'NONE',  ( 1.549400000044443004, 0.000000000000000000, 0.000000000000000000 ) ) ;
#4673 = EDGE_CURVE ( 'NONE', #1856, #2238, #2537, .T. ) ;
#4674 = ADVANCED_FACE ( 'NONE', ( #4676 ), #3767, .F. ) ;
#4675 = DIRECTION ( 'NONE',  ( -1.000000000000000000, 0.000000000000000000, 0.000000000000000000 ) ) ;
#4676 = FACE_OUTER_BOUND ( 'NONE', #3030, .T. ) ;
#4677 = PRODUCT_DEFINITION_CONTEXT ( 'detailed design', #1438, 'design' ) ;
#4678 = ORIENTED_EDGE ( 'NONE', *, *, #2417, .F. ) ;
#4679 = EDGE_CURVE ( 'NONE', #3698, #3273, #2079, .T. ) ;
#4680 = LINE ( 'NONE', #268, #3202 ) ;
#4681 = VECTOR ( 'NONE', #3492, 1000.000000000000114 ) ;
#4682 =( GEOMETRIC_REPRESENTATION_CONTEXT ( 3 ) GLOBAL_UNCERTAINTY_ASSIGNED_CONTEXT ( ( #2806 ) ) GLOBAL_UNIT_ASSIGNED_CONTEXT ( ( #846, #1854, #1560 ) ) REPRESENTATION_CONTEXT ( 'NONE', 'WORKASPACE' ) );
#4683 = CARTESIAN_POINT ( 'NONE',  ( 7.474368307781808163, -2.794000000000000039, -0.4000499999999996281 ) ) ;
#4684 = LINE ( 'NONE', #4311, #1282 ) ;
#4685 = PRODUCT_DEFINITION_FORMATION_WITH_SPECIFIED_SOURCE ( 'ANY', '', #341, .NOT_KNOWN. ) ;
#4686 =( LENGTH_UNIT ( ) NAMED_UNIT ( * ) SI_UNIT ( .MILLI., .METRE. ) );
#4687 = ORIENTED_EDGE ( 'NONE', *, *, #1809, .T. ) ;
#4688 = ORIENTED_EDGE ( 'NONE', *, *, #2422, .F. ) ;
#4689 = CONICAL_SURFACE ( 'NONE', #3226, 0.5461000000082094630, 1.029744258650766353 ) ;
#4690 = SURFACE_SIDE_STYLE ('',( #3220 ) ) ;
#4691 = ORIENTED_EDGE ( 'NONE', *, *, #501, .T. ) ;
#4692 = DIRECTION ( 'NONE',  ( -1.000000000000000000, -0.000000000000000000, -0.000000000000000000 ) ) ;
#4693 = SURFACE_STYLE_USAGE ( .BOTH. , #2218 ) ;
#4694 =( REPRESENTATION_RELATIONSHIP ('NONE','NONE', #4492, #235 ) REPRESENTATION_RELATIONSHIP_WITH_TRANSFORMATION ( #2034 )SHAPE_REPRESENTATION_RELATIONSHIP( ) );
#4695 = UNCERTAINTY_MEASURE_WITH_UNIT (LENGTH_MEASURE( 1.000000000000000082E-05 ), #401, 'distance_accuracy_value', 'NONE');
#4697 = FACE_OUTER_BOUND ( 'NONE', #3961, .T. ) ;
#4696 = LINE ( 'NONE', #3589, #2920 ) ;
#4698 = FILL_AREA_STYLE_COLOUR ( '', #3086 ) ;
#4699 = SURFACE_SIDE_STYLE ('',( #3228 ) ) ;
#4700 = VERTEX_POINT ( 'NONE', #1320 ) ;
#4701 = PRESENTATION_LAYER_ASSIGNMENT (  '', '', ( #339 ) ) ;
#4702 = MECHANICAL_DESIGN_GEOMETRIC_PRESENTATION_REPRESENTATION (  '', ( #1942 ), #2405 ) ;
#4703 = CIRCLE ( 'NONE', #2640, 0.2540000000000526836 ) ;
#4704 =( GEOMETRIC_REPRESENTATION_CONTEXT ( 3 ) GLOBAL_UNCERTAINTY_ASSIGNED_CONTEXT ( ( #1993 ) ) GLOBAL_UNIT_ASSIGNED_CONTEXT ( ( #3770, #3100, #2277 ) ) REPRESENTATION_CONTEXT ( 'NONE', 'WORKASPACE' ) );
#4705 = DIRECTION ( 'NONE',  ( 0.000000000000000000, -0.000000000000000000, -1.000000000000000000 ) ) ;
#4706 = LINE ( 'NONE', #721, #3836 ) ;
#4707 =( GEOMETRIC_REPRESENTATION_CONTEXT ( 3 ) GLOBAL_UNCERTAINTY_ASSIGNED_CONTEXT ( ( #3299 ) ) GLOBAL_UNIT_ASSIGNED_CONTEXT ( ( #1103, #1211, #3297 ) ) REPRESENTATION_CONTEXT ( 'NONE', 'WORKASPACE' ) );
#4708 = SURFACE_STYLE_USAGE ( .BOTH. , #22 ) ;
#4709 = ADVANCED_FACE ( 'N', ( #3522 ), #2759, .F. ) ;
#4710 = CARTESIAN_POINT ( 'NONE',  ( 6.044373707781806715, -0.8940799999999984315, -1.270000000000004903 ) ) ;
#4711 = ORIENTED_EDGE ( 'NONE', *, *, #2807, .F. ) ;
#4712 = VECTOR ( 'NONE', #945, 1000.000000000000000 ) ;
#4713 = ORIENTED_EDGE ( 'NONE', *, *, #173, .F. ) ;
#4714 = CIRCLE ( 'NONE', #54, 0.2540000000000526836 ) ;
#4715 = SURFACE_STYLE_FILL_AREA ( #3244 ) ;
#4716 = ADVANCED_FACE ( 'NONE', ( #1484 ), #1143, .T. ) ;
#4717 = AXIS2_PLACEMENT_3D ( 'NONE', #90, #418, #2210 ) ;
#4718 = EDGE_CURVE ( 'NONE', #3423, #1883, #3331, .T. ) ;
#4719 = CARTESIAN_POINT ( 'NONE',  ( 11.12437370778180679, -0.8940799999999999859, -1.270000000000004903 ) ) ;
#4720 = VERTEX_POINT ( 'NONE', #1112 ) ;
#4721 = FILL_AREA_STYLE ('',( #3563 ) ) ;
#4722 = VERTEX_POINT ( 'NONE', #1462 ) ;
#4723 = NEXT_ASSEMBLY_USAGE_OCCURRENCE ( 'NAUO1', ' ', ' ', #3887, #4430, $ ) ;
#4724 = NEXT_ASSEMBLY_USAGE_OCCURRENCE ( 'NAUO2', ' ', ' ', #3887, #3227, $ ) ;
#4725 = NEXT_ASSEMBLY_USAGE_OCCURRENCE ( 'NAUO3', ' ', ' ', #3887, #3227, $ ) ;
#4726 = NEXT_ASSEMBLY_USAGE_OCCURRENCE ( 'NAUO4', ' ', ' ', #3887, #3227, $ ) ;
#4727 = NEXT_ASSEMBLY_USAGE_OCCURRENCE ( 'NAUO5', ' ', ' ', #3887, #3227, $ ) ;
#4728 = NEXT_ASSEMBLY_USAGE_OCCURRENCE ( 'NAUO6', ' ', ' ', #3887, #3227, $ ) ;
ENDSEC;
END-ISO-10303-21;
