ISO-10303-21;
HEADER;
/* Generated by software containing ST-Developer
 * from STEP Tools, Inc. (www.steptools.com) 
 */

FILE_DESCRIPTION(
/* description */ (''),
/* implementation_level */ '2;1');

FILE_NAME(
/* name */ '1.00u (Concave).step',
/* time_stamp */ '2025-07-02T15:46:16-04:00',
/* author */ (''),
/* organization */ (''),
/* preprocessor_version */ 'ST-DEVELOPER v20.1',
/* originating_system */ 'Autodesk Translation Framework v14.10.0.0',
/* authorisation */ '');

FILE_SCHEMA (('AUTOMOTIVE_DESIGN { 1 0 10303 214 3 1 1 }'));
ENDSEC;

DATA;
#10=MECHANICAL_DESIGN_GEOMETRIC_PRESENTATION_REPRESENTATION('',(#13),#4584);
#11=SHAPE_REPRESENTATION_RELATIONSHIP('SRR','None',#4591,#12);
#12=ADVANCED_BREP_SHAPE_REPRESENTATION('',(#14),#4583);
#13=STYLED_ITEM('',(#4600),#14);
#14=MANIFOLD_SOLID_BREP('1.00u (Concave)',#1382);
#15=SPHERICAL_SURFACE('',#1443,25.);
#16=CYLINDRICAL_SURFACE('',#1426,2.8);
#17=CIRCLE('',#1416,2.8);
#18=CIRCLE('',#1425,2.8);
#19=CIRCLE('',#1427,1.);
#20=CIRCLE('',#1428,0.999999999999995);
#21=CIRCLE('',#1429,1.);
#22=CIRCLE('',#1430,0.999999999999999);
#23=CIRCLE('',#1431,1.);
#24=CIRCLE('',#1432,0.999999999999998);
#25=CIRCLE('',#1433,1.);
#26=CIRCLE('',#1434,1.);
#27=CIRCLE('',#1435,0.999999999999999);
#28=CIRCLE('',#1436,0.999999999999998);
#29=CIRCLE('',#1437,0.999999999999999);
#30=CIRCLE('',#1438,0.999999999999999);
#31=CIRCLE('',#1439,0.999999999999999);
#32=CIRCLE('',#1440,1.);
#33=CIRCLE('',#1441,1.);
#34=CIRCLE('',#1442,1.);
#35=CIRCLE('',#1444,25.);
#36=FACE_BOUND('',#304,.T.);
#37=FACE_BOUND('',#324,.T.);
#38=FACE_BOUND('',#333,.T.);
#39=LINE('',#2768,#104);
#40=LINE('',#2786,#105);
#41=LINE('',#2804,#106);
#42=LINE('',#2822,#107);
#43=LINE('',#2833,#108);
#44=LINE('',#2835,#109);
#45=LINE('',#2837,#110);
#46=LINE('',#2838,#111);
#47=LINE('',#2841,#112);
#48=LINE('',#2843,#113);
#49=LINE('',#2844,#114);
#50=LINE('',#2847,#115);
#51=LINE('',#2849,#116);
#52=LINE('',#2850,#117);
#53=LINE('',#2854,#118);
#54=LINE('',#2856,#119);
#55=LINE('',#2858,#120);
#56=LINE('',#2859,#121);
#57=LINE('',#2862,#122);
#58=LINE('',#2864,#123);
#59=LINE('',#2865,#124);
#60=LINE('',#2868,#125);
#61=LINE('',#2870,#126);
#62=LINE('',#2871,#127);
#63=LINE('',#2874,#128);
#64=LINE('',#2876,#129);
#65=LINE('',#2877,#130);
#66=LINE('',#2879,#131);
#67=LINE('',#2880,#132);
#68=LINE('',#2883,#133);
#69=LINE('',#2885,#134);
#70=LINE('',#2886,#135);
#71=LINE('',#2889,#136);
#72=LINE('',#2891,#137);
#73=LINE('',#2892,#138);
#74=LINE('',#2895,#139);
#75=LINE('',#2897,#140);
#76=LINE('',#2898,#141);
#77=LINE('',#2900,#142);
#78=LINE('',#2901,#143);
#79=LINE('',#2904,#144);
#80=LINE('',#2906,#145);
#81=LINE('',#2907,#146);
#82=LINE('',#2910,#147);
#83=LINE('',#2911,#148);
#84=LINE('',#2914,#149);
#85=LINE('',#2915,#150);
#86=LINE('',#2918,#151);
#87=LINE('',#2919,#152);
#88=LINE('',#2922,#153);
#89=LINE('',#2923,#154);
#90=LINE('',#2926,#155);
#91=LINE('',#2927,#156);
#92=LINE('',#2933,#157);
#93=LINE('',#2935,#158);
#94=LINE('',#2937,#159);
#95=LINE('',#2939,#160);
#96=LINE('',#2941,#161);
#97=LINE('',#2942,#162);
#98=LINE('',#2944,#163);
#99=LINE('',#2946,#164);
#100=LINE('',#2948,#165);
#101=LINE('',#2950,#166);
#102=LINE('',#2952,#167);
#103=LINE('',#3254,#168);
#104=VECTOR('',#1449,10.);
#105=VECTOR('',#1450,10.);
#106=VECTOR('',#1451,10.);
#107=VECTOR('',#1452,10.);
#108=VECTOR('',#1455,10.);
#109=VECTOR('',#1456,10.);
#110=VECTOR('',#1457,10.);
#111=VECTOR('',#1458,10.);
#112=VECTOR('',#1461,10.);
#113=VECTOR('',#1462,10.);
#114=VECTOR('',#1463,10.);
#115=VECTOR('',#1466,10.);
#116=VECTOR('',#1467,10.);
#117=VECTOR('',#1468,10.);
#118=VECTOR('',#1471,10.);
#119=VECTOR('',#1472,10.);
#120=VECTOR('',#1473,10.);
#121=VECTOR('',#1474,10.);
#122=VECTOR('',#1477,10.);
#123=VECTOR('',#1478,10.);
#124=VECTOR('',#1479,10.);
#125=VECTOR('',#1482,10.);
#126=VECTOR('',#1483,10.);
#127=VECTOR('',#1484,10.);
#128=VECTOR('',#1487,10.);
#129=VECTOR('',#1488,10.);
#130=VECTOR('',#1489,10.);
#131=VECTOR('',#1492,10.);
#132=VECTOR('',#1493,10.);
#133=VECTOR('',#1496,10.);
#134=VECTOR('',#1497,10.);
#135=VECTOR('',#1498,10.);
#136=VECTOR('',#1501,10.);
#137=VECTOR('',#1502,10.);
#138=VECTOR('',#1503,10.);
#139=VECTOR('',#1506,10.);
#140=VECTOR('',#1507,10.);
#141=VECTOR('',#1508,10.);
#142=VECTOR('',#1511,10.);
#143=VECTOR('',#1512,10.);
#144=VECTOR('',#1515,10.);
#145=VECTOR('',#1516,10.);
#146=VECTOR('',#1517,10.);
#147=VECTOR('',#1520,10.);
#148=VECTOR('',#1521,10.);
#149=VECTOR('',#1524,10.);
#150=VECTOR('',#1525,10.);
#151=VECTOR('',#1528,10.);
#152=VECTOR('',#1529,10.);
#153=VECTOR('',#1532,10.);
#154=VECTOR('',#1533,10.);
#155=VECTOR('',#1536,10.);
#156=VECTOR('',#1537,10.);
#157=VECTOR('',#1544,10.);
#158=VECTOR('',#1545,10.);
#159=VECTOR('',#1546,10.);
#160=VECTOR('',#1547,10.);
#161=VECTOR('',#1548,10.);
#162=VECTOR('',#1549,10.);
#163=VECTOR('',#1552,10.);
#164=VECTOR('',#1555,10.);
#165=VECTOR('',#1558,10.);
#166=VECTOR('',#1561,10.);
#167=VECTOR('',#1564,10.);
#168=VECTOR('',#1573,2.8);
#169=PLANE('',#1396);
#170=PLANE('',#1397);
#171=PLANE('',#1398);
#172=PLANE('',#1399);
#173=PLANE('',#1400);
#174=PLANE('',#1401);
#175=PLANE('',#1402);
#176=PLANE('',#1403);
#177=PLANE('',#1404);
#178=PLANE('',#1405);
#179=PLANE('',#1406);
#180=PLANE('',#1407);
#181=PLANE('',#1408);
#182=PLANE('',#1409);
#183=PLANE('',#1410);
#184=PLANE('',#1411);
#185=PLANE('',#1412);
#186=PLANE('',#1413);
#187=PLANE('',#1414);
#188=PLANE('',#1415);
#189=PLANE('',#1417);
#190=PLANE('',#1418);
#191=PLANE('',#1419);
#192=PLANE('',#1420);
#193=PLANE('',#1421);
#194=PLANE('',#1422);
#195=PLANE('',#1423);
#196=PLANE('',#1424);
#197=(
BOUNDED_SURFACE()
B_SPLINE_SURFACE(5,1,((#2554,#2555),(#2556,#2557),(#2558,#2559),(#2560,
#2561),(#2562,#2563),(#2564,#2565),(#2566,#2567),(#2568,#2569),(#2570,#2571),
(#2572,#2573)),.UNSPECIFIED.,.F.,.F.,.F.)
B_SPLINE_SURFACE_WITH_KNOTS((6,1,1,1,1,6),(2,2),(-1.,-0.8,-0.6,-0.4,-0.2,
0.),(-1.,1.),.UNSPECIFIED.)
GEOMETRIC_REPRESENTATION_ITEM()
RATIONAL_B_SPLINE_SURFACE(((1.,1.),(1.,1.),(1.,1.),(1.,1.),(1.,1.),(1.,
1.),(1.,1.),(1.,1.),(1.,1.),(1.,1.)))
REPRESENTATION_ITEM('')
SURFACE()
);
#198=(
BOUNDED_SURFACE()
B_SPLINE_SURFACE(5,1,((#2693,#2694),(#2695,#2696),(#2697,#2698),(#2699,
#2700),(#2701,#2702),(#2703,#2704),(#2705,#2706),(#2707,#2708),(#2709,#2710),
(#2711,#2712)),.UNSPECIFIED.,.F.,.F.,.F.)
B_SPLINE_SURFACE_WITH_KNOTS((6,1,1,1,1,6),(2,2),(-1.,-0.8,-0.6,-0.4,-0.2,
0.),(-1.,1.),.UNSPECIFIED.)
GEOMETRIC_REPRESENTATION_ITEM()
RATIONAL_B_SPLINE_SURFACE(((1.,1.),(1.,1.),(1.,1.),(1.,1.),(1.,1.),(1.,
1.),(1.,1.),(1.,1.),(1.,1.),(1.,1.)))
REPRESENTATION_ITEM('')
SURFACE()
);
#199=(
BOUNDED_SURFACE()
B_SPLINE_SURFACE(5,2,((#3990,#3991,#3992,#3993,#3994,#3995,#3996,#3997,
#3998,#3999,#4000),(#4001,#4002,#4003,#4004,#4005,#4006,#4007,#4008,#4009,
#4010,#4011),(#4012,#4013,#4014,#4015,#4016,#4017,#4018,#4019,#4020,#4021,
#4022),(#4023,#4024,#4025,#4026,#4027,#4028,#4029,#4030,#4031,#4032,#4033),
(#4034,#4035,#4036,#4037,#4038,#4039,#4040,#4041,#4042,#4043,#4044),(#4045,
#4046,#4047,#4048,#4049,#4050,#4051,#4052,#4053,#4054,#4055),(#4056,#4057,
#4058,#4059,#4060,#4061,#4062,#4063,#4064,#4065,#4066),(#4067,#4068,#4069,
#4070,#4071,#4072,#4073,#4074,#4075,#4076,#4077),(#4078,#4079,#4080,#4081,
#4082,#4083,#4084,#4085,#4086,#4087,#4088),(#4089,#4090,#4091,#4092,#4093,
#4094,#4095,#4096,#4097,#4098,#4099)),.UNSPECIFIED.,.F.,.T.,.F.)
B_SPLINE_SURFACE_WITH_KNOTS((6,1,1,1,1,6),(3,2,2,2,2,3),(0.,0.2,0.4,0.6,
0.8,0.950696702806387),(6.2792849060828,6.28318530717959,7.85398163397448,
9.42477796076938,10.9955742875643,12.5624702132624),.UNSPECIFIED.)
GEOMETRIC_REPRESENTATION_ITEM()
RATIONAL_B_SPLINE_SURFACE(((0.998549061583702,0.999272724915118,1.,0.707106781186548,
1.,0.707106781186548,1.,0.707106781186548,1.,0.707834056271429,0.998549061583702),
(0.998549061583702,0.999272724915118,1.,0.707106781186548,1.,0.707106781186548,
1.,0.707106781186548,1.,0.707834056271429,0.998549061583702),(0.998549061583702,
0.999272724915118,1.,0.707106781186548,1.,0.707106781186548,1.,0.707106781186548,
1.,0.707834056271429,0.998549061583702),(0.998549061583702,0.999272724915118,
1.,0.707106781186548,1.,0.707106781186548,1.,0.707106781186548,1.,0.707834056271429,
0.998549061583702),(0.998549061583702,0.999272724915118,1.,0.707106781186548,
1.,0.707106781186548,1.,0.707106781186548,1.,0.707834056271429,0.998549061583702),
(0.998549061583702,0.999272724915118,1.,0.707106781186548,1.,0.707106781186548,
1.,0.707106781186548,1.,0.707834056271429,0.998549061583702),(0.998549061583702,
0.999272724915118,1.,0.707106781186548,1.,0.707106781186548,1.,0.707106781186548,
1.,0.707834056271429,0.998549061583702),(0.998549061583702,0.999272724915118,
1.,0.707106781186548,1.,0.707106781186548,1.,0.707106781186548,1.,0.707834056271429,
0.998549061583702),(0.998549061583702,0.999272724915118,1.,0.707106781186548,
1.,0.707106781186548,1.,0.707106781186548,1.,0.707834056271429,0.998549061583702),
(0.998549061583702,0.999272724915118,1.,0.707106781186548,1.,0.707106781186548,
1.,0.707106781186548,1.,0.707834056271429,0.998549061583702)))
REPRESENTATION_ITEM('')
SURFACE()
);
#200=(
BOUNDED_SURFACE()
B_SPLINE_SURFACE(5,1,((#4184,#4185),(#4186,#4187),(#4188,#4189),(#4190,
#4191),(#4192,#4193),(#4194,#4195),(#4196,#4197),(#4198,#4199),(#4200,#4201),
(#4202,#4203)),.UNSPECIFIED.,.F.,.F.,.F.)
B_SPLINE_SURFACE_WITH_KNOTS((6,1,1,1,1,6),(2,2),(0.,0.2,0.4,0.6,0.8,1.),
(-1.,1.),.UNSPECIFIED.)
GEOMETRIC_REPRESENTATION_ITEM()
RATIONAL_B_SPLINE_SURFACE(((1.,1.),(1.,1.),(1.,1.),(1.,1.),(1.,1.),(1.,
1.),(1.,1.),(1.,1.),(1.,1.),(1.,1.)))
REPRESENTATION_ITEM('')
SURFACE()
);
#201=(
BOUNDED_SURFACE()
B_SPLINE_SURFACE(5,2,((#4204,#4205,#4206,#4207,#4208,#4209,#4210,#4211,
#4212),(#4213,#4214,#4215,#4216,#4217,#4218,#4219,#4220,#4221),(#4222,#4223,
#4224,#4225,#4226,#4227,#4228,#4229,#4230),(#4231,#4232,#4233,#4234,#4235,
#4236,#4237,#4238,#4239),(#4240,#4241,#4242,#4243,#4244,#4245,#4246,#4247,
#4248),(#4249,#4250,#4251,#4252,#4253,#4254,#4255,#4256,#4257),(#4258,#4259,
#4260,#4261,#4262,#4263,#4264,#4265,#4266),(#4267,#4268,#4269,#4270,#4271,
#4272,#4273,#4274,#4275),(#4276,#4277,#4278,#4279,#4280,#4281,#4282,#4283,
#4284),(#4285,#4286,#4287,#4288,#4289,#4290,#4291,#4292,#4293)),
 .UNSPECIFIED.,.F.,.T.,.F.)
B_SPLINE_SURFACE_WITH_KNOTS((6,1,1,1,1,6),(3,2,2,2,3),(0.,0.2,0.4,0.6,0.8,
0.950696702806387),(0.,1.5707963267949,3.14159265358979,4.71238898038469,
6.28318530717959),.UNSPECIFIED.)
GEOMETRIC_REPRESENTATION_ITEM()
RATIONAL_B_SPLINE_SURFACE(((1.,0.707106781186548,1.,0.707106781186548,1.,
0.707106781186548,1.,0.707106781186548,1.),(1.,0.707106781186548,1.,0.707106781186548,
1.,0.707106781186548,1.,0.707106781186548,1.),(1.,0.707106781186548,1.,
0.707106781186548,1.,0.707106781186548,1.,0.707106781186548,1.),(1.,0.707106781186548,
1.,0.707106781186548,1.,0.707106781186548,1.,0.707106781186548,1.),(1.,
0.707106781186548,1.,0.707106781186548,1.,0.707106781186548,1.,0.707106781186548,
1.),(1.,0.707106781186548,1.,0.707106781186548,1.,0.707106781186548,1.,
0.707106781186548,1.),(1.,0.707106781186548,1.,0.707106781186548,1.,0.707106781186548,
1.,0.707106781186548,1.),(1.,0.707106781186548,1.,0.707106781186548,1.,
0.707106781186548,1.,0.707106781186548,1.),(1.,0.707106781186548,1.,0.707106781186548,
1.,0.707106781186548,1.,0.707106781186548,1.),(1.,0.707106781186548,1.,
0.707106781186548,1.,0.707106781186548,1.,0.707106781186548,1.)))
REPRESENTATION_ITEM('')
SURFACE()
);
#202=(
BOUNDED_SURFACE()
B_SPLINE_SURFACE(5,1,((#4301,#4302),(#4303,#4304),(#4305,#4306),(#4307,
#4308),(#4309,#4310),(#4311,#4312),(#4313,#4314),(#4315,#4316),(#4317,#4318),
(#4319,#4320)),.UNSPECIFIED.,.F.,.F.,.F.)
B_SPLINE_SURFACE_WITH_KNOTS((6,1,1,1,1,6),(2,2),(0.,0.2,0.4,0.6,0.8,1.),
(-1.,1.),.UNSPECIFIED.)
GEOMETRIC_REPRESENTATION_ITEM()
RATIONAL_B_SPLINE_SURFACE(((1.,1.),(1.,1.),(1.,1.),(1.,1.),(1.,1.),(1.,
1.),(1.,1.),(1.,1.),(1.,1.),(1.,1.)))
REPRESENTATION_ITEM('')
SURFACE()
);
#203=(
BOUNDED_SURFACE()
B_SPLINE_SURFACE(5,2,((#4401,#4402,#4403,#4404,#4405,#4406,#4407,#4408,
#4409),(#4410,#4411,#4412,#4413,#4414,#4415,#4416,#4417,#4418),(#4419,#4420,
#4421,#4422,#4423,#4424,#4425,#4426,#4427),(#4428,#4429,#4430,#4431,#4432,
#4433,#4434,#4435,#4436),(#4437,#4438,#4439,#4440,#4441,#4442,#4443,#4444,
#4445),(#4446,#4447,#4448,#4449,#4450,#4451,#4452,#4453,#4454),(#4455,#4456,
#4457,#4458,#4459,#4460,#4461,#4462,#4463),(#4464,#4465,#4466,#4467,#4468,
#4469,#4470,#4471,#4472),(#4473,#4474,#4475,#4476,#4477,#4478,#4479,#4480,
#4481),(#4482,#4483,#4484,#4485,#4486,#4487,#4488,#4489,#4490)),
 .UNSPECIFIED.,.F.,.T.,.F.)
B_SPLINE_SURFACE_WITH_KNOTS((6,1,1,1,1,6),(3,2,2,2,3),(0.,0.2,0.4,0.6,0.8,
0.950696702806387),(0.,1.5707963267949,3.14159265358979,4.71238898038469,
6.28318530717959),.UNSPECIFIED.)
GEOMETRIC_REPRESENTATION_ITEM()
RATIONAL_B_SPLINE_SURFACE(((1.,0.707106781186548,1.,0.707106781186548,1.,
0.707106781186548,1.,0.707106781186548,1.),(1.,0.707106781186548,1.,0.707106781186548,
1.,0.707106781186548,1.,0.707106781186548,1.),(1.,0.707106781186548,1.,
0.707106781186548,1.,0.707106781186548,1.,0.707106781186548,1.),(1.,0.707106781186548,
1.,0.707106781186548,1.,0.707106781186548,1.,0.707106781186548,1.),(1.,
0.707106781186548,1.,0.707106781186548,1.,0.707106781186548,1.,0.707106781186548,
1.),(1.,0.707106781186548,1.,0.707106781186548,1.,0.707106781186548,1.,
0.707106781186548,1.),(1.,0.707106781186548,1.,0.707106781186548,1.,0.707106781186548,
1.,0.707106781186548,1.),(1.,0.707106781186548,1.,0.707106781186548,1.,
0.707106781186548,1.,0.707106781186548,1.),(1.,0.707106781186548,1.,0.707106781186548,
1.,0.707106781186548,1.,0.707106781186548,1.),(1.,0.707106781186548,1.,
0.707106781186548,1.,0.707106781186548,1.,0.707106781186548,1.)))
REPRESENTATION_ITEM('')
SURFACE()
);
#204=(
BOUNDED_SURFACE()
B_SPLINE_SURFACE(5,2,((#4491,#4492,#4493,#4494,#4495,#4496,#4497,#4498,
#4499),(#4500,#4501,#4502,#4503,#4504,#4505,#4506,#4507,#4508),(#4509,#4510,
#4511,#4512,#4513,#4514,#4515,#4516,#4517),(#4518,#4519,#4520,#4521,#4522,
#4523,#4524,#4525,#4526),(#4527,#4528,#4529,#4530,#4531,#4532,#4533,#4534,
#4535),(#4536,#4537,#4538,#4539,#4540,#4541,#4542,#4543,#4544),(#4545,#4546,
#4547,#4548,#4549,#4550,#4551,#4552,#4553),(#4554,#4555,#4556,#4557,#4558,
#4559,#4560,#4561,#4562),(#4563,#4564,#4565,#4566,#4567,#4568,#4569,#4570,
#4571),(#4572,#4573,#4574,#4575,#4576,#4577,#4578,#4579,#4580)),
 .UNSPECIFIED.,.F.,.T.,.F.)
B_SPLINE_SURFACE_WITH_KNOTS((6,1,1,1,1,6),(3,2,2,2,3),(0.,0.2,0.4,0.6,0.8,
0.950696702806387),(0.,1.5707963267949,3.14159265358979,4.71238898038469,
6.28318530717959),.UNSPECIFIED.)
GEOMETRIC_REPRESENTATION_ITEM()
RATIONAL_B_SPLINE_SURFACE(((1.,0.707106781186548,1.,0.707106781186548,1.,
0.707106781186548,1.,0.707106781186548,1.),(1.,0.707106781186548,1.,0.707106781186548,
1.,0.707106781186548,1.,0.707106781186548,1.),(1.,0.707106781186548,1.,
0.707106781186548,1.,0.707106781186548,1.,0.707106781186548,1.),(1.,0.707106781186548,
1.,0.707106781186548,1.,0.707106781186548,1.,0.707106781186548,1.),(1.,
0.707106781186548,1.,0.707106781186548,1.,0.707106781186548,1.,0.707106781186548,
1.),(1.,0.707106781186548,1.,0.707106781186548,1.,0.707106781186548,1.,
0.707106781186548,1.),(1.,0.707106781186548,1.,0.707106781186548,1.,0.707106781186548,
1.,0.707106781186548,1.),(1.,0.707106781186548,1.,0.707106781186548,1.,
0.707106781186548,1.,0.707106781186548,1.),(1.,0.707106781186548,1.,0.707106781186548,
1.,0.707106781186548,1.,0.707106781186548,1.),(1.,0.707106781186548,1.,
0.707106781186548,1.,0.707106781186548,1.,0.707106781186548,1.)))
REPRESENTATION_ITEM('')
SURFACE()
);
#205=FACE_OUTER_BOUND('',#287,.T.);
#206=FACE_OUTER_BOUND('',#288,.T.);
#207=FACE_OUTER_BOUND('',#289,.T.);
#208=FACE_OUTER_BOUND('',#290,.T.);
#209=FACE_OUTER_BOUND('',#291,.T.);
#210=FACE_OUTER_BOUND('',#292,.T.);
#211=FACE_OUTER_BOUND('',#293,.T.);
#212=FACE_OUTER_BOUND('',#294,.T.);
#213=FACE_OUTER_BOUND('',#295,.T.);
#214=FACE_OUTER_BOUND('',#296,.T.);
#215=FACE_OUTER_BOUND('',#297,.T.);
#216=FACE_OUTER_BOUND('',#298,.T.);
#217=FACE_OUTER_BOUND('',#299,.T.);
#218=FACE_OUTER_BOUND('',#300,.T.);
#219=FACE_OUTER_BOUND('',#301,.T.);
#220=FACE_OUTER_BOUND('',#302,.T.);
#221=FACE_OUTER_BOUND('',#303,.T.);
#222=FACE_OUTER_BOUND('',#305,.T.);
#223=FACE_OUTER_BOUND('',#306,.T.);
#224=FACE_OUTER_BOUND('',#307,.T.);
#225=FACE_OUTER_BOUND('',#308,.T.);
#226=FACE_OUTER_BOUND('',#309,.T.);
#227=FACE_OUTER_BOUND('',#310,.T.);
#228=FACE_OUTER_BOUND('',#311,.T.);
#229=FACE_OUTER_BOUND('',#312,.T.);
#230=FACE_OUTER_BOUND('',#313,.T.);
#231=FACE_OUTER_BOUND('',#314,.T.);
#232=FACE_OUTER_BOUND('',#315,.T.);
#233=FACE_OUTER_BOUND('',#316,.T.);
#234=FACE_OUTER_BOUND('',#317,.T.);
#235=FACE_OUTER_BOUND('',#318,.T.);
#236=FACE_OUTER_BOUND('',#319,.T.);
#237=FACE_OUTER_BOUND('',#320,.T.);
#238=FACE_OUTER_BOUND('',#321,.T.);
#239=FACE_OUTER_BOUND('',#322,.T.);
#240=FACE_OUTER_BOUND('',#323,.T.);
#241=FACE_OUTER_BOUND('',#325,.T.);
#242=FACE_OUTER_BOUND('',#326,.T.);
#243=FACE_OUTER_BOUND('',#327,.T.);
#244=FACE_OUTER_BOUND('',#328,.T.);
#245=FACE_OUTER_BOUND('',#329,.T.);
#246=FACE_OUTER_BOUND('',#330,.T.);
#247=FACE_OUTER_BOUND('',#331,.T.);
#248=FACE_OUTER_BOUND('',#332,.T.);
#249=FACE_OUTER_BOUND('',#334,.T.);
#250=FACE_OUTER_BOUND('',#335,.T.);
#251=FACE_OUTER_BOUND('',#336,.T.);
#252=FACE_OUTER_BOUND('',#337,.T.);
#253=FACE_OUTER_BOUND('',#338,.T.);
#254=FACE_OUTER_BOUND('',#339,.T.);
#255=FACE_OUTER_BOUND('',#340,.T.);
#256=FACE_OUTER_BOUND('',#341,.T.);
#257=FACE_OUTER_BOUND('',#342,.T.);
#258=FACE_OUTER_BOUND('',#343,.T.);
#259=FACE_OUTER_BOUND('',#344,.T.);
#260=FACE_OUTER_BOUND('',#345,.T.);
#261=FACE_OUTER_BOUND('',#346,.T.);
#262=FACE_OUTER_BOUND('',#347,.T.);
#263=FACE_OUTER_BOUND('',#348,.T.);
#264=FACE_OUTER_BOUND('',#349,.T.);
#265=FACE_OUTER_BOUND('',#350,.T.);
#266=FACE_OUTER_BOUND('',#351,.T.);
#267=FACE_OUTER_BOUND('',#352,.T.);
#268=FACE_OUTER_BOUND('',#353,.T.);
#269=FACE_OUTER_BOUND('',#354,.T.);
#270=FACE_OUTER_BOUND('',#355,.T.);
#271=FACE_OUTER_BOUND('',#356,.T.);
#272=FACE_OUTER_BOUND('',#357,.T.);
#273=FACE_OUTER_BOUND('',#358,.T.);
#274=FACE_OUTER_BOUND('',#359,.T.);
#275=FACE_OUTER_BOUND('',#360,.T.);
#276=FACE_OUTER_BOUND('',#361,.T.);
#277=FACE_OUTER_BOUND('',#362,.T.);
#278=FACE_OUTER_BOUND('',#363,.T.);
#279=FACE_OUTER_BOUND('',#364,.T.);
#280=FACE_OUTER_BOUND('',#365,.T.);
#281=FACE_OUTER_BOUND('',#366,.T.);
#282=FACE_OUTER_BOUND('',#367,.T.);
#283=FACE_OUTER_BOUND('',#368,.T.);
#284=FACE_OUTER_BOUND('',#369,.T.);
#285=FACE_OUTER_BOUND('',#370,.T.);
#286=FACE_OUTER_BOUND('',#371,.T.);
#287=EDGE_LOOP('',(#838,#839,#840,#841));
#288=EDGE_LOOP('',(#842,#843,#844,#845,#846,#847,#848,#849));
#289=EDGE_LOOP('',(#850,#851,#852,#853,#854,#855));
#290=EDGE_LOOP('',(#856,#857,#858,#859));
#291=EDGE_LOOP('',(#860,#861,#862,#863,#864,#865,#866,#867));
#292=EDGE_LOOP('',(#868,#869,#870,#871,#872,#873));
#293=EDGE_LOOP('',(#874,#875,#876,#877));
#294=EDGE_LOOP('',(#878,#879,#880,#881,#882,#883,#884,#885));
#295=EDGE_LOOP('',(#886,#887,#888,#889,#890,#891));
#296=EDGE_LOOP('',(#892,#893,#894,#895,#896,#897,#898,#899));
#297=EDGE_LOOP('',(#900,#901,#902,#903,#904,#905));
#298=EDGE_LOOP('',(#906,#907,#908,#909,#910,#911));
#299=EDGE_LOOP('',(#912,#913,#914,#915));
#300=EDGE_LOOP('',(#916,#917,#918,#919,#920,#921));
#301=EDGE_LOOP('',(#922,#923,#924,#925));
#302=EDGE_LOOP('',(#926,#927,#928,#929));
#303=EDGE_LOOP('',(#930,#931,#932,#933));
#304=EDGE_LOOP('',(#934,#935,#936,#937,#938,#939,#940,#941,#942,#943,#944,
#945));
#305=EDGE_LOOP('',(#946,#947,#948,#949));
#306=EDGE_LOOP('',(#950,#951,#952,#953));
#307=EDGE_LOOP('',(#954,#955,#956,#957));
#308=EDGE_LOOP('',(#958,#959,#960,#961));
#309=EDGE_LOOP('',(#962,#963,#964,#965));
#310=EDGE_LOOP('',(#966,#967,#968,#969));
#311=EDGE_LOOP('',(#970,#971,#972,#973));
#312=EDGE_LOOP('',(#974,#975,#976,#977));
#313=EDGE_LOOP('',(#978,#979,#980,#981));
#314=EDGE_LOOP('',(#982,#983,#984,#985));
#315=EDGE_LOOP('',(#986,#987,#988,#989));
#316=EDGE_LOOP('',(#990,#991,#992,#993));
#317=EDGE_LOOP('',(#994,#995,#996,#997));
#318=EDGE_LOOP('',(#998,#999,#1000,#1001));
#319=EDGE_LOOP('',(#1002,#1003,#1004,#1005));
#320=EDGE_LOOP('',(#1006,#1007,#1008,#1009));
#321=EDGE_LOOP('',(#1010,#1011,#1012,#1013));
#322=EDGE_LOOP('',(#1014,#1015,#1016,#1017));
#323=EDGE_LOOP('',(#1018));
#324=EDGE_LOOP('',(#1019,#1020,#1021,#1022,#1023,#1024,#1025,#1026,#1027,
#1028,#1029,#1030));
#325=EDGE_LOOP('',(#1031,#1032,#1033,#1034,#1035,#1036,#1037,#1038,#1039,
#1040,#1041,#1042));
#326=EDGE_LOOP('',(#1043,#1044,#1045,#1046));
#327=EDGE_LOOP('',(#1047,#1048,#1049,#1050));
#328=EDGE_LOOP('',(#1051,#1052,#1053,#1054));
#329=EDGE_LOOP('',(#1055,#1056,#1057,#1058));
#330=EDGE_LOOP('',(#1059,#1060,#1061,#1062));
#331=EDGE_LOOP('',(#1063,#1064,#1065,#1066));
#332=EDGE_LOOP('',(#1067,#1068,#1069,#1070,#1071,#1072,#1073,#1074,#1075,
#1076,#1077,#1078));
#333=EDGE_LOOP('',(#1079));
#334=EDGE_LOOP('',(#1080,#1081,#1082,#1083));
#335=EDGE_LOOP('',(#1084,#1085,#1086,#1087));
#336=EDGE_LOOP('',(#1088,#1089,#1090,#1091));
#337=EDGE_LOOP('',(#1092,#1093,#1094,#1095));
#338=EDGE_LOOP('',(#1096,#1097,#1098,#1099));
#339=EDGE_LOOP('',(#1100,#1101,#1102,#1103));
#340=EDGE_LOOP('',(#1104,#1105,#1106,#1107));
#341=EDGE_LOOP('',(#1108,#1109,#1110,#1111));
#342=EDGE_LOOP('',(#1112,#1113,#1114,#1115));
#343=EDGE_LOOP('',(#1116,#1117,#1118,#1119));
#344=EDGE_LOOP('',(#1120,#1121,#1122,#1123));
#345=EDGE_LOOP('',(#1124,#1125,#1126,#1127));
#346=EDGE_LOOP('',(#1128,#1129,#1130,#1131));
#347=EDGE_LOOP('',(#1132,#1133,#1134,#1135));
#348=EDGE_LOOP('',(#1136,#1137,#1138,#1139,#1140));
#349=EDGE_LOOP('',(#1141,#1142,#1143,#1144));
#350=EDGE_LOOP('',(#1145,#1146,#1147,#1148,#1149));
#351=EDGE_LOOP('',(#1150,#1151,#1152,#1153));
#352=EDGE_LOOP('',(#1154,#1155,#1156,#1157,#1158));
#353=EDGE_LOOP('',(#1159,#1160,#1161,#1162));
#354=EDGE_LOOP('',(#1163,#1164,#1165,#1166,#1167));
#355=EDGE_LOOP('',(#1168,#1169,#1170,#1171));
#356=EDGE_LOOP('',(#1172,#1173,#1174,#1175,#1176));
#357=EDGE_LOOP('',(#1177,#1178,#1179,#1180));
#358=EDGE_LOOP('',(#1181,#1182,#1183,#1184,#1185));
#359=EDGE_LOOP('',(#1186,#1187,#1188,#1189));
#360=EDGE_LOOP('',(#1190,#1191,#1192,#1193,#1194));
#361=EDGE_LOOP('',(#1195,#1196,#1197,#1198,#1199));
#362=EDGE_LOOP('',(#1200,#1201,#1202,#1203,#1204));
#363=EDGE_LOOP('',(#1205,#1206,#1207));
#364=EDGE_LOOP('',(#1208,#1209,#1210,#1211,#1212,#1213));
#365=EDGE_LOOP('',(#1214,#1215,#1216,#1217));
#366=EDGE_LOOP('',(#1218,#1219,#1220));
#367=EDGE_LOOP('',(#1221,#1222,#1223,#1224,#1225,#1226,#1227,#1228,#1229,
#1230,#1231,#1232,#1233,#1234,#1235,#1236,#1237,#1238,#1239));
#368=EDGE_LOOP('',(#1240,#1241,#1242,#1243));
#369=EDGE_LOOP('',(#1244,#1245,#1246,#1247,#1248,#1249));
#370=EDGE_LOOP('',(#1250,#1251,#1252));
#371=EDGE_LOOP('',(#1253,#1254,#1255));
#372=B_SPLINE_CURVE_WITH_KNOTS('',3,(#1653,#1654,#1655,#1656,#1657,#1658,
#1659,#1660,#1661,#1662,#1663,#1664,#1665,#1666,#1667,#1668),
 .UNSPECIFIED.,.F.,.F.,(4,3,3,3,3,4),(0.,0.011946978003607,0.0247459868133058,
0.0360514843695241,0.0499875783041779,0.0594498353672043),.UNSPECIFIED.);
#373=B_SPLINE_CURVE_WITH_KNOTS('',3,(#1670,#1671,#1672,#1673,#1674,#1675,
#1676,#1677,#1678,#1679,#1680,#1681,#1682,#1683,#1684,#1685,#1686,#1687,
#1688),.UNSPECIFIED.,.F.,.F.,(4,3,3,3,3,3,4),(-0.134903756885048,-0.122002114634838,
-0.108263106213546,-0.101952544686375,-0.0874977453315561,-0.0722321366515333,
-0.0705662803118569),.UNSPECIFIED.);
#374=B_SPLINE_CURVE_WITH_KNOTS('',3,(#1690,#1691,#1692,#1693,#1694,#1695,
#1696,#1697),.UNSPECIFIED.,.F.,.F.,(4,1,1,2,4),(-0.818864345246951,-0.338850869002415,
-0.169425434501207,0.,0.0023321701847025),.UNSPECIFIED.);
#375=B_SPLINE_CURVE_WITH_KNOTS('',3,(#1698,#1699,#1700,#1701,#1702,#1703,
#1704,#1705),.UNSPECIFIED.,.F.,.F.,(4,2,1,1,4),(-0.0023321701847025,0.,
0.169425434501207,0.338850869002415,0.818864345246966),.UNSPECIFIED.);
#376=B_SPLINE_CURVE_WITH_KNOTS('',3,(#1723,#1724,#1725,#1726),
 .UNSPECIFIED.,.F.,.F.,(4,4),(0.,0.10813674437671),.UNSPECIFIED.);
#377=B_SPLINE_CURVE_WITH_KNOTS('',3,(#1728,#1729,#1730,#1731),
 .UNSPECIFIED.,.F.,.F.,(4,4),(-0.70064471208051,0.700644712080505),
 .UNSPECIFIED.);
#378=B_SPLINE_CURVE_WITH_KNOTS('',3,(#1733,#1734,#1735,#1736,#1737,#1738,
#1739),.UNSPECIFIED.,.F.,.F.,(4,3,4),(0.433685554679311,0.495571871189875,
0.653740786266931),.UNSPECIFIED.);
#379=B_SPLINE_CURVE_WITH_KNOTS('',3,(#1741,#1742,#1743,#1744,#1745,#1746,
#1747),.UNSPECIFIED.,.F.,.F.,(4,3,4),(0.0705662803120871,0.101952544686769,
0.134903756885663),.UNSPECIFIED.);
#380=B_SPLINE_CURVE_WITH_KNOTS('',3,(#1749,#1750,#1751,#1752,#1753,#1754),
 .UNSPECIFIED.,.F.,.F.,(4,2,4),(-0.256061448415584,-0.172998985647755,-0.166533933027451),
 .UNSPECIFIED.);
#381=B_SPLINE_CURVE_WITH_KNOTS('',3,(#1756,#1757,#1758,#1759,#1760,#1761),
 .UNSPECIFIED.,.F.,.F.,(4,2,4),(-1.6605518759774,-1.2208116485166,-0.0505518759774009),
 .UNSPECIFIED.);
#382=B_SPLINE_CURVE_WITH_KNOTS('',3,(#1762,#1763,#1764,#1765,#1766,#1767),
 .UNSPECIFIED.,.F.,.F.,(4,2,4),(0.09239779710561,0.173149248988658,0.181925312493745),
 .UNSPECIFIED.);
#383=B_SPLINE_CURVE_WITH_KNOTS('',3,(#1821,#1822,#1823,#1824,#1825,#1826,
#1827),.UNSPECIFIED.,.F.,.F.,(4,3,4),(-0.653740786266845,-0.495571871189912,
-0.433685554679372),.UNSPECIFIED.);
#384=B_SPLINE_CURVE_WITH_KNOTS('',3,(#1829,#1830,#1831,#1832,#1833,#1834,
#1835,#1836,#1837,#1838,#1839,#1840,#1841),.UNSPECIFIED.,.F.,.F.,(4,1,1,
1,1,1,1,1,2,4),(-0.706886352127779,-0.517298060282613,-0.443398337385097,
-0.147799445795032,-0.0738997228975162,-0.0369498614487581,-0.0184749307243791,
-0.00923746536218953,0.,0.122090577831173),.UNSPECIFIED.);
#385=B_SPLINE_CURVE_WITH_KNOTS('',3,(#1843,#1844,#1845,#1846),
 .UNSPECIFIED.,.F.,.F.,(4,4),(-0.196489272812149,0.),.UNSPECIFIED.);
#386=B_SPLINE_CURVE_WITH_KNOTS('',3,(#1848,#1849,#1850,#1851,#1852,#1853),
 .UNSPECIFIED.,.F.,.F.,(4,2,4),(-0.316421815217277,-0.196489272812149,-0.196304286285064),
 .UNSPECIFIED.);
#387=B_SPLINE_CURVE_WITH_KNOTS('',3,(#1854,#1855,#1856,#1857),
 .UNSPECIFIED.,.F.,.F.,(4,4),(0.0429525448538909,0.0479825194132053),
 .UNSPECIFIED.);
#388=B_SPLINE_CURVE_WITH_KNOTS('',3,(#1900,#1901,#1902,#1903,#1904,#1905,
#1906,#1907,#1908,#1909,#1910,#1911,#1912,#1913,#1914,#1915),
 .UNSPECIFIED.,.F.,.F.,(4,3,3,3,3,4),(0.,0.0119545623290095,0.0247796617302837,
0.0360514843695209,0.0500327425520082,0.0594498353672241),.UNSPECIFIED.);
#389=B_SPLINE_CURVE_WITH_KNOTS('',3,(#1917,#1918,#1919,#1920,#1921,#1922,
#1923,#1924,#1925,#1926,#1927,#1928,#1929,#1930,#1931,#1932,#1933,#1934,
#1935),.UNSPECIFIED.,.F.,.F.,(4,3,3,3,3,3,4),(-0.134903756885246,-0.121995289296511,
-0.108230522951414,-0.101952544686488,-0.087456941959068,-0.0721391436279474,
-0.0705662803119319),.UNSPECIFIED.);
#390=B_SPLINE_CURVE_WITH_KNOTS('',3,(#1937,#1938,#1939,#1940,#1941,#1942,
#1943,#1944,#1945,#1946,#1947,#1948,#1949),.UNSPECIFIED.,.F.,.F.,(4,3,3,
3,4),(-0.81886434462994,-0.508276303133453,-0.338850868755635,9.62964972193618E-35,
0.00233217018496548),.UNSPECIFIED.);
#391=B_SPLINE_CURVE_WITH_KNOTS('',3,(#1950,#1951,#1952,#1953,#1954,#1955,
#1956,#1957),.UNSPECIFIED.,.F.,.F.,(4,2,1,1,4),(-0.00233217018496548,0.,
0.338850868755635,0.508276303133453,0.818864344629925),.UNSPECIFIED.);
#392=B_SPLINE_CURVE_WITH_KNOTS('',3,(#1975,#1976,#1977,#1978,#1979,#1980),
 .UNSPECIFIED.,.F.,.F.,(4,2,4),(-2.39107142145467,-1.22081196128797,-0.781071421454673),
 .UNSPECIFIED.);
#393=B_SPLINE_CURVE_WITH_KNOTS('',3,(#1981,#1982,#1983,#1984,#1985,#1986),
 .UNSPECIFIED.,.F.,.F.,(4,2,4),(0.0923977971056106,0.173149248988677,0.181925312493744),
 .UNSPECIFIED.);
#394=B_SPLINE_CURVE_WITH_KNOTS('',3,(#1988,#1989,#1990,#1991),
 .UNSPECIFIED.,.F.,.F.,(4,4),(0.,0.108136744376724),.UNSPECIFIED.);
#395=B_SPLINE_CURVE_WITH_KNOTS('',3,(#1992,#1993,#1994,#1995),
 .UNSPECIFIED.,.F.,.F.,(4,4),(-0.70064471208048,0.700644712080485),
 .UNSPECIFIED.);
#396=B_SPLINE_CURVE_WITH_KNOTS('',3,(#2053,#2054,#2055,#2056,#2057,#2058,
#2059),.UNSPECIFIED.,.F.,.F.,(4,3,4),(-0.653740786266931,-0.495571871189943,
-0.433685554679366),.UNSPECIFIED.);
#397=B_SPLINE_CURVE_WITH_KNOTS('',3,(#2061,#2062,#2063,#2064,#2065,#2066,
#2067,#2068,#2069,#2070,#2071,#2072,#2073,#2074),.UNSPECIFIED.,.F.,.F.,
(4,1,1,1,1,1,1,1,1,2,4),(-0.70687570332018,-0.517298060282645,-0.295598891590083,
-0.147799445795041,-0.0738997228975207,-0.0369498614487603,-0.0184749307243802,
-0.00923746536219008,-0.00230936634054752,0.,0.122090577831183),
 .UNSPECIFIED.);
#398=B_SPLINE_CURVE_WITH_KNOTS('',3,(#2076,#2077,#2078,#2079),
 .UNSPECIFIED.,.F.,.F.,(4,4),(-0.196489272812179,0.),.UNSPECIFIED.);
#399=B_SPLINE_CURVE_WITH_KNOTS('',3,(#2081,#2082,#2083,#2084,#2085,#2086),
 .UNSPECIFIED.,.F.,.F.,(4,2,4),(-0.316421815217289,-0.196489272812179,-0.196304286285097),
 .UNSPECIFIED.);
#400=B_SPLINE_CURVE_WITH_KNOTS('',3,(#2087,#2088,#2089,#2090),
 .UNSPECIFIED.,.F.,.F.,(4,4),(0.042694521261473,0.04774249541266),
 .UNSPECIFIED.);
#401=B_SPLINE_CURVE_WITH_KNOTS('',3,(#2125,#2126,#2127,#2128,#2129,#2130,
#2131,#2132,#2133,#2134,#2135,#2136,#2137,#2138,#2139,#2140),
 .UNSPECIFIED.,.F.,.F.,(4,3,3,3,3,4),(0.,0.0116579567633485,0.0241330755828322,
0.0360514843688662,0.0496349983693462,0.0594498353671341),.UNSPECIFIED.);
#402=B_SPLINE_CURVE_WITH_KNOTS('',3,(#2142,#2143,#2144,#2145,#2146,#2147,
#2148,#2149,#2150,#2151,#2152,#2153,#2154,#2155,#2156,#2157,#2158,#2159,
#2160),.UNSPECIFIED.,.F.,.F.,(4,3,3,3,3,3,4),(-0.134903756886004,-0.122312257712806,
-0.108917127598102,-0.101952544686247,-0.0878474675802767,-0.0729698994276326,
-0.0705662803122254),.UNSPECIFIED.);
#403=B_SPLINE_CURVE_WITH_KNOTS('',3,(#2162,#2163,#2164,#2165,#2166,#2167,
#2168,#2169,#2170,#2171,#2172,#2173,#2174),.UNSPECIFIED.,.F.,.F.,(4,3,3,
3,4),(0.0861027949678321,0.396690853319063,0.566116296125169,0.90496718173738,
0.907299277452292),.UNSPECIFIED.);
#404=B_SPLINE_CURVE_WITH_KNOTS('',3,(#2175,#2176,#2177,#2178,#2179,#2180,
#2181,#2182),.UNSPECIFIED.,.F.,.F.,(4,2,1,1,4),(-0.907299277452292,-0.904967181737375,
-0.566116296125166,-0.396690853319062,-0.0860851495266226),
 .UNSPECIFIED.);
#405=B_SPLINE_CURVE_WITH_KNOTS('',3,(#2200,#2201,#2202,#2203,#2204,#2205),
 .UNSPECIFIED.,.F.,.F.,(4,2,4),(-2.39107142145472,-1.22081196128799,-0.781071421454721),
 .UNSPECIFIED.);
#406=B_SPLINE_CURVE_WITH_KNOTS('',3,(#2206,#2207,#2208,#2209,#2210,#2211),
 .UNSPECIFIED.,.F.,.F.,(4,2,4),(0.092397797105617,0.173149248988663,0.181925312493749),
 .UNSPECIFIED.);
#407=B_SPLINE_CURVE_WITH_KNOTS('',3,(#2213,#2214,#2215,#2216),
 .UNSPECIFIED.,.F.,.F.,(4,4),(0.,0.108136743808303),.UNSPECIFIED.);
#408=B_SPLINE_CURVE_WITH_KNOTS('',3,(#2217,#2218,#2219,#2220),
 .UNSPECIFIED.,.F.,.F.,(4,4),(-0.700644712080501,0.700644712080506),
 .UNSPECIFIED.);
#409=B_SPLINE_CURVE_WITH_KNOTS('',3,(#2278,#2279,#2280,#2281,#2282,#2283,
#2284),.UNSPECIFIED.,.F.,.F.,(4,3,4),(-0.653740703834707,-0.495571989992717,
-0.433685569262157),.UNSPECIFIED.);
#410=B_SPLINE_CURVE_WITH_KNOTS('',3,(#2286,#2287,#2288,#2289,#2290,#2291,
#2292,#2293,#2294,#2295,#2296,#2297,#2298,#2299),.UNSPECIFIED.,.F.,.F.,
(4,1,1,1,1,1,1,1,1,2,4),(-0.706899690742153,-0.517317496414725,-0.295609997951271,
-0.147804998975636,-0.0739024994878178,-0.0369512497439089,-0.0184756248719544,
-0.00923781243597722,-0.00230945310899431,0.,0.122043872478702),
 .UNSPECIFIED.);
#411=B_SPLINE_CURVE_WITH_KNOTS('',3,(#2301,#2302,#2303,#2304),
 .UNSPECIFIED.,.F.,.F.,(4,4),(-0.196489240902961,0.),.UNSPECIFIED.);
#412=B_SPLINE_CURVE_WITH_KNOTS('',3,(#2306,#2307,#2308,#2309,#2310,#2311),
 .UNSPECIFIED.,.F.,.F.,(4,2,4),(-0.316421806059517,-0.196489240902961,-0.196304258374819),
 .UNSPECIFIED.);
#413=B_SPLINE_CURVE_WITH_KNOTS('',3,(#2312,#2313,#2314,#2315),
 .UNSPECIFIED.,.F.,.F.,(4,4),(0.0426484017743237,0.0476937899722591),
 .UNSPECIFIED.);
#414=B_SPLINE_CURVE_WITH_KNOTS('',3,(#2332,#2333,#2334,#2335,#2336,#2337),
 .UNSPECIFIED.,.F.,.F.,(4,2,4),(-2.39107142145468,-1.22081196128797,-0.781071421454676),
 .UNSPECIFIED.);
#415=B_SPLINE_CURVE_WITH_KNOTS('',3,(#2339,#2340,#2341,#2342,#2343,#2344,
#2345),.UNSPECIFIED.,.F.,.F.,(4,3,4),(0.,0.0360514843695148,0.0594498353672057),
 .UNSPECIFIED.);
#416=B_SPLINE_CURVE_WITH_KNOTS('',3,(#2347,#2348,#2349,#2350),
 .UNSPECIFIED.,.F.,.F.,(4,4),(0.,0.108136744376718),.UNSPECIFIED.);
#417=B_SPLINE_CURVE_WITH_KNOTS('',3,(#2351,#2352,#2353,#2354),
 .UNSPECIFIED.,.F.,.F.,(4,4),(-0.700644712080482,0.700644712080476),
 .UNSPECIFIED.);
#418=B_SPLINE_CURVE_WITH_KNOTS('',3,(#2412,#2413,#2414,#2415,#2416,#2417,
#2418,#2419,#2420,#2421,#2422,#2423,#2424,#2425),.UNSPECIFIED.,.F.,.F.,
(4,1,1,1,1,1,1,1,1,2,4),(-0.706875703320179,-0.517298060282644,-0.295598891590083,
-0.147799445795041,-0.0738997228975206,-0.0369498614487603,-0.0184749307243802,
-0.00923746536219008,-0.00230936634054752,0.,0.122090577831182),
 .UNSPECIFIED.);
#419=B_SPLINE_CURVE_WITH_KNOTS('',3,(#2427,#2428,#2429,#2430),
 .UNSPECIFIED.,.F.,.F.,(4,4),(-0.196489272812166,0.),.UNSPECIFIED.);
#420=B_SPLINE_CURVE_WITH_KNOTS('',3,(#2432,#2433,#2434,#2435,#2436,#2437),
 .UNSPECIFIED.,.F.,.F.,(4,2,4),(-0.316421815217289,-0.196489272812166,-0.196304286285096),
 .UNSPECIFIED.);
#421=B_SPLINE_CURVE_WITH_KNOTS('',3,(#2439,#2440,#2441,#2442),
 .UNSPECIFIED.,.F.,.F.,(4,4),(0.0426945212614708,0.0477424954126536),
 .UNSPECIFIED.);
#422=B_SPLINE_CURVE_WITH_KNOTS('',3,(#2443,#2444,#2445,#2446,#2447,#2448,
#2449,#2450),.UNSPECIFIED.,.F.,.F.,(4,1,1,2,4),(-0.818864344654237,-0.508276303148029,
-0.338850868765353,0.,0.00233217018527638),.UNSPECIFIED.);
#423=B_SPLINE_CURVE_WITH_KNOTS('',3,(#2515,#2516,#2517,#2518,#2519,#2520,
#2521,#2522),.UNSPECIFIED.,.F.,.F.,(4,1,1,2,4),(-0.81888301841208,-0.508276303148029,
-0.338850868765353,0.,0.00233217018527638),.UNSPECIFIED.);
#424=B_SPLINE_CURVE_WITH_KNOTS('',3,(#2524,#2525,#2526,#2527),
 .UNSPECIFIED.,.F.,.F.,(4,4),(0.736978609498668,0.742024005312488),
 .UNSPECIFIED.);
#425=B_SPLINE_CURVE_WITH_KNOTS('',3,(#2529,#2530,#2531,#2532),
 .UNSPECIFIED.,.F.,.F.,(4,4),(-0.120031160324332,0.),.UNSPECIFIED.);
#426=B_SPLINE_CURVE_WITH_KNOTS('',3,(#2534,#2535,#2536,#2537),
 .UNSPECIFIED.,.F.,.F.,(4,4),(-0.317136829322676,-0.120157263125175),
 .UNSPECIFIED.);
#427=B_SPLINE_CURVE_WITH_KNOTS('',3,(#2538,#2539,#2540,#2541,#2542,#2543,
#2544,#2545,#2546,#2547,#2548,#2549,#2550,#2551,#2552,#2553),
 .UNSPECIFIED.,.F.,.F.,(4,1,1,1,1,1,2,1,1,1,1,1,4),(-0.906714511122042,
-0.876203543002367,-0.857896962130563,-0.809079413139083,-0.796875025891213,
-0.790772832267278,-0.784670638643344,-0.729244068641521,-0.71076854530758,
-0.636866451971816,-0.489062265300289,-0.267355985292999,-0.077773737587162),
 .UNSPECIFIED.);
#428=B_SPLINE_CURVE_WITH_KNOTS('',3,(#2575,#2576,#2577,#2578,#2579,#2580,
#2581,#2582,#2583,#2584,#2585,#2586,#2587,#2588,#2589,#2590,#2591,#2592,
#2593,#2594),.UNSPECIFIED.,.F.,.F.,(4,1,1,1,1,2,1,1,1,1,1,1,1,1,1,1,4),
(-0.906747538300718,-0.833493191602009,-0.809075076035773,-0.796866018252655,
-0.790761489361095,-0.784656960469536,-0.782347590819236,-0.780038221168935,
-0.775419481868334,-0.766182003267133,-0.756944524665931,-0.747707046064729,
-0.710757131659921,-0.636857302850306,-0.489057645231076,-0.341257987611846,
-0.07777788204169),.UNSPECIFIED.);
#429=B_SPLINE_CURVE_WITH_KNOTS('',3,(#2595,#2596,#2597,#2598),
 .UNSPECIFIED.,.F.,.F.,(4,4),(-0.614481992095351,0.),.UNSPECIFIED.);
#430=B_SPLINE_CURVE_WITH_KNOTS('',3,(#2680,#2681,#2682,#2683),
 .UNSPECIFIED.,.F.,.F.,(4,4),(0.737211953575864,0.742261545485565),
 .UNSPECIFIED.);
#431=B_SPLINE_CURVE_WITH_KNOTS('',3,(#2685,#2686,#2687,#2688),
 .UNSPECIFIED.,.F.,.F.,(4,4),(-0.120031272924643,0.),.UNSPECIFIED.);
#432=B_SPLINE_CURVE_WITH_KNOTS('',3,(#2689,#2690,#2691,#2692),
 .UNSPECIFIED.,.F.,.F.,(4,4),(-0.317136813458431,-0.120157356106076),
 .UNSPECIFIED.);
#433=B_SPLINE_CURVE_WITH_KNOTS('',3,(#2713,#2714,#2715,#2716),
 .UNSPECIFIED.,.F.,.F.,(4,4),(-0.614481992095363,0.),.UNSPECIFIED.);
#434=B_SPLINE_CURVE_WITH_KNOTS('',3,(#2760,#2761,#2762,#2763,#2764,#2765,
#2766),.UNSPECIFIED.,.F.,.F.,(4,3,4),(0.,0.0265848520910922,0.0325978261960974),
 .UNSPECIFIED.);
#435=B_SPLINE_CURVE_WITH_KNOTS('',3,(#2770,#2771,#2772,#2773,#2774,#2775,
#2776),.UNSPECIFIED.,.F.,.F.,(4,3,4),(0.,0.0265859917715553,0.0325982241314122),
 .UNSPECIFIED.);
#436=B_SPLINE_CURVE_WITH_KNOTS('',3,(#2778,#2779,#2780,#2781,#2782,#2783,
#2784),.UNSPECIFIED.,.F.,.F.,(4,3,4),(0.,0.0265857358984436,0.0325978261960966),
 .UNSPECIFIED.);
#437=B_SPLINE_CURVE_WITH_KNOTS('',3,(#2788,#2789,#2790,#2791,#2792,#2793,
#2794),.UNSPECIFIED.,.F.,.F.,(4,3,4),(0.,0.0265859917745372,0.0325982241314142),
 .UNSPECIFIED.);
#438=B_SPLINE_CURVE_WITH_KNOTS('',3,(#2796,#2797,#2798,#2799,#2800,#2801,
#2802),.UNSPECIFIED.,.F.,.F.,(4,3,4),(0.,0.0265848520864001,0.0325978261960448),
 .UNSPECIFIED.);
#439=B_SPLINE_CURVE_WITH_KNOTS('',3,(#2806,#2807,#2808,#2809,#2810,#2811,
#2812),.UNSPECIFIED.,.F.,.F.,(4,3,4),(0.,0.0265860954196916,0.0325982241314481),
 .UNSPECIFIED.);
#440=B_SPLINE_CURVE_WITH_KNOTS('',3,(#2814,#2815,#2816,#2817,#2818,#2819,
#2820),.UNSPECIFIED.,.F.,.F.,(4,3,4),(0.,0.0265856619343466,0.0325978261960865),
 .UNSPECIFIED.);
#441=B_SPLINE_CURVE_WITH_KNOTS('',3,(#2823,#2824,#2825,#2826,#2827,#2828,
#2829),.UNSPECIFIED.,.F.,.F.,(4,3,4),(0.,0.0265851167018524,0.0325982241314496),
 .UNSPECIFIED.);
#442=B_SPLINE_CURVE_WITH_KNOTS('',3,(#2957,#2958,#2959,#2960,#2961,#2962,
#2963,#2964),.UNSPECIFIED.,.F.,.F.,(4,2,2,4),(-0.27410158624847,-0.272812541199771,
-0.160943714900884,-5.22353738041659E-9),.UNSPECIFIED.);
#443=B_SPLINE_CURVE_WITH_KNOTS('',3,(#2966,#2967,#2968,#2969,#2970,#2971,
#2972,#2973),.UNSPECIFIED.,.F.,.F.,(4,2,2,4),(-0.243018003737171,-0.167767038975656,
-0.0955919157793071,-0.0585894419376615),.UNSPECIFIED.);
#444=B_SPLINE_CURVE_WITH_KNOTS('',3,(#2975,#2976,#2977,#2978,#2979,#2980),
 .UNSPECIFIED.,.F.,.F.,(4,2,4),(-1.18088013920107,-0.714183734723517,-0.247487330245965),
 .UNSPECIFIED.);
#445=B_SPLINE_CURVE_WITH_KNOTS('',3,(#2982,#2983,#2984,#2985,#2986,#2987,
#2988,#2989),.UNSPECIFIED.,.F.,.F.,(4,2,2,4),(-0.274106365763713,-0.272819390409468,
-0.160948967964644,0.),.UNSPECIFIED.);
#446=B_SPLINE_CURVE_WITH_KNOTS('',3,(#2991,#2992,#2993,#2994,#2995,#2996,
#2997,#2998),.UNSPECIFIED.,.F.,.F.,(4,2,2,4),(-0.243017996276387,-0.167767599308308,
-0.095592171384924,-0.058589442915815),.UNSPECIFIED.);
#447=B_SPLINE_CURVE_WITH_KNOTS('',3,(#3000,#3001,#3002,#3003,#3004,#3005),
 .UNSPECIFIED.,.F.,.F.,(4,2,4),(-1.18088014442442,-0.714183734723528,-0.24748732500763),
 .UNSPECIFIED.);
#448=B_SPLINE_CURVE_WITH_KNOTS('',3,(#3007,#3008,#3009,#3010,#3011,#3012,
#3013,#3014),.UNSPECIFIED.,.F.,.F.,(4,2,2,4),(-0.274101586250072,-0.272812541201371,
-0.160943714901441,-5.22354126619717E-9),.UNSPECIFIED.);
#449=B_SPLINE_CURVE_WITH_KNOTS('',3,(#3016,#3017,#3018,#3019,#3020,#3021,
#3022,#3023),.UNSPECIFIED.,.F.,.F.,(4,2,2,4),(-0.243018003737149,-0.167767038975618,
-0.0955919157792879,-0.0585894419376564),.UNSPECIFIED.);
#450=B_SPLINE_CURVE_WITH_KNOTS('',3,(#3025,#3026,#3027,#3028,#3029,#3030),
 .UNSPECIFIED.,.F.,.F.,(4,2,4),(-1.18088014442442,-0.71418373472352,-0.247487330245963),
 .UNSPECIFIED.);
#451=B_SPLINE_CURVE_WITH_KNOTS('',3,(#3032,#3033,#3034,#3035,#3036,#3037,
#3038,#3039),.UNSPECIFIED.,.F.,.F.,(4,2,2,4),(-0.274101586248328,-0.272812541199647,
-0.160943714900853,-5.22354071108566E-9),.UNSPECIFIED.);
#452=B_SPLINE_CURVE_WITH_KNOTS('',3,(#3041,#3042,#3043,#3044,#3045,#3046,
#3047,#3048),.UNSPECIFIED.,.F.,.F.,(4,2,2,4),(-0.243018003737273,-0.16776703897568,
-0.095591915779305,-0.0585894419376879),.UNSPECIFIED.);
#453=B_SPLINE_CURVE_WITH_KNOTS('',3,(#3049,#3050,#3051,#3052,#3053,#3054),
 .UNSPECIFIED.,.F.,.F.,(4,2,4),(-1.18088014442443,-0.714183734723532,-0.247487330245981),
 .UNSPECIFIED.);
#454=B_SPLINE_CURVE_WITH_KNOTS('',3,(#3081,#3082,#3083,#3084,#3085,#3086),
 .UNSPECIFIED.,.F.,.F.,(4,1,1,4),(-0.792041474216056,-0.391864583792554,
-0.290783425500927,-0.08862111129877),.UNSPECIFIED.);
#455=B_SPLINE_CURVE_WITH_KNOTS('',3,(#3087,#3088,#3089,#3090,#3091,#3092,
#3093,#3094,#3095,#3096,#3097,#3098),.UNSPECIFIED.,.F.,.F.,(4,2,2,2,2,4),
(0.181582453902642,0.201245364528045,0.431304870667281,0.702738314797059,
0.833433289703085,0.847889646696509),.UNSPECIFIED.);
#456=B_SPLINE_CURVE_WITH_KNOTS('',3,(#3119,#3120,#3121,#3122,#3123,#3124),
 .UNSPECIFIED.,.F.,.F.,(4,1,1,4),(-0.696016512371286,-0.493858634234926,
-0.29170075371025,0.0073883053700828),.UNSPECIFIED.);
#457=B_SPLINE_CURVE_WITH_KNOTS('',3,(#3149,#3150,#3151,#3152,#3153,#3154,
#3155,#3156,#3157,#3158,#3159,#3160),.UNSPECIFIED.,.F.,.F.,(4,2,2,2,2,4),
(0.0326728349179087,0.046309831881624,0.169595323614536,0.425758714904239,
0.642716129776935,0.661224720349483),.UNSPECIFIED.);
#458=B_SPLINE_CURVE_WITH_KNOTS('',3,(#3185,#3186,#3187,#3188,#3189,#3190),
 .UNSPECIFIED.,.F.,.F.,(4,1,1,4),(-0.792061457895085,-0.492952215684583,
-0.29078078870969,-0.0886093617347974),.UNSPECIFIED.);
#459=B_SPLINE_CURVE_WITH_KNOTS('',3,(#3211,#3212,#3213,#3214,#3215,#3216),
 .UNSPECIFIED.,.F.,.F.,(4,1,1,4),(-0.696061471039564,-0.493890710282292,
-0.392805329903656,0.0073883386095904),.UNSPECIFIED.);
#460=B_SPLINE_CURVE_WITH_KNOTS('',3,(#3241,#3242,#3243,#3244,#3245,#3246,
#3247,#3248,#3249,#3250,#3251,#3252),.UNSPECIFIED.,.F.,.F.,(4,2,2,2,2,4),
(0.181582453901907,0.2012453645278,0.431304870666352,0.702738314795635,
0.833433289703415,0.84788964669694),.UNSPECIFIED.);
#461=B_SPLINE_CURVE_WITH_KNOTS('',3,(#3279,#3280,#3281,#3282,#3283,#3284),
 .UNSPECIFIED.,.F.,.F.,(4,1,1,4),(-0.69606147103956,-0.493890710282289,
-0.291719949525018,0.00738829515848824),.UNSPECIFIED.);
#462=B_SPLINE_CURVE_WITH_KNOTS('',3,(#3309,#3310,#3311,#3312,#3313,#3314),
 .UNSPECIFIED.,.F.,.F.,(4,1,1,4),(-0.792041438562371,-0.492945742084161,
-0.290783425500929,-0.0886211112987929),.UNSPECIFIED.);
#463=B_SPLINE_CURVE_WITH_KNOTS('',3,(#3315,#3316,#3317,#3318,#3319,#3320,
#3321,#3322,#3323,#3324,#3325,#3326),.UNSPECIFIED.,.F.,.F.,(4,2,2,2,2,4),
(0.181582453902308,0.201245364527927,0.431304870666971,0.702738314796101,
0.833433289703905,0.847889646697509),.UNSPECIFIED.);
#464=B_SPLINE_CURVE_WITH_KNOTS('',3,(#3351,#3352,#3353,#3354,#3355,#3356),
 .UNSPECIFIED.,.F.,.F.,(4,1,1,4),(-0.696061471039586,-0.493890710282293,
-0.291719949525,0.00738829515855235),.UNSPECIFIED.);
#465=B_SPLINE_CURVE_WITH_KNOTS('',3,(#3381,#3382,#3383,#3384,#3385,#3386),
 .UNSPECIFIED.,.F.,.F.,(4,1,1,4),(-0.792041474216059,-0.391864583792554,
-0.290783425500927,-0.0886211112987693),.UNSPECIFIED.);
#466=B_SPLINE_CURVE_WITH_KNOTS('',3,(#3450,#3451,#3452,#3453),
 .UNSPECIFIED.,.F.,.F.,(4,4),(-0.00594905189821379,0.),.UNSPECIFIED.);
#467=B_SPLINE_CURVE_WITH_KNOTS('',3,(#3456,#3457,#3458,#3459),
 .UNSPECIFIED.,.F.,.F.,(4,4),(0.,0.00594905189821379),.UNSPECIFIED.);
#468=B_SPLINE_CURVE_WITH_KNOTS('',3,(#3492,#3493,#3494,#3495,#3496,#3497),
 .UNSPECIFIED.,.F.,.F.,(4,2,4),(0.,0.196489272812149,0.316421815217277),
 .UNSPECIFIED.);
#469=B_SPLINE_CURVE_WITH_KNOTS('',3,(#3519,#3520,#3521,#3522),
 .UNSPECIFIED.,.F.,.F.,(4,4),(-0.614481992095379,0.),.UNSPECIFIED.);
#470=B_SPLINE_CURVE_WITH_KNOTS('',3,(#3525,#3526,#3527,#3528),
 .UNSPECIFIED.,.F.,.F.,(4,4),(0.,0.614481992095379),.UNSPECIFIED.);
#471=B_SPLINE_CURVE_WITH_KNOTS('',3,(#3560,#3561,#3562,#3563),
 .UNSPECIFIED.,.F.,.F.,(4,4),(-0.317136829322682,-0.120157263125181),
 .UNSPECIFIED.);
#472=B_SPLINE_CURVE_WITH_KNOTS('',3,(#3565,#3566,#3567,#3568),
 .UNSPECIFIED.,.F.,.F.,(4,4),(-0.120031160324342,0.),.UNSPECIFIED.);
#473=B_SPLINE_CURVE_WITH_KNOTS('',3,(#3571,#3572,#3573,#3574,#3575,#3576),
 .UNSPECIFIED.,.F.,.F.,(4,2,4),(0.,0.120031160324342,0.317136829322682),
 .UNSPECIFIED.);
#474=B_SPLINE_CURVE_WITH_KNOTS('',3,(#3599,#3600,#3601,#3602),
 .UNSPECIFIED.,.F.,.F.,(4,4),(-0.00594905190767884,-7.97141756568592E-16),
 .UNSPECIFIED.);
#475=B_SPLINE_CURVE_WITH_KNOTS('',3,(#3603,#3604,#3605,#3606),
 .UNSPECIFIED.,.F.,.F.,(4,4),(7.97141756568592E-16,0.00594905190767884),
 .UNSPECIFIED.);
#476=B_SPLINE_CURVE_WITH_KNOTS('',3,(#3639,#3640,#3641,#3642,#3643,#3644),
 .UNSPECIFIED.,.F.,.F.,(4,2,4),(0.,0.196489272812179,0.316421815217289),
 .UNSPECIFIED.);
#477=B_SPLINE_CURVE_WITH_KNOTS('',3,(#3667,#3668,#3669,#3670),
 .UNSPECIFIED.,.F.,.F.,(4,4),(0.,0.614481992095351),.UNSPECIFIED.);
#478=B_SPLINE_CURVE_WITH_KNOTS('',3,(#3703,#3704,#3705,#3706,#3707,#3708),
 .UNSPECIFIED.,.F.,.F.,(4,2,4),(0.,0.120031272924643,0.317136813458431),
 .UNSPECIFIED.);
#479=B_SPLINE_CURVE_WITH_KNOTS('',3,(#3731,#3732,#3733,#3734),
 .UNSPECIFIED.,.F.,.F.,(4,4),(-0.00594905190341798,-2.10479820769514E-16),
 .UNSPECIFIED.);
#480=B_SPLINE_CURVE_WITH_KNOTS('',3,(#3735,#3736,#3737,#3738),
 .UNSPECIFIED.,.F.,.F.,(4,4),(2.10479820769514E-16,0.00594905190341798),
 .UNSPECIFIED.);
#481=B_SPLINE_CURVE_WITH_KNOTS('',3,(#3771,#3772,#3773,#3774,#3775,#3776),
 .UNSPECIFIED.,.F.,.F.,(4,2,4),(0.,0.196489240902961,0.316421806059517),
 .UNSPECIFIED.);
#482=B_SPLINE_CURVE_WITH_KNOTS('',3,(#3799,#3800,#3801,#3802),
 .UNSPECIFIED.,.F.,.F.,(4,4),(0.,0.614481992095363),.UNSPECIFIED.);
#483=B_SPLINE_CURVE_WITH_KNOTS('',3,(#3835,#3836,#3837,#3838,#3839,#3840),
 .UNSPECIFIED.,.F.,.F.,(4,2,4),(0.,0.120031160324332,0.317136829322676),
 .UNSPECIFIED.);
#484=B_SPLINE_CURVE_WITH_KNOTS('',3,(#3863,#3864,#3865,#3866),
 .UNSPECIFIED.,.F.,.F.,(4,4),(-0.00594905190767971,-5.06731729092523E-16),
 .UNSPECIFIED.);
#485=B_SPLINE_CURVE_WITH_KNOTS('',3,(#3867,#3868,#3869,#3870),
 .UNSPECIFIED.,.F.,.F.,(4,4),(5.06731729092523E-16,0.00594905190767971),
 .UNSPECIFIED.);
#486=B_SPLINE_CURVE_WITH_KNOTS('',3,(#3903,#3904,#3905,#3906,#3907,#3908),
 .UNSPECIFIED.,.F.,.F.,(4,2,4),(0.,0.196489272812166,0.316421815217289),
 .UNSPECIFIED.);
#487=B_SPLINE_CURVE_WITH_KNOTS('',3,(#3930,#3931,#3932,#3933),
 .UNSPECIFIED.,.F.,.F.,(4,4),(-0.614481992095371,0.),.UNSPECIFIED.);
#488=B_SPLINE_CURVE_WITH_KNOTS('',3,(#3937,#3938,#3939,#3940),
 .UNSPECIFIED.,.F.,.F.,(4,4),(0.,0.307240996047685),.UNSPECIFIED.);
#489=B_SPLINE_CURVE_WITH_KNOTS('',3,(#3941,#3942,#3943,#3944),
 .UNSPECIFIED.,.F.,.F.,(4,4),(0.307240996047685,0.614481992095371),
 .UNSPECIFIED.);
#490=B_SPLINE_CURVE_WITH_KNOTS('',3,(#3976,#3977,#3978,#3979),
 .UNSPECIFIED.,.F.,.F.,(4,4),(-0.316421806362221,-0.120075962652296),
 .UNSPECIFIED.);
#491=B_SPLINE_CURVE_WITH_KNOTS('',3,(#3980,#3981,#3982,#3983),
 .UNSPECIFIED.,.F.,.F.,(4,4),(-0.119932564401694,0.),.UNSPECIFIED.);
#492=B_SPLINE_CURVE_WITH_KNOTS('',3,(#3984,#3985,#3986,#3987,#3988,#3989),
 .UNSPECIFIED.,.F.,.F.,(4,2,4),(0.,0.119932564401694,0.316421806362221),
 .UNSPECIFIED.);
#493=B_SPLINE_CURVE_WITH_KNOTS('',3,(#4100,#4101,#4102,#4103),
 .UNSPECIFIED.,.F.,.F.,(4,4),(0.736978609498659,0.742024005312483),
 .UNSPECIFIED.);
#494=B_SPLINE_CURVE_WITH_KNOTS('',3,(#4168,#4169,#4170,#4171,#4172,#4173,
#4174,#4175,#4176,#4177,#4178,#4179,#4180,#4181,#4182,#4183),
 .UNSPECIFIED.,.F.,.F.,(4,1,1,1,1,1,2,1,1,1,1,1,4),(-0.906714511122039,
-0.870101349378429,-0.833488187634819,-0.809079413139079,-0.796875025891209,
-0.790772832267274,-0.784670638643339,-0.729244068641516,-0.710768545307576,
-0.636866451971812,-0.489062265300285,-0.267355985292995,-0.0777737375871546),
 .UNSPECIFIED.);
#495=B_SPLINE_CURVE_WITH_KNOTS('',3,(#4294,#4295,#4296,#4297),
 .UNSPECIFIED.,.F.,.F.,(4,4),(0.736978609498681,0.742024005303493),
 .UNSPECIFIED.);
#496=B_SPLINE_CURVE_WITH_KNOTS('',3,(#4321,#4322,#4323,#4324,#4325,#4326,
#4327,#4328,#4329,#4330,#4331,#4332,#4333,#4334,#4335,#4336),
 .UNSPECIFIED.,.F.,.F.,(4,1,1,1,1,1,2,1,1,1,1,1,4),(-0.906714511122053,
-0.870101349378441,-0.833488187634829,-0.809079413139087,-0.796875025891216,
-0.790772832267281,-0.784670638643345,-0.729244068641518,-0.710768545307576,
-0.636866451971807,-0.489062265300268,-0.26735598529296,-0.0777737375870998),
 .UNSPECIFIED.);
#497=VERTEX_POINT('',#1651);
#498=VERTEX_POINT('',#1652);
#499=VERTEX_POINT('',#1669);
#500=VERTEX_POINT('',#1689);
#501=VERTEX_POINT('',#1722);
#502=VERTEX_POINT('',#1727);
#503=VERTEX_POINT('',#1732);
#504=VERTEX_POINT('',#1740);
#505=VERTEX_POINT('',#1748);
#506=VERTEX_POINT('',#1755);
#507=VERTEX_POINT('',#1820);
#508=VERTEX_POINT('',#1828);
#509=VERTEX_POINT('',#1842);
#510=VERTEX_POINT('',#1847);
#511=VERTEX_POINT('',#1898);
#512=VERTEX_POINT('',#1899);
#513=VERTEX_POINT('',#1916);
#514=VERTEX_POINT('',#1936);
#515=VERTEX_POINT('',#1974);
#516=VERTEX_POINT('',#1987);
#517=VERTEX_POINT('',#2052);
#518=VERTEX_POINT('',#2060);
#519=VERTEX_POINT('',#2075);
#520=VERTEX_POINT('',#2080);
#521=VERTEX_POINT('',#2123);
#522=VERTEX_POINT('',#2124);
#523=VERTEX_POINT('',#2141);
#524=VERTEX_POINT('',#2161);
#525=VERTEX_POINT('',#2199);
#526=VERTEX_POINT('',#2212);
#527=VERTEX_POINT('',#2277);
#528=VERTEX_POINT('',#2285);
#529=VERTEX_POINT('',#2300);
#530=VERTEX_POINT('',#2305);
#531=VERTEX_POINT('',#2338);
#532=VERTEX_POINT('',#2346);
#533=VERTEX_POINT('',#2411);
#534=VERTEX_POINT('',#2426);
#535=VERTEX_POINT('',#2431);
#536=VERTEX_POINT('',#2438);
#537=VERTEX_POINT('',#2523);
#538=VERTEX_POINT('',#2528);
#539=VERTEX_POINT('',#2533);
#540=VERTEX_POINT('',#2574);
#541=VERTEX_POINT('',#2679);
#542=VERTEX_POINT('',#2684);
#543=VERTEX_POINT('',#2758);
#544=VERTEX_POINT('',#2759);
#545=VERTEX_POINT('',#2767);
#546=VERTEX_POINT('',#2769);
#547=VERTEX_POINT('',#2777);
#548=VERTEX_POINT('',#2785);
#549=VERTEX_POINT('',#2787);
#550=VERTEX_POINT('',#2795);
#551=VERTEX_POINT('',#2803);
#552=VERTEX_POINT('',#2805);
#553=VERTEX_POINT('',#2813);
#554=VERTEX_POINT('',#2821);
#555=VERTEX_POINT('',#2831);
#556=VERTEX_POINT('',#2832);
#557=VERTEX_POINT('',#2834);
#558=VERTEX_POINT('',#2836);
#559=VERTEX_POINT('',#2840);
#560=VERTEX_POINT('',#2842);
#561=VERTEX_POINT('',#2846);
#562=VERTEX_POINT('',#2848);
#563=VERTEX_POINT('',#2852);
#564=VERTEX_POINT('',#2853);
#565=VERTEX_POINT('',#2855);
#566=VERTEX_POINT('',#2857);
#567=VERTEX_POINT('',#2861);
#568=VERTEX_POINT('',#2863);
#569=VERTEX_POINT('',#2867);
#570=VERTEX_POINT('',#2869);
#571=VERTEX_POINT('',#2873);
#572=VERTEX_POINT('',#2875);
#573=VERTEX_POINT('',#2882);
#574=VERTEX_POINT('',#2884);
#575=VERTEX_POINT('',#2888);
#576=VERTEX_POINT('',#2890);
#577=VERTEX_POINT('',#2894);
#578=VERTEX_POINT('',#2896);
#579=VERTEX_POINT('',#2903);
#580=VERTEX_POINT('',#2905);
#581=VERTEX_POINT('',#2909);
#582=VERTEX_POINT('',#2913);
#583=VERTEX_POINT('',#2917);
#584=VERTEX_POINT('',#2921);
#585=VERTEX_POINT('',#2925);
#586=VERTEX_POINT('',#2929);
#587=VERTEX_POINT('',#2932);
#588=VERTEX_POINT('',#2934);
#589=VERTEX_POINT('',#2936);
#590=VERTEX_POINT('',#2938);
#591=VERTEX_POINT('',#2940);
#592=VERTEX_POINT('',#2955);
#593=VERTEX_POINT('',#2956);
#594=VERTEX_POINT('',#2965);
#595=VERTEX_POINT('',#2974);
#596=VERTEX_POINT('',#2981);
#597=VERTEX_POINT('',#2990);
#598=VERTEX_POINT('',#2999);
#599=VERTEX_POINT('',#3006);
#600=VERTEX_POINT('',#3015);
#601=VERTEX_POINT('',#3024);
#602=VERTEX_POINT('',#3031);
#603=VERTEX_POINT('',#3040);
#604=VERTEX_POINT('',#3055);
#605=VERTEX_POINT('',#3447);
#606=VERTEX_POINT('',#3449);
#607=VERTEX_POINT('',#3454);
#608=VERTEX_POINT('',#3490);
#609=VERTEX_POINT('',#3518);
#610=VERTEX_POINT('',#3523);
#611=VERTEX_POINT('',#3559);
#612=VERTEX_POINT('',#3564);
#613=VERTEX_POINT('',#3569);
#614=VERTEX_POINT('',#3597);
#615=VERTEX_POINT('',#3637);
#616=VERTEX_POINT('',#3665);
#617=VERTEX_POINT('',#3701);
#618=VERTEX_POINT('',#3729);
#619=VERTEX_POINT('',#3769);
#620=VERTEX_POINT('',#3797);
#621=VERTEX_POINT('',#3833);
#622=VERTEX_POINT('',#3861);
#623=VERTEX_POINT('',#3901);
#624=VERTEX_POINT('',#3929);
#625=VERTEX_POINT('',#3934);
#626=VERTEX_POINT('',#3936);
#627=VERTEX_POINT('',#3975);
#628=VERTEX_POINT('',#4299);
#629=EDGE_CURVE('',#497,#498,#372,.T.);
#630=EDGE_CURVE('',#499,#498,#373,.T.);
#631=EDGE_CURVE('',#499,#500,#374,.T.);
#632=EDGE_CURVE('',#500,#497,#375,.T.);
#633=EDGE_CURVE('',#501,#497,#376,.T.);
#634=EDGE_CURVE('',#501,#502,#377,.T.);
#635=EDGE_CURVE('',#503,#502,#378,.T.);
#636=EDGE_CURVE('',#504,#503,#379,.T.);
#637=EDGE_CURVE('',#504,#505,#380,.T.);
#638=EDGE_CURVE('',#505,#506,#381,.F.);
#639=EDGE_CURVE('',#498,#506,#382,.T.);
#640=EDGE_CURVE('',#507,#499,#383,.T.);
#641=EDGE_CURVE('',#507,#508,#384,.T.);
#642=EDGE_CURVE('',#509,#508,#385,.T.);
#643=EDGE_CURVE('',#510,#509,#386,.T.);
#644=EDGE_CURVE('',#510,#500,#387,.T.);
#645=EDGE_CURVE('',#511,#512,#388,.T.);
#646=EDGE_CURVE('',#513,#512,#389,.T.);
#647=EDGE_CURVE('',#513,#514,#390,.T.);
#648=EDGE_CURVE('',#514,#511,#391,.T.);
#649=EDGE_CURVE('',#506,#515,#392,.F.);
#650=EDGE_CURVE('',#512,#515,#393,.T.);
#651=EDGE_CURVE('',#516,#511,#394,.T.);
#652=EDGE_CURVE('',#516,#507,#395,.T.);
#653=EDGE_CURVE('',#517,#513,#396,.T.);
#654=EDGE_CURVE('',#517,#518,#397,.T.);
#655=EDGE_CURVE('',#519,#518,#398,.T.);
#656=EDGE_CURVE('',#520,#519,#399,.T.);
#657=EDGE_CURVE('',#520,#514,#400,.T.);
#658=EDGE_CURVE('',#521,#522,#401,.T.);
#659=EDGE_CURVE('',#523,#522,#402,.T.);
#660=EDGE_CURVE('',#523,#524,#403,.T.);
#661=EDGE_CURVE('',#524,#521,#404,.T.);
#662=EDGE_CURVE('',#515,#525,#405,.F.);
#663=EDGE_CURVE('',#522,#525,#406,.T.);
#664=EDGE_CURVE('',#526,#521,#407,.T.);
#665=EDGE_CURVE('',#526,#517,#408,.T.);
#666=EDGE_CURVE('',#527,#523,#409,.T.);
#667=EDGE_CURVE('',#527,#528,#410,.T.);
#668=EDGE_CURVE('',#529,#528,#411,.T.);
#669=EDGE_CURVE('',#530,#529,#412,.T.);
#670=EDGE_CURVE('',#530,#524,#413,.T.);
#671=EDGE_CURVE('',#525,#505,#414,.F.);
#672=EDGE_CURVE('',#531,#504,#415,.T.);
#673=EDGE_CURVE('',#532,#531,#416,.T.);
#674=EDGE_CURVE('',#532,#527,#417,.T.);
#675=EDGE_CURVE('',#502,#533,#418,.T.);
#676=EDGE_CURVE('',#534,#533,#419,.T.);
#677=EDGE_CURVE('',#535,#534,#420,.T.);
#678=EDGE_CURVE('',#535,#536,#421,.T.);
#679=EDGE_CURVE('',#503,#536,#422,.T.);
#680=EDGE_CURVE('',#531,#536,#423,.T.);
#681=EDGE_CURVE('',#536,#537,#424,.T.);
#682=EDGE_CURVE('',#538,#537,#425,.T.);
#683=EDGE_CURVE('',#539,#538,#426,.T.);
#684=EDGE_CURVE('',#539,#532,#427,.T.);
#685=EDGE_CURVE('',#540,#526,#428,.T.);
#686=EDGE_CURVE('',#518,#540,#429,.T.);
#687=EDGE_CURVE('',#524,#541,#430,.T.);
#688=EDGE_CURVE('',#542,#541,#431,.T.);
#689=EDGE_CURVE('',#540,#542,#432,.T.);
#690=EDGE_CURVE('',#528,#539,#433,.T.);
#691=EDGE_CURVE('',#543,#544,#434,.T.);
#692=EDGE_CURVE('',#544,#545,#39,.T.);
#693=EDGE_CURVE('',#545,#546,#435,.T.);
#694=EDGE_CURVE('',#546,#547,#436,.T.);
#695=EDGE_CURVE('',#547,#548,#40,.T.);
#696=EDGE_CURVE('',#548,#549,#437,.T.);
#697=EDGE_CURVE('',#549,#550,#438,.T.);
#698=EDGE_CURVE('',#550,#551,#41,.T.);
#699=EDGE_CURVE('',#551,#552,#439,.T.);
#700=EDGE_CURVE('',#552,#553,#440,.T.);
#701=EDGE_CURVE('',#553,#554,#42,.T.);
#702=EDGE_CURVE('',#554,#543,#441,.T.);
#703=EDGE_CURVE('',#555,#556,#43,.T.);
#704=EDGE_CURVE('',#556,#557,#44,.T.);
#705=EDGE_CURVE('',#557,#558,#45,.T.);
#706=EDGE_CURVE('',#555,#558,#46,.T.);
#707=EDGE_CURVE('',#556,#559,#47,.T.);
#708=EDGE_CURVE('',#559,#560,#48,.T.);
#709=EDGE_CURVE('',#560,#557,#49,.T.);
#710=EDGE_CURVE('',#559,#561,#50,.T.);
#711=EDGE_CURVE('',#561,#562,#51,.T.);
#712=EDGE_CURVE('',#562,#560,#52,.T.);
#713=EDGE_CURVE('',#563,#564,#53,.T.);
#714=EDGE_CURVE('',#564,#565,#54,.T.);
#715=EDGE_CURVE('',#565,#566,#55,.T.);
#716=EDGE_CURVE('',#566,#563,#56,.T.);
#717=EDGE_CURVE('',#561,#567,#57,.T.);
#718=EDGE_CURVE('',#567,#568,#58,.T.);
#719=EDGE_CURVE('',#568,#562,#59,.T.);
#720=EDGE_CURVE('',#567,#569,#60,.T.);
#721=EDGE_CURVE('',#569,#570,#61,.T.);
#722=EDGE_CURVE('',#570,#568,#62,.T.);
#723=EDGE_CURVE('',#571,#570,#63,.T.);
#724=EDGE_CURVE('',#569,#572,#64,.T.);
#725=EDGE_CURVE('',#572,#571,#65,.T.);
#726=EDGE_CURVE('',#564,#571,#66,.T.);
#727=EDGE_CURVE('',#572,#565,#67,.T.);
#728=EDGE_CURVE('',#573,#563,#68,.T.);
#729=EDGE_CURVE('',#566,#574,#69,.T.);
#730=EDGE_CURVE('',#574,#573,#70,.T.);
#731=EDGE_CURVE('',#575,#573,#71,.T.);
#732=EDGE_CURVE('',#574,#576,#72,.T.);
#733=EDGE_CURVE('',#576,#575,#73,.T.);
#734=EDGE_CURVE('',#577,#575,#74,.T.);
#735=EDGE_CURVE('',#576,#578,#75,.T.);
#736=EDGE_CURVE('',#578,#577,#76,.T.);
#737=EDGE_CURVE('',#558,#577,#77,.T.);
#738=EDGE_CURVE('',#578,#555,#78,.T.);
#739=EDGE_CURVE('',#555,#579,#79,.T.);
#740=EDGE_CURVE('',#579,#580,#80,.T.);
#741=EDGE_CURVE('',#556,#580,#81,.T.);
#742=EDGE_CURVE('',#578,#581,#82,.T.);
#743=EDGE_CURVE('',#581,#579,#83,.T.);
#744=EDGE_CURVE('',#576,#582,#84,.T.);
#745=EDGE_CURVE('',#582,#581,#85,.T.);
#746=EDGE_CURVE('',#574,#583,#86,.T.);
#747=EDGE_CURVE('',#583,#582,#87,.T.);
#748=EDGE_CURVE('',#566,#584,#88,.T.);
#749=EDGE_CURVE('',#584,#583,#89,.T.);
#750=EDGE_CURVE('',#565,#585,#90,.T.);
#751=EDGE_CURVE('',#585,#584,#91,.T.);
#752=EDGE_CURVE('',#586,#586,#17,.T.);
#753=EDGE_CURVE('',#587,#585,#92,.T.);
#754=EDGE_CURVE('',#588,#587,#93,.T.);
#755=EDGE_CURVE('',#589,#588,#94,.T.);
#756=EDGE_CURVE('',#590,#589,#95,.T.);
#757=EDGE_CURVE('',#591,#590,#96,.T.);
#758=EDGE_CURVE('',#580,#591,#97,.T.);
#759=EDGE_CURVE('',#559,#591,#98,.T.);
#760=EDGE_CURVE('',#561,#590,#99,.T.);
#761=EDGE_CURVE('',#567,#589,#100,.T.);
#762=EDGE_CURVE('',#569,#588,#101,.T.);
#763=EDGE_CURVE('',#572,#587,#102,.T.);
#764=EDGE_CURVE('',#592,#593,#442,.T.);
#765=EDGE_CURVE('',#594,#592,#443,.T.);
#766=EDGE_CURVE('',#595,#594,#444,.T.);
#767=EDGE_CURVE('',#596,#595,#445,.T.);
#768=EDGE_CURVE('',#597,#596,#446,.T.);
#769=EDGE_CURVE('',#598,#597,#447,.T.);
#770=EDGE_CURVE('',#599,#598,#448,.T.);
#771=EDGE_CURVE('',#600,#599,#449,.T.);
#772=EDGE_CURVE('',#601,#600,#450,.T.);
#773=EDGE_CURVE('',#602,#601,#451,.T.);
#774=EDGE_CURVE('',#603,#602,#452,.T.);
#775=EDGE_CURVE('',#593,#603,#453,.T.);
#776=EDGE_CURVE('',#604,#604,#18,.T.);
#777=EDGE_CURVE('',#550,#598,#454,.T.);
#778=EDGE_CURVE('',#599,#549,#455,.T.);
#779=EDGE_CURVE('',#597,#551,#456,.T.);
#780=EDGE_CURVE('',#596,#552,#457,.F.);
#781=EDGE_CURVE('',#553,#595,#458,.T.);
#782=EDGE_CURVE('',#594,#554,#459,.T.);
#783=EDGE_CURVE('',#592,#543,#460,.T.);
#784=EDGE_CURVE('',#604,#586,#103,.T.);
#785=EDGE_CURVE('',#600,#548,#461,.T.);
#786=EDGE_CURVE('',#547,#601,#462,.T.);
#787=EDGE_CURVE('',#602,#546,#463,.T.);
#788=EDGE_CURVE('',#603,#545,#464,.T.);
#789=EDGE_CURVE('',#544,#593,#465,.T.);
#790=EDGE_CURVE('',#510,#605,#19,.T.);
#791=EDGE_CURVE('',#605,#606,#466,.T.);
#792=EDGE_CURVE('',#606,#607,#20,.T.);
#793=EDGE_CURVE('',#607,#510,#467,.T.);
#794=EDGE_CURVE('',#508,#608,#21,.T.);
#795=EDGE_CURVE('',#608,#605,#468,.T.);
#796=EDGE_CURVE('',#508,#609,#469,.T.);
#797=EDGE_CURVE('',#609,#610,#22,.T.);
#798=EDGE_CURVE('',#610,#608,#470,.T.);
#799=EDGE_CURVE('',#609,#611,#471,.T.);
#800=EDGE_CURVE('',#611,#612,#472,.T.);
#801=EDGE_CURVE('',#612,#613,#23,.T.);
#802=EDGE_CURVE('',#613,#610,#473,.T.);
#803=EDGE_CURVE('',#520,#614,#24,.T.);
#804=EDGE_CURVE('',#614,#613,#474,.T.);
#805=EDGE_CURVE('',#612,#520,#475,.T.);
#806=EDGE_CURVE('',#518,#615,#25,.T.);
#807=EDGE_CURVE('',#615,#614,#476,.T.);
#808=EDGE_CURVE('',#540,#616,#26,.T.);
#809=EDGE_CURVE('',#616,#615,#477,.T.);
#810=EDGE_CURVE('',#541,#617,#27,.T.);
#811=EDGE_CURVE('',#617,#616,#478,.T.);
#812=EDGE_CURVE('',#530,#618,#28,.T.);
#813=EDGE_CURVE('',#618,#617,#479,.T.);
#814=EDGE_CURVE('',#541,#530,#480,.T.);
#815=EDGE_CURVE('',#528,#619,#29,.T.);
#816=EDGE_CURVE('',#619,#618,#481,.T.);
#817=EDGE_CURVE('',#539,#620,#30,.T.);
#818=EDGE_CURVE('',#620,#619,#482,.T.);
#819=EDGE_CURVE('',#537,#621,#31,.T.);
#820=EDGE_CURVE('',#621,#620,#483,.T.);
#821=EDGE_CURVE('',#535,#622,#32,.T.);
#822=EDGE_CURVE('',#622,#621,#484,.T.);
#823=EDGE_CURVE('',#537,#535,#485,.T.);
#824=EDGE_CURVE('',#533,#623,#33,.T.);
#825=EDGE_CURVE('',#623,#622,#486,.T.);
#826=EDGE_CURVE('',#533,#624,#487,.T.);
#827=EDGE_CURVE('',#624,#625,#34,.T.);
#828=EDGE_CURVE('',#625,#626,#488,.T.);
#829=EDGE_CURVE('',#626,#623,#489,.T.);
#830=EDGE_CURVE('',#624,#627,#490,.T.);
#831=EDGE_CURVE('',#627,#607,#491,.T.);
#832=EDGE_CURVE('',#606,#625,#492,.T.);
#833=EDGE_CURVE('',#514,#612,#493,.T.);
#834=EDGE_CURVE('',#609,#516,#494,.T.);
#835=EDGE_CURVE('',#500,#607,#495,.T.);
#836=EDGE_CURVE('',#628,#626,#35,.T.);
#837=EDGE_CURVE('',#624,#501,#496,.T.);
#838=ORIENTED_EDGE('',*,*,#629,.T.);
#839=ORIENTED_EDGE('',*,*,#630,.F.);
#840=ORIENTED_EDGE('',*,*,#631,.T.);
#841=ORIENTED_EDGE('',*,*,#632,.T.);
#842=ORIENTED_EDGE('',*,*,#629,.F.);
#843=ORIENTED_EDGE('',*,*,#633,.F.);
#844=ORIENTED_EDGE('',*,*,#634,.T.);
#845=ORIENTED_EDGE('',*,*,#635,.F.);
#846=ORIENTED_EDGE('',*,*,#636,.F.);
#847=ORIENTED_EDGE('',*,*,#637,.T.);
#848=ORIENTED_EDGE('',*,*,#638,.T.);
#849=ORIENTED_EDGE('',*,*,#639,.F.);
#850=ORIENTED_EDGE('',*,*,#640,.F.);
#851=ORIENTED_EDGE('',*,*,#641,.T.);
#852=ORIENTED_EDGE('',*,*,#642,.F.);
#853=ORIENTED_EDGE('',*,*,#643,.F.);
#854=ORIENTED_EDGE('',*,*,#644,.T.);
#855=ORIENTED_EDGE('',*,*,#631,.F.);
#856=ORIENTED_EDGE('',*,*,#645,.T.);
#857=ORIENTED_EDGE('',*,*,#646,.F.);
#858=ORIENTED_EDGE('',*,*,#647,.T.);
#859=ORIENTED_EDGE('',*,*,#648,.T.);
#860=ORIENTED_EDGE('',*,*,#639,.T.);
#861=ORIENTED_EDGE('',*,*,#649,.T.);
#862=ORIENTED_EDGE('',*,*,#650,.F.);
#863=ORIENTED_EDGE('',*,*,#645,.F.);
#864=ORIENTED_EDGE('',*,*,#651,.F.);
#865=ORIENTED_EDGE('',*,*,#652,.T.);
#866=ORIENTED_EDGE('',*,*,#640,.T.);
#867=ORIENTED_EDGE('',*,*,#630,.T.);
#868=ORIENTED_EDGE('',*,*,#653,.F.);
#869=ORIENTED_EDGE('',*,*,#654,.T.);
#870=ORIENTED_EDGE('',*,*,#655,.F.);
#871=ORIENTED_EDGE('',*,*,#656,.F.);
#872=ORIENTED_EDGE('',*,*,#657,.T.);
#873=ORIENTED_EDGE('',*,*,#647,.F.);
#874=ORIENTED_EDGE('',*,*,#658,.T.);
#875=ORIENTED_EDGE('',*,*,#659,.F.);
#876=ORIENTED_EDGE('',*,*,#660,.T.);
#877=ORIENTED_EDGE('',*,*,#661,.T.);
#878=ORIENTED_EDGE('',*,*,#650,.T.);
#879=ORIENTED_EDGE('',*,*,#662,.T.);
#880=ORIENTED_EDGE('',*,*,#663,.F.);
#881=ORIENTED_EDGE('',*,*,#658,.F.);
#882=ORIENTED_EDGE('',*,*,#664,.F.);
#883=ORIENTED_EDGE('',*,*,#665,.T.);
#884=ORIENTED_EDGE('',*,*,#653,.T.);
#885=ORIENTED_EDGE('',*,*,#646,.T.);
#886=ORIENTED_EDGE('',*,*,#666,.F.);
#887=ORIENTED_EDGE('',*,*,#667,.T.);
#888=ORIENTED_EDGE('',*,*,#668,.F.);
#889=ORIENTED_EDGE('',*,*,#669,.F.);
#890=ORIENTED_EDGE('',*,*,#670,.T.);
#891=ORIENTED_EDGE('',*,*,#660,.F.);
#892=ORIENTED_EDGE('',*,*,#663,.T.);
#893=ORIENTED_EDGE('',*,*,#671,.T.);
#894=ORIENTED_EDGE('',*,*,#637,.F.);
#895=ORIENTED_EDGE('',*,*,#672,.F.);
#896=ORIENTED_EDGE('',*,*,#673,.F.);
#897=ORIENTED_EDGE('',*,*,#674,.T.);
#898=ORIENTED_EDGE('',*,*,#666,.T.);
#899=ORIENTED_EDGE('',*,*,#659,.T.);
#900=ORIENTED_EDGE('',*,*,#635,.T.);
#901=ORIENTED_EDGE('',*,*,#675,.T.);
#902=ORIENTED_EDGE('',*,*,#676,.F.);
#903=ORIENTED_EDGE('',*,*,#677,.F.);
#904=ORIENTED_EDGE('',*,*,#678,.T.);
#905=ORIENTED_EDGE('',*,*,#679,.F.);
#906=ORIENTED_EDGE('',*,*,#673,.T.);
#907=ORIENTED_EDGE('',*,*,#680,.T.);
#908=ORIENTED_EDGE('',*,*,#681,.T.);
#909=ORIENTED_EDGE('',*,*,#682,.F.);
#910=ORIENTED_EDGE('',*,*,#683,.F.);
#911=ORIENTED_EDGE('',*,*,#684,.T.);
#912=ORIENTED_EDGE('',*,*,#665,.F.);
#913=ORIENTED_EDGE('',*,*,#685,.F.);
#914=ORIENTED_EDGE('',*,*,#686,.F.);
#915=ORIENTED_EDGE('',*,*,#654,.F.);
#916=ORIENTED_EDGE('',*,*,#664,.T.);
#917=ORIENTED_EDGE('',*,*,#661,.F.);
#918=ORIENTED_EDGE('',*,*,#687,.T.);
#919=ORIENTED_EDGE('',*,*,#688,.F.);
#920=ORIENTED_EDGE('',*,*,#689,.F.);
#921=ORIENTED_EDGE('',*,*,#685,.T.);
#922=ORIENTED_EDGE('',*,*,#674,.F.);
#923=ORIENTED_EDGE('',*,*,#684,.F.);
#924=ORIENTED_EDGE('',*,*,#690,.F.);
#925=ORIENTED_EDGE('',*,*,#667,.F.);
#926=ORIENTED_EDGE('',*,*,#672,.T.);
#927=ORIENTED_EDGE('',*,*,#636,.T.);
#928=ORIENTED_EDGE('',*,*,#679,.T.);
#929=ORIENTED_EDGE('',*,*,#680,.F.);
#930=ORIENTED_EDGE('',*,*,#638,.F.);
#931=ORIENTED_EDGE('',*,*,#671,.F.);
#932=ORIENTED_EDGE('',*,*,#662,.F.);
#933=ORIENTED_EDGE('',*,*,#649,.F.);
#934=ORIENTED_EDGE('',*,*,#691,.T.);
#935=ORIENTED_EDGE('',*,*,#692,.T.);
#936=ORIENTED_EDGE('',*,*,#693,.T.);
#937=ORIENTED_EDGE('',*,*,#694,.T.);
#938=ORIENTED_EDGE('',*,*,#695,.T.);
#939=ORIENTED_EDGE('',*,*,#696,.T.);
#940=ORIENTED_EDGE('',*,*,#697,.T.);
#941=ORIENTED_EDGE('',*,*,#698,.T.);
#942=ORIENTED_EDGE('',*,*,#699,.T.);
#943=ORIENTED_EDGE('',*,*,#700,.T.);
#944=ORIENTED_EDGE('',*,*,#701,.T.);
#945=ORIENTED_EDGE('',*,*,#702,.T.);
#946=ORIENTED_EDGE('',*,*,#703,.T.);
#947=ORIENTED_EDGE('',*,*,#704,.T.);
#948=ORIENTED_EDGE('',*,*,#705,.T.);
#949=ORIENTED_EDGE('',*,*,#706,.F.);
#950=ORIENTED_EDGE('',*,*,#707,.T.);
#951=ORIENTED_EDGE('',*,*,#708,.T.);
#952=ORIENTED_EDGE('',*,*,#709,.T.);
#953=ORIENTED_EDGE('',*,*,#704,.F.);
#954=ORIENTED_EDGE('',*,*,#710,.T.);
#955=ORIENTED_EDGE('',*,*,#711,.T.);
#956=ORIENTED_EDGE('',*,*,#712,.T.);
#957=ORIENTED_EDGE('',*,*,#708,.F.);
#958=ORIENTED_EDGE('',*,*,#713,.T.);
#959=ORIENTED_EDGE('',*,*,#714,.T.);
#960=ORIENTED_EDGE('',*,*,#715,.T.);
#961=ORIENTED_EDGE('',*,*,#716,.T.);
#962=ORIENTED_EDGE('',*,*,#717,.T.);
#963=ORIENTED_EDGE('',*,*,#718,.T.);
#964=ORIENTED_EDGE('',*,*,#719,.T.);
#965=ORIENTED_EDGE('',*,*,#711,.F.);
#966=ORIENTED_EDGE('',*,*,#720,.T.);
#967=ORIENTED_EDGE('',*,*,#721,.T.);
#968=ORIENTED_EDGE('',*,*,#722,.T.);
#969=ORIENTED_EDGE('',*,*,#718,.F.);
#970=ORIENTED_EDGE('',*,*,#723,.T.);
#971=ORIENTED_EDGE('',*,*,#721,.F.);
#972=ORIENTED_EDGE('',*,*,#724,.T.);
#973=ORIENTED_EDGE('',*,*,#725,.T.);
#974=ORIENTED_EDGE('',*,*,#726,.T.);
#975=ORIENTED_EDGE('',*,*,#725,.F.);
#976=ORIENTED_EDGE('',*,*,#727,.T.);
#977=ORIENTED_EDGE('',*,*,#714,.F.);
#978=ORIENTED_EDGE('',*,*,#728,.T.);
#979=ORIENTED_EDGE('',*,*,#716,.F.);
#980=ORIENTED_EDGE('',*,*,#729,.T.);
#981=ORIENTED_EDGE('',*,*,#730,.T.);
#982=ORIENTED_EDGE('',*,*,#731,.T.);
#983=ORIENTED_EDGE('',*,*,#730,.F.);
#984=ORIENTED_EDGE('',*,*,#732,.T.);
#985=ORIENTED_EDGE('',*,*,#733,.T.);
#986=ORIENTED_EDGE('',*,*,#734,.T.);
#987=ORIENTED_EDGE('',*,*,#733,.F.);
#988=ORIENTED_EDGE('',*,*,#735,.T.);
#989=ORIENTED_EDGE('',*,*,#736,.T.);
#990=ORIENTED_EDGE('',*,*,#737,.T.);
#991=ORIENTED_EDGE('',*,*,#736,.F.);
#992=ORIENTED_EDGE('',*,*,#738,.T.);
#993=ORIENTED_EDGE('',*,*,#706,.T.);
#994=ORIENTED_EDGE('',*,*,#703,.F.);
#995=ORIENTED_EDGE('',*,*,#739,.T.);
#996=ORIENTED_EDGE('',*,*,#740,.T.);
#997=ORIENTED_EDGE('',*,*,#741,.F.);
#998=ORIENTED_EDGE('',*,*,#738,.F.);
#999=ORIENTED_EDGE('',*,*,#742,.T.);
#1000=ORIENTED_EDGE('',*,*,#743,.T.);
#1001=ORIENTED_EDGE('',*,*,#739,.F.);
#1002=ORIENTED_EDGE('',*,*,#735,.F.);
#1003=ORIENTED_EDGE('',*,*,#744,.T.);
#1004=ORIENTED_EDGE('',*,*,#745,.T.);
#1005=ORIENTED_EDGE('',*,*,#742,.F.);
#1006=ORIENTED_EDGE('',*,*,#732,.F.);
#1007=ORIENTED_EDGE('',*,*,#746,.T.);
#1008=ORIENTED_EDGE('',*,*,#747,.T.);
#1009=ORIENTED_EDGE('',*,*,#744,.F.);
#1010=ORIENTED_EDGE('',*,*,#729,.F.);
#1011=ORIENTED_EDGE('',*,*,#748,.T.);
#1012=ORIENTED_EDGE('',*,*,#749,.T.);
#1013=ORIENTED_EDGE('',*,*,#746,.F.);
#1014=ORIENTED_EDGE('',*,*,#715,.F.);
#1015=ORIENTED_EDGE('',*,*,#750,.T.);
#1016=ORIENTED_EDGE('',*,*,#751,.T.);
#1017=ORIENTED_EDGE('',*,*,#748,.F.);
#1018=ORIENTED_EDGE('',*,*,#752,.T.);
#1019=ORIENTED_EDGE('',*,*,#713,.F.);
#1020=ORIENTED_EDGE('',*,*,#728,.F.);
#1021=ORIENTED_EDGE('',*,*,#731,.F.);
#1022=ORIENTED_EDGE('',*,*,#734,.F.);
#1023=ORIENTED_EDGE('',*,*,#737,.F.);
#1024=ORIENTED_EDGE('',*,*,#705,.F.);
#1025=ORIENTED_EDGE('',*,*,#709,.F.);
#1026=ORIENTED_EDGE('',*,*,#712,.F.);
#1027=ORIENTED_EDGE('',*,*,#719,.F.);
#1028=ORIENTED_EDGE('',*,*,#722,.F.);
#1029=ORIENTED_EDGE('',*,*,#723,.F.);
#1030=ORIENTED_EDGE('',*,*,#726,.F.);
#1031=ORIENTED_EDGE('',*,*,#751,.F.);
#1032=ORIENTED_EDGE('',*,*,#753,.F.);
#1033=ORIENTED_EDGE('',*,*,#754,.F.);
#1034=ORIENTED_EDGE('',*,*,#755,.F.);
#1035=ORIENTED_EDGE('',*,*,#756,.F.);
#1036=ORIENTED_EDGE('',*,*,#757,.F.);
#1037=ORIENTED_EDGE('',*,*,#758,.F.);
#1038=ORIENTED_EDGE('',*,*,#740,.F.);
#1039=ORIENTED_EDGE('',*,*,#743,.F.);
#1040=ORIENTED_EDGE('',*,*,#745,.F.);
#1041=ORIENTED_EDGE('',*,*,#747,.F.);
#1042=ORIENTED_EDGE('',*,*,#749,.F.);
#1043=ORIENTED_EDGE('',*,*,#707,.F.);
#1044=ORIENTED_EDGE('',*,*,#741,.T.);
#1045=ORIENTED_EDGE('',*,*,#758,.T.);
#1046=ORIENTED_EDGE('',*,*,#759,.F.);
#1047=ORIENTED_EDGE('',*,*,#710,.F.);
#1048=ORIENTED_EDGE('',*,*,#759,.T.);
#1049=ORIENTED_EDGE('',*,*,#757,.T.);
#1050=ORIENTED_EDGE('',*,*,#760,.F.);
#1051=ORIENTED_EDGE('',*,*,#717,.F.);
#1052=ORIENTED_EDGE('',*,*,#760,.T.);
#1053=ORIENTED_EDGE('',*,*,#756,.T.);
#1054=ORIENTED_EDGE('',*,*,#761,.F.);
#1055=ORIENTED_EDGE('',*,*,#720,.F.);
#1056=ORIENTED_EDGE('',*,*,#761,.T.);
#1057=ORIENTED_EDGE('',*,*,#755,.T.);
#1058=ORIENTED_EDGE('',*,*,#762,.F.);
#1059=ORIENTED_EDGE('',*,*,#724,.F.);
#1060=ORIENTED_EDGE('',*,*,#762,.T.);
#1061=ORIENTED_EDGE('',*,*,#754,.T.);
#1062=ORIENTED_EDGE('',*,*,#763,.F.);
#1063=ORIENTED_EDGE('',*,*,#727,.F.);
#1064=ORIENTED_EDGE('',*,*,#763,.T.);
#1065=ORIENTED_EDGE('',*,*,#753,.T.);
#1066=ORIENTED_EDGE('',*,*,#750,.F.);
#1067=ORIENTED_EDGE('',*,*,#764,.F.);
#1068=ORIENTED_EDGE('',*,*,#765,.F.);
#1069=ORIENTED_EDGE('',*,*,#766,.F.);
#1070=ORIENTED_EDGE('',*,*,#767,.F.);
#1071=ORIENTED_EDGE('',*,*,#768,.F.);
#1072=ORIENTED_EDGE('',*,*,#769,.F.);
#1073=ORIENTED_EDGE('',*,*,#770,.F.);
#1074=ORIENTED_EDGE('',*,*,#771,.F.);
#1075=ORIENTED_EDGE('',*,*,#772,.F.);
#1076=ORIENTED_EDGE('',*,*,#773,.F.);
#1077=ORIENTED_EDGE('',*,*,#774,.F.);
#1078=ORIENTED_EDGE('',*,*,#775,.F.);
#1079=ORIENTED_EDGE('',*,*,#776,.F.);
#1080=ORIENTED_EDGE('',*,*,#770,.T.);
#1081=ORIENTED_EDGE('',*,*,#777,.F.);
#1082=ORIENTED_EDGE('',*,*,#697,.F.);
#1083=ORIENTED_EDGE('',*,*,#778,.F.);
#1084=ORIENTED_EDGE('',*,*,#769,.T.);
#1085=ORIENTED_EDGE('',*,*,#779,.T.);
#1086=ORIENTED_EDGE('',*,*,#698,.F.);
#1087=ORIENTED_EDGE('',*,*,#777,.T.);
#1088=ORIENTED_EDGE('',*,*,#768,.T.);
#1089=ORIENTED_EDGE('',*,*,#780,.T.);
#1090=ORIENTED_EDGE('',*,*,#699,.F.);
#1091=ORIENTED_EDGE('',*,*,#779,.F.);
#1092=ORIENTED_EDGE('',*,*,#767,.T.);
#1093=ORIENTED_EDGE('',*,*,#781,.F.);
#1094=ORIENTED_EDGE('',*,*,#700,.F.);
#1095=ORIENTED_EDGE('',*,*,#780,.F.);
#1096=ORIENTED_EDGE('',*,*,#766,.T.);
#1097=ORIENTED_EDGE('',*,*,#782,.T.);
#1098=ORIENTED_EDGE('',*,*,#701,.F.);
#1099=ORIENTED_EDGE('',*,*,#781,.T.);
#1100=ORIENTED_EDGE('',*,*,#765,.T.);
#1101=ORIENTED_EDGE('',*,*,#783,.T.);
#1102=ORIENTED_EDGE('',*,*,#702,.F.);
#1103=ORIENTED_EDGE('',*,*,#782,.F.);
#1104=ORIENTED_EDGE('',*,*,#776,.T.);
#1105=ORIENTED_EDGE('',*,*,#784,.T.);
#1106=ORIENTED_EDGE('',*,*,#752,.F.);
#1107=ORIENTED_EDGE('',*,*,#784,.F.);
#1108=ORIENTED_EDGE('',*,*,#771,.T.);
#1109=ORIENTED_EDGE('',*,*,#778,.T.);
#1110=ORIENTED_EDGE('',*,*,#696,.F.);
#1111=ORIENTED_EDGE('',*,*,#785,.F.);
#1112=ORIENTED_EDGE('',*,*,#773,.T.);
#1113=ORIENTED_EDGE('',*,*,#786,.F.);
#1114=ORIENTED_EDGE('',*,*,#694,.F.);
#1115=ORIENTED_EDGE('',*,*,#787,.F.);
#1116=ORIENTED_EDGE('',*,*,#774,.T.);
#1117=ORIENTED_EDGE('',*,*,#787,.T.);
#1118=ORIENTED_EDGE('',*,*,#693,.F.);
#1119=ORIENTED_EDGE('',*,*,#788,.F.);
#1120=ORIENTED_EDGE('',*,*,#764,.T.);
#1121=ORIENTED_EDGE('',*,*,#789,.F.);
#1122=ORIENTED_EDGE('',*,*,#691,.F.);
#1123=ORIENTED_EDGE('',*,*,#783,.F.);
#1124=ORIENTED_EDGE('',*,*,#775,.T.);
#1125=ORIENTED_EDGE('',*,*,#788,.T.);
#1126=ORIENTED_EDGE('',*,*,#692,.F.);
#1127=ORIENTED_EDGE('',*,*,#789,.T.);
#1128=ORIENTED_EDGE('',*,*,#772,.T.);
#1129=ORIENTED_EDGE('',*,*,#785,.T.);
#1130=ORIENTED_EDGE('',*,*,#695,.F.);
#1131=ORIENTED_EDGE('',*,*,#786,.T.);
#1132=ORIENTED_EDGE('',*,*,#790,.T.);
#1133=ORIENTED_EDGE('',*,*,#791,.T.);
#1134=ORIENTED_EDGE('',*,*,#792,.T.);
#1135=ORIENTED_EDGE('',*,*,#793,.T.);
#1136=ORIENTED_EDGE('',*,*,#790,.F.);
#1137=ORIENTED_EDGE('',*,*,#643,.T.);
#1138=ORIENTED_EDGE('',*,*,#642,.T.);
#1139=ORIENTED_EDGE('',*,*,#794,.T.);
#1140=ORIENTED_EDGE('',*,*,#795,.T.);
#1141=ORIENTED_EDGE('',*,*,#794,.F.);
#1142=ORIENTED_EDGE('',*,*,#796,.T.);
#1143=ORIENTED_EDGE('',*,*,#797,.T.);
#1144=ORIENTED_EDGE('',*,*,#798,.T.);
#1145=ORIENTED_EDGE('',*,*,#797,.F.);
#1146=ORIENTED_EDGE('',*,*,#799,.T.);
#1147=ORIENTED_EDGE('',*,*,#800,.T.);
#1148=ORIENTED_EDGE('',*,*,#801,.T.);
#1149=ORIENTED_EDGE('',*,*,#802,.T.);
#1150=ORIENTED_EDGE('',*,*,#803,.T.);
#1151=ORIENTED_EDGE('',*,*,#804,.T.);
#1152=ORIENTED_EDGE('',*,*,#801,.F.);
#1153=ORIENTED_EDGE('',*,*,#805,.T.);
#1154=ORIENTED_EDGE('',*,*,#803,.F.);
#1155=ORIENTED_EDGE('',*,*,#656,.T.);
#1156=ORIENTED_EDGE('',*,*,#655,.T.);
#1157=ORIENTED_EDGE('',*,*,#806,.T.);
#1158=ORIENTED_EDGE('',*,*,#807,.T.);
#1159=ORIENTED_EDGE('',*,*,#806,.F.);
#1160=ORIENTED_EDGE('',*,*,#686,.T.);
#1161=ORIENTED_EDGE('',*,*,#808,.T.);
#1162=ORIENTED_EDGE('',*,*,#809,.T.);
#1163=ORIENTED_EDGE('',*,*,#808,.F.);
#1164=ORIENTED_EDGE('',*,*,#689,.T.);
#1165=ORIENTED_EDGE('',*,*,#688,.T.);
#1166=ORIENTED_EDGE('',*,*,#810,.T.);
#1167=ORIENTED_EDGE('',*,*,#811,.T.);
#1168=ORIENTED_EDGE('',*,*,#812,.T.);
#1169=ORIENTED_EDGE('',*,*,#813,.T.);
#1170=ORIENTED_EDGE('',*,*,#810,.F.);
#1171=ORIENTED_EDGE('',*,*,#814,.T.);
#1172=ORIENTED_EDGE('',*,*,#812,.F.);
#1173=ORIENTED_EDGE('',*,*,#669,.T.);
#1174=ORIENTED_EDGE('',*,*,#668,.T.);
#1175=ORIENTED_EDGE('',*,*,#815,.T.);
#1176=ORIENTED_EDGE('',*,*,#816,.T.);
#1177=ORIENTED_EDGE('',*,*,#815,.F.);
#1178=ORIENTED_EDGE('',*,*,#690,.T.);
#1179=ORIENTED_EDGE('',*,*,#817,.T.);
#1180=ORIENTED_EDGE('',*,*,#818,.T.);
#1181=ORIENTED_EDGE('',*,*,#817,.F.);
#1182=ORIENTED_EDGE('',*,*,#683,.T.);
#1183=ORIENTED_EDGE('',*,*,#682,.T.);
#1184=ORIENTED_EDGE('',*,*,#819,.T.);
#1185=ORIENTED_EDGE('',*,*,#820,.T.);
#1186=ORIENTED_EDGE('',*,*,#821,.T.);
#1187=ORIENTED_EDGE('',*,*,#822,.T.);
#1188=ORIENTED_EDGE('',*,*,#819,.F.);
#1189=ORIENTED_EDGE('',*,*,#823,.T.);
#1190=ORIENTED_EDGE('',*,*,#821,.F.);
#1191=ORIENTED_EDGE('',*,*,#677,.T.);
#1192=ORIENTED_EDGE('',*,*,#676,.T.);
#1193=ORIENTED_EDGE('',*,*,#824,.T.);
#1194=ORIENTED_EDGE('',*,*,#825,.T.);
#1195=ORIENTED_EDGE('',*,*,#824,.F.);
#1196=ORIENTED_EDGE('',*,*,#826,.T.);
#1197=ORIENTED_EDGE('',*,*,#827,.T.);
#1198=ORIENTED_EDGE('',*,*,#828,.T.);
#1199=ORIENTED_EDGE('',*,*,#829,.T.);
#1200=ORIENTED_EDGE('',*,*,#827,.F.);
#1201=ORIENTED_EDGE('',*,*,#830,.T.);
#1202=ORIENTED_EDGE('',*,*,#831,.T.);
#1203=ORIENTED_EDGE('',*,*,#792,.F.);
#1204=ORIENTED_EDGE('',*,*,#832,.T.);
#1205=ORIENTED_EDGE('',*,*,#805,.F.);
#1206=ORIENTED_EDGE('',*,*,#833,.F.);
#1207=ORIENTED_EDGE('',*,*,#657,.F.);
#1208=ORIENTED_EDGE('',*,*,#651,.T.);
#1209=ORIENTED_EDGE('',*,*,#648,.F.);
#1210=ORIENTED_EDGE('',*,*,#833,.T.);
#1211=ORIENTED_EDGE('',*,*,#800,.F.);
#1212=ORIENTED_EDGE('',*,*,#799,.F.);
#1213=ORIENTED_EDGE('',*,*,#834,.T.);
#1214=ORIENTED_EDGE('',*,*,#652,.F.);
#1215=ORIENTED_EDGE('',*,*,#834,.F.);
#1216=ORIENTED_EDGE('',*,*,#796,.F.);
#1217=ORIENTED_EDGE('',*,*,#641,.F.);
#1218=ORIENTED_EDGE('',*,*,#793,.F.);
#1219=ORIENTED_EDGE('',*,*,#835,.F.);
#1220=ORIENTED_EDGE('',*,*,#644,.F.);
#1221=ORIENTED_EDGE('',*,*,#791,.F.);
#1222=ORIENTED_EDGE('',*,*,#795,.F.);
#1223=ORIENTED_EDGE('',*,*,#798,.F.);
#1224=ORIENTED_EDGE('',*,*,#802,.F.);
#1225=ORIENTED_EDGE('',*,*,#804,.F.);
#1226=ORIENTED_EDGE('',*,*,#807,.F.);
#1227=ORIENTED_EDGE('',*,*,#809,.F.);
#1228=ORIENTED_EDGE('',*,*,#811,.F.);
#1229=ORIENTED_EDGE('',*,*,#813,.F.);
#1230=ORIENTED_EDGE('',*,*,#816,.F.);
#1231=ORIENTED_EDGE('',*,*,#818,.F.);
#1232=ORIENTED_EDGE('',*,*,#820,.F.);
#1233=ORIENTED_EDGE('',*,*,#822,.F.);
#1234=ORIENTED_EDGE('',*,*,#825,.F.);
#1235=ORIENTED_EDGE('',*,*,#829,.F.);
#1236=ORIENTED_EDGE('',*,*,#836,.F.);
#1237=ORIENTED_EDGE('',*,*,#836,.T.);
#1238=ORIENTED_EDGE('',*,*,#828,.F.);
#1239=ORIENTED_EDGE('',*,*,#832,.F.);
#1240=ORIENTED_EDGE('',*,*,#634,.F.);
#1241=ORIENTED_EDGE('',*,*,#837,.F.);
#1242=ORIENTED_EDGE('',*,*,#826,.F.);
#1243=ORIENTED_EDGE('',*,*,#675,.F.);
#1244=ORIENTED_EDGE('',*,*,#633,.T.);
#1245=ORIENTED_EDGE('',*,*,#632,.F.);
#1246=ORIENTED_EDGE('',*,*,#835,.T.);
#1247=ORIENTED_EDGE('',*,*,#831,.F.);
#1248=ORIENTED_EDGE('',*,*,#830,.F.);
#1249=ORIENTED_EDGE('',*,*,#837,.T.);
#1250=ORIENTED_EDGE('',*,*,#814,.F.);
#1251=ORIENTED_EDGE('',*,*,#687,.F.);
#1252=ORIENTED_EDGE('',*,*,#670,.F.);
#1253=ORIENTED_EDGE('',*,*,#823,.F.);
#1254=ORIENTED_EDGE('',*,*,#681,.F.);
#1255=ORIENTED_EDGE('',*,*,#678,.F.);
#1256=B_SPLINE_SURFACE_WITH_KNOTS('',3,3,((#1611,#1612,#1613,#1614,#1615,
#1616,#1617,#1618),(#1619,#1620,#1621,#1622,#1623,#1624,#1625,#1626),(#1627,
#1628,#1629,#1630,#1631,#1632,#1633,#1634),(#1635,#1636,#1637,#1638,#1639,
#1640,#1641,#1642),(#1643,#1644,#1645,#1646,#1647,#1648,#1649,#1650)),
 .UNSPECIFIED.,.F.,.F.,.F.,(4,1,4),(4,1,1,2,4),(0.,0.5,1.),(-0.847127172506037,
-0.338850869002415,-0.169425434501207,0.,0.0023321701847025),
 .UNSPECIFIED.);
#1257=B_SPLINE_SURFACE_WITH_KNOTS('',3,3,((#1706,#1707,#1708,#1709),(#1710,
#1711,#1712,#1713),(#1714,#1715,#1716,#1717),(#1718,#1719,#1720,#1721)),
 .UNSPECIFIED.,.F.,.F.,.F.,(4,4),(4,4),(-3.20075546745166E-16,1.),(-0.854551866898251,
0.854552501121269),.UNSPECIFIED.);
#1258=B_SPLINE_SURFACE_WITH_KNOTS('',3,3,((#1768,#1769,#1770,#1771,#1772,
#1773,#1774,#1775,#1776,#1777,#1778,#1779,#1780),(#1781,#1782,#1783,#1784,
#1785,#1786,#1787,#1788,#1789,#1790,#1791,#1792,#1793),(#1794,#1795,#1796,
#1797,#1798,#1799,#1800,#1801,#1802,#1803,#1804,#1805,#1806),(#1807,#1808,
#1809,#1810,#1811,#1812,#1813,#1814,#1815,#1816,#1817,#1818,#1819)),
 .UNSPECIFIED.,.F.,.F.,.F.,(4,4),(4,2,1,1,1,1,1,1,1,4),(0.,1.),(-0.122090577831173,
0.,0.00923746536218953,0.0184749307243791,0.0369498614487581,0.0738997228975162,
0.147799445795032,0.443398337385097,0.517298060282613,0.738997228975162),
 .UNSPECIFIED.);
#1259=B_SPLINE_SURFACE_WITH_KNOTS('',3,3,((#1858,#1859,#1860,#1861,#1862,
#1863,#1864,#1865),(#1866,#1867,#1868,#1869,#1870,#1871,#1872,#1873),(#1874,
#1875,#1876,#1877,#1878,#1879,#1880,#1881),(#1882,#1883,#1884,#1885,#1886,
#1887,#1888,#1889),(#1890,#1891,#1892,#1893,#1894,#1895,#1896,#1897)),
 .UNSPECIFIED.,.F.,.F.,.F.,(4,1,4),(4,1,1,2,4),(0.,0.5,1.),(-0.847127171889088,
-0.508276303133453,-0.338850868755635,0.,0.00233217018496548),
 .UNSPECIFIED.);
#1260=B_SPLINE_SURFACE_WITH_KNOTS('',3,3,((#1958,#1959,#1960,#1961),(#1962,
#1963,#1964,#1965),(#1966,#1967,#1968,#1969),(#1970,#1971,#1972,#1973)),
 .UNSPECIFIED.,.F.,.F.,.F.,(4,4),(4,4),(-8.06372512622482E-16,1.),(-0.85455186689824,
0.854551875977392),.UNSPECIFIED.);
#1261=B_SPLINE_SURFACE_WITH_KNOTS('',3,3,((#1996,#1997,#1998,#1999,#2000,
#2001,#2002,#2003,#2004,#2005,#2006,#2007,#2008,#2009),(#2010,#2011,#2012,
#2013,#2014,#2015,#2016,#2017,#2018,#2019,#2020,#2021,#2022,#2023),(#2024,
#2025,#2026,#2027,#2028,#2029,#2030,#2031,#2032,#2033,#2034,#2035,#2036,
#2037),(#2038,#2039,#2040,#2041,#2042,#2043,#2044,#2045,#2046,#2047,#2048,
#2049,#2050,#2051)),.UNSPECIFIED.,.F.,.F.,.F.,(4,4),(4,2,1,1,1,1,1,1,1,
1,4),(0.,1.),(-0.122090577831183,0.,0.00230936634054752,0.00923746536219008,
0.0184749307243802,0.0369498614487603,0.0738997228975207,0.147799445795041,
0.295598891590083,0.517298060282645,0.738997228975207),.UNSPECIFIED.);
#1262=B_SPLINE_SURFACE_WITH_KNOTS('',3,3,((#2091,#2092,#2093,#2094,#2095,
#2096,#2097,#2098),(#2099,#2100,#2101,#2102,#2103,#2104,#2105,#2106),(#2107,
#2108,#2109,#2110,#2111,#2112,#2113,#2114),(#2115,#2116,#2117,#2118,#2119,
#2120,#2121,#2122)),.UNSPECIFIED.,.F.,.F.,.F.,(4,4),(4,2,1,1,4),(0.,1.),
(-0.907299277452292,-0.904967181737375,-0.566116296125166,-0.396690853319062,
-0.0578399677068524),.UNSPECIFIED.);
#1263=B_SPLINE_SURFACE_WITH_KNOTS('',3,3,((#2183,#2184,#2185,#2186),(#2187,
#2188,#2189,#2190),(#2191,#2192,#2193,#2194),(#2195,#2196,#2197,#2198)),
 .UNSPECIFIED.,.F.,.F.,.F.,(4,4),(4,4),(-1.85809868936357E-15,1.),(-0.854551875977402,
0.85455186689825),.UNSPECIFIED.);
#1264=B_SPLINE_SURFACE_WITH_KNOTS('',3,3,((#2221,#2222,#2223,#2224,#2225,
#2226,#2227,#2228,#2229,#2230,#2231,#2232,#2233,#2234),(#2235,#2236,#2237,
#2238,#2239,#2240,#2241,#2242,#2243,#2244,#2245,#2246,#2247,#2248),(#2249,
#2250,#2251,#2252,#2253,#2254,#2255,#2256,#2257,#2258,#2259,#2260,#2261,
#2262),(#2263,#2264,#2265,#2266,#2267,#2268,#2269,#2270,#2271,#2272,#2273,
#2274,#2275,#2276)),.UNSPECIFIED.,.F.,.F.,.F.,(4,4),(4,2,1,1,1,1,1,1,1,
1,4),(0.,1.),(-0.122043872478702,0.,0.00230945310899431,0.00923781243597722,
0.0184756248719544,0.0369512497439089,0.0739024994878178,0.147804998975636,
0.295609997951271,0.517317496414725,0.739024994878178),.UNSPECIFIED.);
#1265=B_SPLINE_SURFACE_WITH_KNOTS('',3,3,((#2316,#2317,#2318,#2319),(#2320,
#2321,#2322,#2323),(#2324,#2325,#2326,#2327),(#2328,#2329,#2330,#2331)),
 .UNSPECIFIED.,.F.,.F.,.F.,(4,4),(4,4),(-9.37788564854773E-16,1.),(-0.85455186689824,
0.85455187597739),.UNSPECIFIED.);
#1266=B_SPLINE_SURFACE_WITH_KNOTS('',3,3,((#2355,#2356,#2357,#2358,#2359,
#2360,#2361,#2362,#2363,#2364,#2365,#2366,#2367,#2368),(#2369,#2370,#2371,
#2372,#2373,#2374,#2375,#2376,#2377,#2378,#2379,#2380,#2381,#2382),(#2383,
#2384,#2385,#2386,#2387,#2388,#2389,#2390,#2391,#2392,#2393,#2394,#2395,
#2396),(#2397,#2398,#2399,#2400,#2401,#2402,#2403,#2404,#2405,#2406,#2407,
#2408,#2409,#2410)),.UNSPECIFIED.,.F.,.F.,.F.,(4,4),(4,2,1,1,1,1,1,1,1,
1,4),(0.,1.),(-0.122090577831182,0.,0.00230936634054752,0.00923746536219008,
0.0184749307243802,0.0369498614487603,0.0738997228975206,0.147799445795041,
0.295598891590083,0.517298060282644,0.738997228975206),.UNSPECIFIED.);
#1267=B_SPLINE_SURFACE_WITH_KNOTS('',3,3,((#2451,#2452,#2453,#2454,#2455,
#2456,#2457,#2458,#2459,#2460,#2461,#2462,#2463,#2464,#2465,#2466),(#2467,
#2468,#2469,#2470,#2471,#2472,#2473,#2474,#2475,#2476,#2477,#2478,#2479,
#2480,#2481,#2482),(#2483,#2484,#2485,#2486,#2487,#2488,#2489,#2490,#2491,
#2492,#2493,#2494,#2495,#2496,#2497,#2498),(#2499,#2500,#2501,#2502,#2503,
#2504,#2505,#2506,#2507,#2508,#2509,#2510,#2511,#2512,#2513,#2514)),
 .UNSPECIFIED.,.F.,.F.,.F.,(4,4),(4,1,1,1,1,1,2,1,1,1,1,1,4),(0.,1.),(0.045649705285708,
0.267355985292999,0.489062265300289,0.636866451971816,0.71076854530758,
0.729244068641521,0.784670638643344,0.790772832267278,0.796875025891213,
0.809079413139083,0.857896962130563,0.876203543002367,0.906714511122042),
 .UNSPECIFIED.);
#1268=B_SPLINE_SURFACE_WITH_KNOTS('',3,3,((#2599,#2600,#2601,#2602,#2603,
#2604,#2605,#2606,#2607,#2608,#2609,#2610,#2611,#2612,#2613,#2614,#2615,
#2616,#2617,#2618),(#2619,#2620,#2621,#2622,#2623,#2624,#2625,#2626,#2627,
#2628,#2629,#2630,#2631,#2632,#2633,#2634,#2635,#2636,#2637,#2638),(#2639,
#2640,#2641,#2642,#2643,#2644,#2645,#2646,#2647,#2648,#2649,#2650,#2651,
#2652,#2653,#2654,#2655,#2656,#2657,#2658),(#2659,#2660,#2661,#2662,#2663,
#2664,#2665,#2666,#2667,#2668,#2669,#2670,#2671,#2672,#2673,#2674,#2675,
#2676,#2677,#2678)),.UNSPECIFIED.,.F.,.F.,.F.,(4,4),(4,1,1,1,1,1,1,1,1,
1,1,2,1,1,1,1,4),(0.,1.),(0.0456586723733854,0.341257987611846,0.489057645231076,
0.636857302850306,0.710757131659921,0.747707046064729,0.756944524665931,
0.766182003267133,0.775419481868334,0.780038221168935,0.782347590819236,
0.784656960469536,0.790761489361095,0.796866018252655,0.809075076035773,
0.833493191602009,0.906747538300718),.UNSPECIFIED.);
#1269=B_SPLINE_SURFACE_WITH_KNOTS('',3,3,((#2717,#2718,#2719,#2720,#2721,
#2722,#2723,#2724),(#2725,#2726,#2727,#2728,#2729,#2730,#2731,#2732),(#2733,
#2734,#2735,#2736,#2737,#2738,#2739,#2740),(#2741,#2742,#2743,#2744,#2745,
#2746,#2747,#2748),(#2749,#2750,#2751,#2752,#2753,#2754,#2755,#2756)),
 .UNSPECIFIED.,.F.,.F.,.F.,(4,1,4),(4,1,1,2,4),(0.,0.5,1.),(-0.847127171913382,
-0.508276303148029,-0.338850868765353,0.,0.00233217018527638),
 .UNSPECIFIED.);
#1270=B_SPLINE_SURFACE_WITH_KNOTS('',3,3,((#3057,#3058,#3059,#3060,#3061,
#3062),(#3063,#3064,#3065,#3066,#3067,#3068),(#3069,#3070,#3071,#3072,#3073,
#3074),(#3075,#3076,#3077,#3078,#3079,#3080)),.UNSPECIFIED.,.F.,.F.,.F.,
(4,4),(4,1,1,4),(0.287809614423398,1.),(0.0886211089176739,0.290783425500927,
0.391864583792554,0.79618921695906),.UNSPECIFIED.);
#1271=B_SPLINE_SURFACE_WITH_KNOTS('',3,1,((#3099,#3100),(#3101,#3102),(#3103,
#3104),(#3105,#3106),(#3107,#3108),(#3109,#3110),(#3111,#3112),(#3113,#3114),
(#3115,#3116),(#3117,#3118)),.UNSPECIFIED.,.F.,.F.,.F.,(4,3,3,4),(2,2),
(-0.974984064801524,-0.875813928401524,-0.225595360360306,0.),(-0.71677495070376,
0.716774950703756),.UNSPECIFIED.);
#1272=B_SPLINE_SURFACE_WITH_KNOTS('',3,3,((#3125,#3126,#3127,#3128,#3129,
#3130),(#3131,#3132,#3133,#3134,#3135,#3136),(#3137,#3138,#3139,#3140,#3141,
#3142),(#3143,#3144,#3145,#3146,#3147,#3148)),.UNSPECIFIED.,.F.,.F.,.F.,
(4,4),(4,1,1,4),(0.287809614423377,1.),(-0.0115360670767633,0.29170075371025,
0.493858634234926,0.696016514759601),.UNSPECIFIED.);
#1273=B_SPLINE_SURFACE_WITH_KNOTS('',3,3,((#3161,#3162,#3163,#3164,#3165,
#3166),(#3167,#3168,#3169,#3170,#3171,#3172),(#3173,#3174,#3175,#3176,#3177,
#3178),(#3179,#3180,#3181,#3182,#3183,#3184)),.UNSPECIFIED.,.F.,.F.,.F.,
(4,4),(4,1,1,4),(0.287809614423392,1.),(0.0886093617347974,0.29078078870969,
0.492952215684583,0.796209356146922),.UNSPECIFIED.);
#1274=B_SPLINE_SURFACE_WITH_KNOTS('',3,1,((#3191,#3192),(#3193,#3194),(#3195,
#3196),(#3197,#3198),(#3199,#3200),(#3201,#3202),(#3203,#3204),(#3205,#3206),
(#3207,#3208),(#3209,#3210)),.UNSPECIFIED.,.F.,.F.,.F.,(4,3,3,4),(2,2),
(-0.974984064796849,-0.875813928401548,-0.225595360361845,0.),(-0.716774950703967,
0.71677495070396),.UNSPECIFIED.);
#1275=B_SPLINE_SURFACE_WITH_KNOTS('',3,3,((#3217,#3218,#3219,#3220,#3221,
#3222),(#3223,#3224,#3225,#3226,#3227,#3228),(#3229,#3230,#3231,#3232,#3233,
#3234),(#3235,#3236,#3237,#3238,#3239,#3240)),.UNSPECIFIED.,.F.,.F.,.F.,
(4,4),(4,1,1,4),(0.287809614423411,1.),(-0.0115361916108875,0.392805329903656,
0.493890710282292,0.696061471039564),.UNSPECIFIED.);
#1276=B_SPLINE_SURFACE_WITH_KNOTS('',3,3,((#3255,#3256,#3257,#3258,#3259,
#3260),(#3261,#3262,#3263,#3264,#3265,#3266),(#3267,#3268,#3269,#3270,#3271,
#3272),(#3273,#3274,#3275,#3276,#3277,#3278)),.UNSPECIFIED.,.F.,.F.,.F.,
(4,4),(4,1,1,4),(0.287809614423407,1.),(-0.011536191610889,0.291719949525018,
0.493890710282289,0.69606147103956),.UNSPECIFIED.);
#1277=B_SPLINE_SURFACE_WITH_KNOTS('',3,3,((#3285,#3286,#3287,#3288,#3289,
#3290),(#3291,#3292,#3293,#3294,#3295,#3296),(#3297,#3298,#3299,#3300,#3301,
#3302),(#3303,#3304,#3305,#3306,#3307,#3308)),.UNSPECIFIED.,.F.,.F.,.F.,
(4,4),(4,1,1,4),(0.287809614423427,1.),(0.0886211089176964,0.290783425500929,
0.492945742084161,0.796189216959009),.UNSPECIFIED.);
#1278=B_SPLINE_SURFACE_WITH_KNOTS('',3,3,((#3327,#3328,#3329,#3330,#3331,
#3332),(#3333,#3334,#3335,#3336,#3337,#3338),(#3339,#3340,#3341,#3342,#3343,
#3344),(#3345,#3346,#3347,#3348,#3349,#3350)),.UNSPECIFIED.,.F.,.F.,.F.,
(4,4),(4,1,1,4),(0.287809614423412,1.),(-0.0115361916109402,0.291719949525,
0.493890710282293,0.696061471039586),.UNSPECIFIED.);
#1279=B_SPLINE_SURFACE_WITH_KNOTS('',3,3,((#3357,#3358,#3359,#3360,#3361,
#3362),(#3363,#3364,#3365,#3366,#3367,#3368),(#3369,#3370,#3371,#3372,#3373,
#3374),(#3375,#3376,#3377,#3378,#3379,#3380)),.UNSPECIFIED.,.F.,.F.,.F.,
(4,4),(4,1,1,4),(0.287809614423384,1.),(0.0886211089176737,0.290783425500927,
0.391864583792554,0.796189216959062),.UNSPECIFIED.);
#1280=B_SPLINE_SURFACE_WITH_KNOTS('',3,1,((#3387,#3388),(#3389,#3390),(#3391,
#3392),(#3393,#3394),(#3395,#3396),(#3397,#3398),(#3399,#3400),(#3401,#3402),
(#3403,#3404),(#3405,#3406)),.UNSPECIFIED.,.F.,.F.,.F.,(4,3,3,4),(2,2),
(0.,0.650218568039846,0.875813928401542,0.974984064796849),(-0.716774950703982,
0.716774950703759),.UNSPECIFIED.);
#1281=B_SPLINE_SURFACE_WITH_KNOTS('',3,1,((#3407,#3408),(#3409,#3410),(#3411,
#3412),(#3413,#3414),(#3415,#3416),(#3417,#3418),(#3419,#3420),(#3421,#3422),
(#3423,#3424),(#3425,#3426)),.UNSPECIFIED.,.F.,.F.,.F.,(4,3,3,4),(2,2),
(0.,0.650218568040017,0.87581392840154,0.974984064796849),(-0.716774950703751,
0.716774950703964),.UNSPECIFIED.);
#1282=B_SPLINE_SURFACE_WITH_KNOTS('',3,3,((#3427,#3428,#3429,#3430),(#3431,
#3432,#3433,#3434),(#3435,#3436,#3437,#3438),(#3439,#3440,#3441,#3442),
(#3443,#3444,#3445,#3446)),.UNSPECIFIED.,.F.,.F.,.F.,(4,1,4),(4,4),(0.,
0.5,1.),(0.,0.00594905189821379),.UNSPECIFIED.);
#1283=B_SPLINE_SURFACE_WITH_KNOTS('',3,3,((#3460,#3461,#3462,#3463,#3464,
#3465),(#3466,#3467,#3468,#3469,#3470,#3471),(#3472,#3473,#3474,#3475,#3476,
#3477),(#3478,#3479,#3480,#3481,#3482,#3483),(#3484,#3485,#3486,#3487,#3488,
#3489)),.UNSPECIFIED.,.F.,.F.,.F.,(4,1,4),(4,2,4),(0.,0.571428571428571,
1.),(0.,0.196489272812149,0.316421815217277),.UNSPECIFIED.);
#1284=B_SPLINE_SURFACE_WITH_KNOTS('',3,3,((#3498,#3499,#3500,#3501),(#3502,
#3503,#3504,#3505),(#3506,#3507,#3508,#3509),(#3510,#3511,#3512,#3513),
(#3514,#3515,#3516,#3517)),.UNSPECIFIED.,.F.,.F.,.F.,(4,1,4),(4,4),(0.,
0.571428571428571,1.),(0.,0.614481992095379),.UNSPECIFIED.);
#1285=B_SPLINE_SURFACE_WITH_KNOTS('',3,3,((#3529,#3530,#3531,#3532,#3533,
#3534),(#3535,#3536,#3537,#3538,#3539,#3540),(#3541,#3542,#3543,#3544,#3545,
#3546),(#3547,#3548,#3549,#3550,#3551,#3552),(#3553,#3554,#3555,#3556,#3557,
#3558)),.UNSPECIFIED.,.F.,.F.,.F.,(4,1,4),(4,2,4),(0.,0.571428571428571,
1.),(0.,0.120031160324342,0.317136829322682),.UNSPECIFIED.);
#1286=B_SPLINE_SURFACE_WITH_KNOTS('',3,3,((#3577,#3578,#3579,#3580),(#3581,
#3582,#3583,#3584),(#3585,#3586,#3587,#3588),(#3589,#3590,#3591,#3592),
(#3593,#3594,#3595,#3596)),.UNSPECIFIED.,.F.,.F.,.F.,(4,1,4),(4,4),(0.,
0.5,1.),(7.97141756568592E-16,0.00594905190767884),.UNSPECIFIED.);
#1287=B_SPLINE_SURFACE_WITH_KNOTS('',3,3,((#3607,#3608,#3609,#3610,#3611,
#3612),(#3613,#3614,#3615,#3616,#3617,#3618),(#3619,#3620,#3621,#3622,#3623,
#3624),(#3625,#3626,#3627,#3628,#3629,#3630),(#3631,#3632,#3633,#3634,#3635,
#3636)),.UNSPECIFIED.,.F.,.F.,.F.,(4,1,4),(4,2,4),(0.,0.571428571428571,
1.),(0.,0.196489272812179,0.316421815217289),.UNSPECIFIED.);
#1288=B_SPLINE_SURFACE_WITH_KNOTS('',3,3,((#3645,#3646,#3647,#3648),(#3649,
#3650,#3651,#3652),(#3653,#3654,#3655,#3656),(#3657,#3658,#3659,#3660),
(#3661,#3662,#3663,#3664)),.UNSPECIFIED.,.F.,.F.,.F.,(4,1,4),(4,4),(0.,
0.571428571428571,1.),(0.,0.614481992095351),.UNSPECIFIED.);
#1289=B_SPLINE_SURFACE_WITH_KNOTS('',3,3,((#3671,#3672,#3673,#3674,#3675,
#3676),(#3677,#3678,#3679,#3680,#3681,#3682),(#3683,#3684,#3685,#3686,#3687,
#3688),(#3689,#3690,#3691,#3692,#3693,#3694),(#3695,#3696,#3697,#3698,#3699,
#3700)),.UNSPECIFIED.,.F.,.F.,.F.,(4,1,4),(4,2,4),(0.,0.571428571428571,
1.),(0.,0.120031272924643,0.317136813458431),.UNSPECIFIED.);
#1290=B_SPLINE_SURFACE_WITH_KNOTS('',3,3,((#3709,#3710,#3711,#3712),(#3713,
#3714,#3715,#3716),(#3717,#3718,#3719,#3720),(#3721,#3722,#3723,#3724),
(#3725,#3726,#3727,#3728)),.UNSPECIFIED.,.F.,.F.,.F.,(4,1,4),(4,4),(0.,
0.5,1.),(2.10479820769514E-16,0.00594905190341798),.UNSPECIFIED.);
#1291=B_SPLINE_SURFACE_WITH_KNOTS('',3,3,((#3739,#3740,#3741,#3742,#3743,
#3744),(#3745,#3746,#3747,#3748,#3749,#3750),(#3751,#3752,#3753,#3754,#3755,
#3756),(#3757,#3758,#3759,#3760,#3761,#3762),(#3763,#3764,#3765,#3766,#3767,
#3768)),.UNSPECIFIED.,.F.,.F.,.F.,(4,1,4),(4,2,4),(0.,0.571428571428571,
1.),(0.,0.196489240902961,0.316421806059517),.UNSPECIFIED.);
#1292=B_SPLINE_SURFACE_WITH_KNOTS('',3,3,((#3777,#3778,#3779,#3780),(#3781,
#3782,#3783,#3784),(#3785,#3786,#3787,#3788),(#3789,#3790,#3791,#3792),
(#3793,#3794,#3795,#3796)),.UNSPECIFIED.,.F.,.F.,.F.,(4,1,4),(4,4),(0.,
0.571428571428571,1.),(0.,0.614481992095363),.UNSPECIFIED.);
#1293=B_SPLINE_SURFACE_WITH_KNOTS('',3,3,((#3803,#3804,#3805,#3806,#3807,
#3808),(#3809,#3810,#3811,#3812,#3813,#3814),(#3815,#3816,#3817,#3818,#3819,
#3820),(#3821,#3822,#3823,#3824,#3825,#3826),(#3827,#3828,#3829,#3830,#3831,
#3832)),.UNSPECIFIED.,.F.,.F.,.F.,(4,1,4),(4,2,4),(0.,0.571428571428571,
1.),(0.,0.120031160324332,0.317136829322676),.UNSPECIFIED.);
#1294=B_SPLINE_SURFACE_WITH_KNOTS('',3,3,((#3841,#3842,#3843,#3844),(#3845,
#3846,#3847,#3848),(#3849,#3850,#3851,#3852),(#3853,#3854,#3855,#3856),
(#3857,#3858,#3859,#3860)),.UNSPECIFIED.,.F.,.F.,.F.,(4,1,4),(4,4),(0.,
0.5,1.),(5.06731729092523E-16,0.00594905190767971),.UNSPECIFIED.);
#1295=B_SPLINE_SURFACE_WITH_KNOTS('',3,3,((#3871,#3872,#3873,#3874,#3875,
#3876),(#3877,#3878,#3879,#3880,#3881,#3882),(#3883,#3884,#3885,#3886,#3887,
#3888),(#3889,#3890,#3891,#3892,#3893,#3894),(#3895,#3896,#3897,#3898,#3899,
#3900)),.UNSPECIFIED.,.F.,.F.,.F.,(4,1,4),(4,2,4),(0.,0.571428571428571,
1.),(0.,0.196489272812166,0.316421815217289),.UNSPECIFIED.);
#1296=B_SPLINE_SURFACE_WITH_KNOTS('',3,3,((#3909,#3910,#3911,#3912),(#3913,
#3914,#3915,#3916),(#3917,#3918,#3919,#3920),(#3921,#3922,#3923,#3924),
(#3925,#3926,#3927,#3928)),.UNSPECIFIED.,.F.,.F.,.F.,(4,1,4),(4,4),(0.,
0.571428571428571,1.),(0.,0.614481992095371),.UNSPECIFIED.);
#1297=B_SPLINE_SURFACE_WITH_KNOTS('',3,3,((#3945,#3946,#3947,#3948,#3949,
#3950),(#3951,#3952,#3953,#3954,#3955,#3956),(#3957,#3958,#3959,#3960,#3961,
#3962),(#3963,#3964,#3965,#3966,#3967,#3968),(#3969,#3970,#3971,#3972,#3973,
#3974)),.UNSPECIFIED.,.F.,.F.,.F.,(4,1,4),(4,2,4),(0.,0.571428571428571,
1.),(0.,0.119932564401694,0.316421806362221),.UNSPECIFIED.);
#1298=B_SPLINE_SURFACE_WITH_KNOTS('',3,3,((#4104,#4105,#4106,#4107,#4108,
#4109,#4110,#4111,#4112,#4113,#4114,#4115,#4116,#4117,#4118,#4119),(#4120,
#4121,#4122,#4123,#4124,#4125,#4126,#4127,#4128,#4129,#4130,#4131,#4132,
#4133,#4134,#4135),(#4136,#4137,#4138,#4139,#4140,#4141,#4142,#4143,#4144,
#4145,#4146,#4147,#4148,#4149,#4150,#4151),(#4152,#4153,#4154,#4155,#4156,
#4157,#4158,#4159,#4160,#4161,#4162,#4163,#4164,#4165,#4166,#4167)),
 .UNSPECIFIED.,.F.,.F.,.F.,(4,4),(4,1,1,1,1,1,2,1,1,1,1,1,4),(0.,1.),(0.0456497052857041,
0.267355985292995,0.489062265300285,0.636866451971812,0.710768545307576,
0.729244068641516,0.784670638643339,0.790772832267274,0.796875025891209,
0.809079413139079,0.833488187634819,0.870101349378429,0.906714511122039),
 .UNSPECIFIED.);
#1299=B_SPLINE_SURFACE_WITH_KNOTS('',3,3,((#4337,#4338,#4339,#4340,#4341,
#4342,#4343,#4344,#4345,#4346,#4347,#4348,#4349,#4350,#4351,#4352),(#4353,
#4354,#4355,#4356,#4357,#4358,#4359,#4360,#4361,#4362,#4363,#4364,#4365,
#4366,#4367,#4368),(#4369,#4370,#4371,#4372,#4373,#4374,#4375,#4376,#4377,
#4378,#4379,#4380,#4381,#4382,#4383,#4384),(#4385,#4386,#4387,#4388,#4389,
#4390,#4391,#4392,#4393,#4394,#4395,#4396,#4397,#4398,#4399,#4400)),
 .UNSPECIFIED.,.F.,.F.,.F.,(4,4),(4,1,1,1,1,1,2,1,1,1,1,1,4),(0.,1.),(0.045649705285652,
0.26735598529296,0.489062265300268,0.636866451971807,0.710768545307576,
0.729244068641518,0.784670638643345,0.790772832267281,0.796875025891216,
0.809079413139087,0.833488187634829,0.870101349378441,0.906714511122053),
 .UNSPECIFIED.);
#1300=ADVANCED_FACE('',(#205),#1256,.F.);
#1301=ADVANCED_FACE('',(#206),#1257,.T.);
#1302=ADVANCED_FACE('',(#207),#1258,.F.);
#1303=ADVANCED_FACE('',(#208),#1259,.F.);
#1304=ADVANCED_FACE('',(#209),#1260,.T.);
#1305=ADVANCED_FACE('',(#210),#1261,.F.);
#1306=ADVANCED_FACE('',(#211),#1262,.F.);
#1307=ADVANCED_FACE('',(#212),#1263,.T.);
#1308=ADVANCED_FACE('',(#213),#1264,.F.);
#1309=ADVANCED_FACE('',(#214),#1265,.T.);
#1310=ADVANCED_FACE('',(#215),#1266,.F.);
#1311=ADVANCED_FACE('',(#216),#1267,.F.);
#1312=ADVANCED_FACE('',(#217),#197,.T.);
#1313=ADVANCED_FACE('',(#218),#1268,.F.);
#1314=ADVANCED_FACE('',(#219),#198,.F.);
#1315=ADVANCED_FACE('',(#220),#1269,.F.);
#1316=ADVANCED_FACE('',(#221,#36),#169,.T.);
#1317=ADVANCED_FACE('',(#222),#170,.T.);
#1318=ADVANCED_FACE('',(#223),#171,.T.);
#1319=ADVANCED_FACE('',(#224),#172,.T.);
#1320=ADVANCED_FACE('',(#225),#173,.T.);
#1321=ADVANCED_FACE('',(#226),#174,.T.);
#1322=ADVANCED_FACE('',(#227),#175,.T.);
#1323=ADVANCED_FACE('',(#228),#176,.T.);
#1324=ADVANCED_FACE('',(#229),#177,.T.);
#1325=ADVANCED_FACE('',(#230),#178,.T.);
#1326=ADVANCED_FACE('',(#231),#179,.T.);
#1327=ADVANCED_FACE('',(#232),#180,.T.);
#1328=ADVANCED_FACE('',(#233),#181,.T.);
#1329=ADVANCED_FACE('',(#234),#182,.T.);
#1330=ADVANCED_FACE('',(#235),#183,.T.);
#1331=ADVANCED_FACE('',(#236),#184,.T.);
#1332=ADVANCED_FACE('',(#237),#185,.T.);
#1333=ADVANCED_FACE('',(#238),#186,.T.);
#1334=ADVANCED_FACE('',(#239),#187,.T.);
#1335=ADVANCED_FACE('',(#240,#37),#188,.T.);
#1336=ADVANCED_FACE('',(#241),#189,.T.);
#1337=ADVANCED_FACE('',(#242),#190,.T.);
#1338=ADVANCED_FACE('',(#243),#191,.T.);
#1339=ADVANCED_FACE('',(#244),#192,.T.);
#1340=ADVANCED_FACE('',(#245),#193,.T.);
#1341=ADVANCED_FACE('',(#246),#194,.T.);
#1342=ADVANCED_FACE('',(#247),#195,.T.);
#1343=ADVANCED_FACE('',(#248,#38),#196,.T.);
#1344=ADVANCED_FACE('',(#249),#1270,.T.);
#1345=ADVANCED_FACE('',(#250),#1271,.F.);
#1346=ADVANCED_FACE('',(#251),#1272,.T.);
#1347=ADVANCED_FACE('',(#252),#1273,.T.);
#1348=ADVANCED_FACE('',(#253),#1274,.T.);
#1349=ADVANCED_FACE('',(#254),#1275,.T.);
#1350=ADVANCED_FACE('',(#255),#16,.T.);
#1351=ADVANCED_FACE('',(#256),#1276,.T.);
#1352=ADVANCED_FACE('',(#257),#1277,.T.);
#1353=ADVANCED_FACE('',(#258),#1278,.T.);
#1354=ADVANCED_FACE('',(#259),#1279,.T.);
#1355=ADVANCED_FACE('',(#260),#1280,.F.);
#1356=ADVANCED_FACE('',(#261),#1281,.T.);
#1357=ADVANCED_FACE('',(#262),#1282,.F.);
#1358=ADVANCED_FACE('',(#263),#1283,.F.);
#1359=ADVANCED_FACE('',(#264),#1284,.F.);
#1360=ADVANCED_FACE('',(#265),#1285,.F.);
#1361=ADVANCED_FACE('',(#266),#1286,.F.);
#1362=ADVANCED_FACE('',(#267),#1287,.F.);
#1363=ADVANCED_FACE('',(#268),#1288,.F.);
#1364=ADVANCED_FACE('',(#269),#1289,.F.);
#1365=ADVANCED_FACE('',(#270),#1290,.F.);
#1366=ADVANCED_FACE('',(#271),#1291,.F.);
#1367=ADVANCED_FACE('',(#272),#1292,.F.);
#1368=ADVANCED_FACE('',(#273),#1293,.F.);
#1369=ADVANCED_FACE('',(#274),#1294,.F.);
#1370=ADVANCED_FACE('',(#275),#1295,.F.);
#1371=ADVANCED_FACE('',(#276),#1296,.F.);
#1372=ADVANCED_FACE('',(#277),#1297,.F.);
#1373=ADVANCED_FACE('',(#278),#199,.F.);
#1374=ADVANCED_FACE('',(#279),#1298,.F.);
#1375=ADVANCED_FACE('',(#280),#200,.F.);
#1376=ADVANCED_FACE('',(#281),#201,.F.);
#1377=ADVANCED_FACE('',(#282),#15,.F.);
#1378=ADVANCED_FACE('',(#283),#202,.T.);
#1379=ADVANCED_FACE('',(#284),#1299,.F.);
#1380=ADVANCED_FACE('',(#285),#203,.F.);
#1381=ADVANCED_FACE('',(#286),#204,.F.);
#1382=CLOSED_SHELL('',(#1300,#1301,#1302,#1303,#1304,#1305,#1306,#1307,
#1308,#1309,#1310,#1311,#1312,#1313,#1314,#1315,#1316,#1317,#1318,#1319,
#1320,#1321,#1322,#1323,#1324,#1325,#1326,#1327,#1328,#1329,#1330,#1331,
#1332,#1333,#1334,#1335,#1336,#1337,#1338,#1339,#1340,#1341,#1342,#1343,
#1344,#1345,#1346,#1347,#1348,#1349,#1350,#1351,#1352,#1353,#1354,#1355,
#1356,#1357,#1358,#1359,#1360,#1361,#1362,#1363,#1364,#1365,#1366,#1367,
#1368,#1369,#1370,#1371,#1372,#1373,#1374,#1375,#1376,#1377,#1378,#1379,
#1380,#1381));
#1383=DERIVED_UNIT_ELEMENT(#1385,1.);
#1384=DERIVED_UNIT_ELEMENT(#4586,-3.);
#1385=(
MASS_UNIT()
NAMED_UNIT(*)
SI_UNIT(.KILO.,.GRAM.)
);
#1386=DERIVED_UNIT((#1383,#1384));
#1387=MEASURE_REPRESENTATION_ITEM('density measure',
POSITIVE_RATIO_MEASURE(7850.),#1386);
#1388=PROPERTY_DEFINITION_REPRESENTATION(#1393,#1390);
#1389=PROPERTY_DEFINITION_REPRESENTATION(#1394,#1391);
#1390=REPRESENTATION('material name',(#1392),#4583);
#1391=REPRESENTATION('density',(#1387),#4583);
#1392=DESCRIPTIVE_REPRESENTATION_ITEM('Steel','Steel');
#1393=PROPERTY_DEFINITION('material property','material name',#4593);
#1394=PROPERTY_DEFINITION('material property','density of part',#4593);
#1395=AXIS2_PLACEMENT_3D('',#1610,#1445,#1446);
#1396=AXIS2_PLACEMENT_3D('',#2757,#1447,#1448);
#1397=AXIS2_PLACEMENT_3D('',#2830,#1453,#1454);
#1398=AXIS2_PLACEMENT_3D('',#2839,#1459,#1460);
#1399=AXIS2_PLACEMENT_3D('',#2845,#1464,#1465);
#1400=AXIS2_PLACEMENT_3D('',#2851,#1469,#1470);
#1401=AXIS2_PLACEMENT_3D('',#2860,#1475,#1476);
#1402=AXIS2_PLACEMENT_3D('',#2866,#1480,#1481);
#1403=AXIS2_PLACEMENT_3D('',#2872,#1485,#1486);
#1404=AXIS2_PLACEMENT_3D('',#2878,#1490,#1491);
#1405=AXIS2_PLACEMENT_3D('',#2881,#1494,#1495);
#1406=AXIS2_PLACEMENT_3D('',#2887,#1499,#1500);
#1407=AXIS2_PLACEMENT_3D('',#2893,#1504,#1505);
#1408=AXIS2_PLACEMENT_3D('',#2899,#1509,#1510);
#1409=AXIS2_PLACEMENT_3D('',#2902,#1513,#1514);
#1410=AXIS2_PLACEMENT_3D('',#2908,#1518,#1519);
#1411=AXIS2_PLACEMENT_3D('',#2912,#1522,#1523);
#1412=AXIS2_PLACEMENT_3D('',#2916,#1526,#1527);
#1413=AXIS2_PLACEMENT_3D('',#2920,#1530,#1531);
#1414=AXIS2_PLACEMENT_3D('',#2924,#1534,#1535);
#1415=AXIS2_PLACEMENT_3D('',#2928,#1538,#1539);
#1416=AXIS2_PLACEMENT_3D('',#2930,#1540,#1541);
#1417=AXIS2_PLACEMENT_3D('',#2931,#1542,#1543);
#1418=AXIS2_PLACEMENT_3D('',#2943,#1550,#1551);
#1419=AXIS2_PLACEMENT_3D('',#2945,#1553,#1554);
#1420=AXIS2_PLACEMENT_3D('',#2947,#1556,#1557);
#1421=AXIS2_PLACEMENT_3D('',#2949,#1559,#1560);
#1422=AXIS2_PLACEMENT_3D('',#2951,#1562,#1563);
#1423=AXIS2_PLACEMENT_3D('',#2953,#1565,#1566);
#1424=AXIS2_PLACEMENT_3D('',#2954,#1567,#1568);
#1425=AXIS2_PLACEMENT_3D('',#3056,#1569,#1570);
#1426=AXIS2_PLACEMENT_3D('',#3253,#1571,#1572);
#1427=AXIS2_PLACEMENT_3D('',#3448,#1574,#1575);
#1428=AXIS2_PLACEMENT_3D('',#3455,#1576,#1577);
#1429=AXIS2_PLACEMENT_3D('',#3491,#1578,#1579);
#1430=AXIS2_PLACEMENT_3D('',#3524,#1580,#1581);
#1431=AXIS2_PLACEMENT_3D('',#3570,#1582,#1583);
#1432=AXIS2_PLACEMENT_3D('',#3598,#1584,#1585);
#1433=AXIS2_PLACEMENT_3D('',#3638,#1586,#1587);
#1434=AXIS2_PLACEMENT_3D('',#3666,#1588,#1589);
#1435=AXIS2_PLACEMENT_3D('',#3702,#1590,#1591);
#1436=AXIS2_PLACEMENT_3D('',#3730,#1592,#1593);
#1437=AXIS2_PLACEMENT_3D('',#3770,#1594,#1595);
#1438=AXIS2_PLACEMENT_3D('',#3798,#1596,#1597);
#1439=AXIS2_PLACEMENT_3D('',#3834,#1598,#1599);
#1440=AXIS2_PLACEMENT_3D('',#3862,#1600,#1601);
#1441=AXIS2_PLACEMENT_3D('',#3902,#1602,#1603);
#1442=AXIS2_PLACEMENT_3D('',#3935,#1604,#1605);
#1443=AXIS2_PLACEMENT_3D('',#4298,#1606,#1607);
#1444=AXIS2_PLACEMENT_3D('',#4300,#1608,#1609);
#1445=DIRECTION('axis',(0.,0.,1.));
#1446=DIRECTION('refdir',(1.,0.,0.));
#1447=DIRECTION('center_axis',(0.,0.,-1.));
#1448=DIRECTION('ref_axis',(-1.,0.,0.));
#1449=DIRECTION('',(0.,-1.,0.));
#1450=DIRECTION('',(1.,0.,0.));
#1451=DIRECTION('',(0.,1.,0.));
#1452=DIRECTION('',(-1.,0.,0.));
#1453=DIRECTION('center_axis',(0.,0.707106781186548,-0.707106781186548));
#1454=DIRECTION('ref_axis',(-1.,0.,0.));
#1455=DIRECTION('',(1.,0.,0.));
#1456=DIRECTION('',(-0.577350269189626,-0.577350269189626,-0.577350269189626));
#1457=DIRECTION('',(-1.,0.,0.));
#1458=DIRECTION('',(-0.577350269189626,-0.577350269189626,-0.577350269189626));
#1459=DIRECTION('center_axis',(0.707106781186548,0.,-0.707106781186548));
#1460=DIRECTION('ref_axis',(-0.707106781186548,0.,-0.707106781186548));
#1461=DIRECTION('',(0.,-1.,0.));
#1462=DIRECTION('',(-0.577350269189626,-0.577350269189626,-0.577350269189626));
#1463=DIRECTION('',(0.,1.,0.));
#1464=DIRECTION('center_axis',(0.,0.707106781186547,-0.707106781186548));
#1465=DIRECTION('ref_axis',(-1.,0.,0.));
#1466=DIRECTION('',(1.,0.,0.));
#1467=DIRECTION('',(0.577350269189626,-0.577350269189626,-0.577350269189626));
#1468=DIRECTION('',(-1.,0.,0.));
#1469=DIRECTION('center_axis',(-0.707106781186548,0.,-0.707106781186548));
#1470=DIRECTION('ref_axis',(-0.707106781186548,0.,0.707106781186548));
#1471=DIRECTION('',(0.,-1.,0.));
#1472=DIRECTION('',(-0.577350269189626,-0.577350269189626,0.577350269189626));
#1473=DIRECTION('',(0.,1.,0.));
#1474=DIRECTION('',(0.577350269189626,0.577350269189626,-0.577350269189626));
#1475=DIRECTION('center_axis',(-0.707106781186548,0.,-0.707106781186548));
#1476=DIRECTION('ref_axis',(-0.707106781186548,0.,0.707106781186548));
#1477=DIRECTION('',(0.,1.,0.));
#1478=DIRECTION('',(0.577350269189626,-0.577350269189626,-0.577350269189626));
#1479=DIRECTION('',(0.,-1.,0.));
#1480=DIRECTION('center_axis',(0.,0.707106781186548,-0.707106781186548));
#1481=DIRECTION('ref_axis',(-1.,0.,0.));
#1482=DIRECTION('',(1.,0.,0.));
#1483=DIRECTION('',(0.577350269189626,-0.577350269189626,-0.577350269189626));
#1484=DIRECTION('',(-1.,0.,0.));
#1485=DIRECTION('center_axis',(-0.707106781186547,0.,-0.707106781186548));
#1486=DIRECTION('ref_axis',(-0.707106781186548,0.,0.707106781186547));
#1487=DIRECTION('',(0.,-1.,0.));
#1488=DIRECTION('',(0.,1.,0.));
#1489=DIRECTION('',(0.577350269189626,0.577350269189626,-0.577350269189626));
#1490=DIRECTION('center_axis',(0.,-0.707106781186548,-0.707106781186548));
#1491=DIRECTION('ref_axis',(-1.,0.,0.));
#1492=DIRECTION('',(1.,0.,0.));
#1493=DIRECTION('',(-1.,0.,0.));
#1494=DIRECTION('center_axis',(0.,-0.707106781186547,-0.707106781186548));
#1495=DIRECTION('ref_axis',(-1.,0.,0.));
#1496=DIRECTION('',(1.,0.,0.));
#1497=DIRECTION('',(-1.,0.,0.));
#1498=DIRECTION('',(-0.577350269189626,0.577350269189626,-0.577350269189626));
#1499=DIRECTION('center_axis',(0.707106781186548,0.,-0.707106781186548));
#1500=DIRECTION('ref_axis',(-0.707106781186548,0.,-0.707106781186548));
#1501=DIRECTION('',(0.,1.,0.));
#1502=DIRECTION('',(0.,-1.,0.));
#1503=DIRECTION('',(-0.577350269189626,0.577350269189626,-0.577350269189626));
#1504=DIRECTION('center_axis',(0.,-0.707106781186548,-0.707106781186548));
#1505=DIRECTION('ref_axis',(-1.,0.,0.));
#1506=DIRECTION('',(1.,0.,0.));
#1507=DIRECTION('',(-1.,0.,0.));
#1508=DIRECTION('',(-0.577350269189626,0.577350269189626,-0.577350269189626));
#1509=DIRECTION('center_axis',(0.707106781186547,0.,-0.707106781186548));
#1510=DIRECTION('ref_axis',(-0.707106781186548,0.,-0.707106781186547));
#1511=DIRECTION('',(0.,1.,0.));
#1512=DIRECTION('',(0.,-1.,0.));
#1513=DIRECTION('center_axis',(0.,1.,0.));
#1514=DIRECTION('ref_axis',(-1.,0.,0.));
#1515=DIRECTION('',(0.,0.,1.));
#1516=DIRECTION('',(1.,0.,0.));
#1517=DIRECTION('',(0.,0.,1.));
#1518=DIRECTION('center_axis',(1.,0.,0.));
#1519=DIRECTION('ref_axis',(0.,1.,0.));
#1520=DIRECTION('',(0.,0.,1.));
#1521=DIRECTION('',(0.,-1.,0.));
#1522=DIRECTION('center_axis',(0.,-1.,0.));
#1523=DIRECTION('ref_axis',(1.,0.,0.));
#1524=DIRECTION('',(0.,0.,1.));
#1525=DIRECTION('',(-1.,0.,0.));
#1526=DIRECTION('center_axis',(1.,0.,0.));
#1527=DIRECTION('ref_axis',(0.,1.,0.));
#1528=DIRECTION('',(0.,0.,1.));
#1529=DIRECTION('',(0.,-1.,0.));
#1530=DIRECTION('center_axis',(0.,-1.,0.));
#1531=DIRECTION('ref_axis',(1.,0.,0.));
#1532=DIRECTION('',(0.,0.,1.));
#1533=DIRECTION('',(-1.,0.,0.));
#1534=DIRECTION('center_axis',(-1.,0.,0.));
#1535=DIRECTION('ref_axis',(0.,-1.,0.));
#1536=DIRECTION('',(0.,0.,1.));
#1537=DIRECTION('',(0.,1.,0.));
#1538=DIRECTION('center_axis',(0.,0.,-1.));
#1539=DIRECTION('ref_axis',(1.,0.,0.));
#1540=DIRECTION('center_axis',(0.,0.,-1.));
#1541=DIRECTION('ref_axis',(1.,0.,0.));
#1542=DIRECTION('center_axis',(0.,0.,-1.));
#1543=DIRECTION('ref_axis',(-1.,0.,0.));
#1544=DIRECTION('',(-1.,0.,0.));
#1545=DIRECTION('',(0.,1.,0.));
#1546=DIRECTION('',(1.,0.,0.));
#1547=DIRECTION('',(0.,1.,0.));
#1548=DIRECTION('',(1.,0.,0.));
#1549=DIRECTION('',(0.,-1.,0.));
#1550=DIRECTION('center_axis',(1.,0.,0.));
#1551=DIRECTION('ref_axis',(0.,1.,0.));
#1552=DIRECTION('',(0.,0.,1.));
#1553=DIRECTION('center_axis',(0.,1.,0.));
#1554=DIRECTION('ref_axis',(-1.,0.,0.));
#1555=DIRECTION('',(0.,0.,1.));
#1556=DIRECTION('center_axis',(-1.,0.,0.));
#1557=DIRECTION('ref_axis',(0.,-1.,0.));
#1558=DIRECTION('',(0.,0.,1.));
#1559=DIRECTION('center_axis',(0.,1.,0.));
#1560=DIRECTION('ref_axis',(-1.,0.,0.));
#1561=DIRECTION('',(0.,0.,1.));
#1562=DIRECTION('center_axis',(-1.,0.,0.));
#1563=DIRECTION('ref_axis',(0.,-1.,0.));
#1564=DIRECTION('',(0.,0.,1.));
#1565=DIRECTION('center_axis',(0.,-1.,0.));
#1566=DIRECTION('ref_axis',(1.,0.,0.));
#1567=DIRECTION('center_axis',(0.,0.,-1.));
#1568=DIRECTION('ref_axis',(1.,0.,0.));
#1569=DIRECTION('center_axis',(0.,0.,-1.));
#1570=DIRECTION('ref_axis',(1.,0.,0.));
#1571=DIRECTION('center_axis',(0.,0.,1.));
#1572=DIRECTION('ref_axis',(1.,0.,0.));
#1573=DIRECTION('',(0.,0.,-1.));
#1574=DIRECTION('center_axis',(-0.70958728070435,0.704617549499448,2.14146629941136E-15));
#1575=DIRECTION('ref_axis',(-0.537246974881355,-0.541036226309602,0.647028198613861));
#1576=DIRECTION('center_axis',(0.704617549502948,-0.709587280700874,-1.86214460814183E-16));
#1577=DIRECTION('ref_axis',(0.23101035129819,0.229392425806689,0.945522782684589));
#1578=DIRECTION('center_axis',(-0.993011663362162,0.0272522044782928,0.114826624864555));
#1579=DIRECTION('ref_axis',(-3.33066907387547E-15,-0.972972959841407,0.230919075473318));
#1580=DIRECTION('center_axis',(-0.993011663362162,-0.02725220447829,-0.114826624864558));
#1581=DIRECTION('ref_axis',(5.55111512312579E-15,-0.972972959841418,0.230919075473271));
#1582=DIRECTION('center_axis',(-0.709587280708764,-0.704617549495002,-7.2390871645216E-15));
#1583=DIRECTION('ref_axis',(0.537246974844551,-0.541036226279323,0.647028198669739));
#1584=DIRECTION('center_axis',(-0.704617549499445,-0.709587280704352,1.62937653216084E-16));
#1585=DIRECTION('ref_axis',(0.541036226309592,-0.537246974881344,0.647028198613878));
#1586=DIRECTION('center_axis',(-0.0272522044782908,-0.993011663362163,0.11482662486455));
#1587=DIRECTION('ref_axis',(0.972972959841408,-2.77555756156289E-15,0.230919075473315));
#1588=DIRECTION('center_axis',(0.0272522044782854,-0.993011663362163,-0.114826624864552));
#1589=DIRECTION('ref_axis',(0.972972959841417,1.66533453693773E-15,0.230919075473277));
#1590=DIRECTION('center_axis',(0.704617549495018,-0.709587280708748,4.07344133051855E-15));
#1591=DIRECTION('ref_axis',(0.541036226279307,0.537246974844571,0.647028198669736));
#1592=DIRECTION('center_axis',(0.709587280700801,-0.704617549503021,2.32768076017597E-16));
#1593=DIRECTION('ref_axis',(0.537246974911069,0.541036226334074,0.647028198568726));
#1594=DIRECTION('center_axis',(0.993011663362163,-0.0272522044782811,0.114826624864553));
#1595=DIRECTION('ref_axis',(-9.43689570931384E-15,0.972972959841404,0.230919075473332));
#1596=DIRECTION('center_axis',(0.993011663362162,0.0272522044782902,-0.114826624864556));
#1597=DIRECTION('ref_axis',(-6.10622663543837E-15,0.972972959841418,0.230919075473272));
#1598=DIRECTION('center_axis',(0.709587280708763,0.704617549495003,-2.42078799070822E-15));
#1599=DIRECTION('ref_axis',(-0.537246974844539,0.541036226279304,0.647028198669765));
#1600=DIRECTION('center_axis',(0.704617549499455,0.709587280704342,-3.30530667952618E-15));
#1601=DIRECTION('ref_axis',(-0.541036226309613,0.537246974881383,0.647028198613828));
#1602=DIRECTION('center_axis',(0.0272522044782902,0.993011663362163,0.114826624864553));
#1603=DIRECTION('ref_axis',(-0.972972959841409,2.22044604925031E-15,0.23091907547331));
#1604=DIRECTION('center_axis',(-0.0272522044782886,0.993011663362162,-0.114826624864558));
#1605=DIRECTION('ref_axis',(-0.972972959841424,-7.21644966006352E-15,0.230919075473247));
#1606=DIRECTION('center_axis',(6.12323399573677E-17,0.,1.));
#1607=DIRECTION('ref_axis',(1.,0.,0.));
#1608=DIRECTION('center_axis',(-1.22464679914735E-16,1.,0.));
#1609=DIRECTION('ref_axis',(-1.,-1.22464679914735E-16,0.));
#1610=CARTESIAN_POINT('',(0.,0.,0.));
#1611=CARTESIAN_POINT('Ctrl Pts',(-8.09641201485295,-8.80642163798367,0.533534626592508));
#1612=CARTESIAN_POINT('Ctrl Pts',(-7.90171002330563,-8.59441057619622,2.19335070091244));
#1613=CARTESIAN_POINT('Ctrl Pts',(-7.837972638898,-8.33360831656425,4.47900718804968));
#1614=CARTESIAN_POINT('Ctrl Pts',(-7.24977188235364,-7.44696870411685,7.38625919152619));
#1615=CARTESIAN_POINT('Ctrl Pts',(-6.83532853218368,-6.90340796011985,8.49270930831793));
#1616=CARTESIAN_POINT('Ctrl Pts',(-6.56953018782295,-6.57133241320529,9.00460223134187));
#1617=CARTESIAN_POINT('Ctrl Pts',(-6.56591297750159,-6.56681415028686,9.01153808148988));
#1618=CARTESIAN_POINT('Ctrl Pts',(-6.56228471888556,-6.56228471888564,9.01846664689659));
#1619=CARTESIAN_POINT('Ctrl Pts',(-8.26490957258148,-8.76048725272531,0.548927554139341));
#1620=CARTESIAN_POINT('Ctrl Pts',(-8.0651712389849,-8.54741737785695,2.20696819474513));
#1621=CARTESIAN_POINT('Ctrl Pts',(-7.94143089761215,-8.27460753532326,4.4890562906338));
#1622=CARTESIAN_POINT('Ctrl Pts',(-7.28529885632592,-7.41722525222713,7.38913137256051));
#1623=CARTESIAN_POINT('Ctrl Pts',(-6.84670152764105,-6.8920715838357,8.49274333970256));
#1624=CARTESIAN_POINT('Ctrl Pts',(-6.5698308395786,-6.57103248111567,9.00460253305589));
#1625=CARTESIAN_POINT('Ctrl Pts',(-6.56606317296573,-6.56666395482273,9.01153808148987));
#1626=CARTESIAN_POINT('Ctrl Pts',(-6.56228471888557,-6.56228471888564,9.01846664689659));
#1627=CARTESIAN_POINT('Ctrl Pts',(-8.57828652366608,-8.5782865236662,0.565402209950005));
#1628=CARTESIAN_POINT('Ctrl Pts',(-8.36845531672435,-8.36845531672484,2.22151272375654));
#1629=CARTESIAN_POINT('Ctrl Pts',(-8.1301664884273,-8.1301664884262,4.49922607972572));
#1630=CARTESIAN_POINT('Ctrl Pts',(-7.35439908825103,-7.35439908825071,7.39204593164803));
#1631=CARTESIAN_POINT('Ctrl Pts',(-6.86940532834818,-6.86940532834398,8.49277851007383));
#1632=CARTESIAN_POINT('Ctrl Pts',(-6.57043202050454,-6.57043202050487,9.00460282511734));
#1633=CARTESIAN_POINT('Ctrl Pts',(-6.56636356389399,-6.56636356389447,9.01153808148986));
#1634=CARTESIAN_POINT('Ctrl Pts',(-6.56228471888558,-6.56228471888562,9.01846664689659));
#1635=CARTESIAN_POINT('Ctrl Pts',(-8.76048725272518,-8.26490957258159,0.548927554139447));
#1636=CARTESIAN_POINT('Ctrl Pts',(-8.54741737785647,-8.0651712389854,2.20696819474514));
#1637=CARTESIAN_POINT('Ctrl Pts',(-8.27460753532444,-7.94143089761111,4.48905629063367));
#1638=CARTESIAN_POINT('Ctrl Pts',(-7.41722525222747,-7.28529885632562,7.38913137256049));
#1639=CARTESIAN_POINT('Ctrl Pts',(-6.89207158384006,-6.84670152763698,8.49274333970232));
#1640=CARTESIAN_POINT('Ctrl Pts',(-6.57103248111533,-6.56983083957893,9.00460253305591));
#1641=CARTESIAN_POINT('Ctrl Pts',(-6.56666395482226,-6.56606317296622,9.01153808148985));
#1642=CARTESIAN_POINT('Ctrl Pts',(-6.56228471888559,-6.56228471888562,9.01846664689659));
#1643=CARTESIAN_POINT('Ctrl Pts',(-8.80642163798353,-8.09641201485306,0.53353462659266));
#1644=CARTESIAN_POINT('Ctrl Pts',(-8.59441057619575,-7.90171002330613,2.19335070091245));
#1645=CARTESIAN_POINT('Ctrl Pts',(-8.33360831656545,-7.83797263889696,4.4790071880495));
#1646=CARTESIAN_POINT('Ctrl Pts',(-7.44696870411719,-7.24977188235333,7.38625919152617));
#1647=CARTESIAN_POINT('Ctrl Pts',(-6.90340796012426,-6.83532853217958,8.49270930831759));
#1648=CARTESIAN_POINT('Ctrl Pts',(-6.57133241320495,-6.56953018782328,9.00460223134189));
#1649=CARTESIAN_POINT('Ctrl Pts',(-6.5668141502864,-6.56591297750209,9.01153808148985));
#1650=CARTESIAN_POINT('Ctrl Pts',(-6.56228471888559,-6.56228471888561,9.01846664689659));
#1651=CARTESIAN_POINT('',(-8.77095089727107,-8.06505476039447,0.810652210965142));
#1652=CARTESIAN_POINT('',(-8.54551866898241,-8.54551866898251,0.557171516264947));
#1653=CARTESIAN_POINT('Ctrl Pts',(-8.77116087235752,-8.06523067009702,0.810917427950205));
#1654=CARTESIAN_POINT('Ctrl Pts',(-8.7627360000183,-8.10297625792274,0.80144796117931));
#1655=CARTESIAN_POINT('Ctrl Pts',(-8.75258264817775,-8.13975844327483,0.790088558118598));
#1656=CARTESIAN_POINT('Ctrl Pts',(-8.74096468802329,-8.17546918809723,0.777071915637195));
#1657=CARTESIAN_POINT('Ctrl Pts',(-8.72851816185384,-8.21372674054646,0.763126956356122));
#1658=CARTESIAN_POINT('Ctrl Pts',(-8.71439050798027,-8.25075481999722,0.747279988240584));
#1659=CARTESIAN_POINT('Ctrl Pts',(-8.6988487174304,-8.28644486140011,0.729812408765272));
#1660=CARTESIAN_POINT('Ctrl Pts',(-8.68512049224567,-8.31797024604988,0.714383114199779));
#1661=CARTESIAN_POINT('Ctrl Pts',(-8.67028775800694,-8.34845216181965,0.69768928196997));
#1662=CARTESIAN_POINT('Ctrl Pts',(-8.65450327226627,-8.3778277015531,0.67992180639806));
#1663=CARTESIAN_POINT('Ctrl Pts',(-8.63505161111141,-8.41402799686359,0.658026451675687));
#1664=CARTESIAN_POINT('Ctrl Pts',(-8.61416136229692,-8.44853869178026,0.634503977515288));
#1665=CARTESIAN_POINT('Ctrl Pts',(-8.5920751353095,-8.48127757026366,0.609627111105344));
#1666=CARTESIAN_POINT('Ctrl Pts',(-8.57707914301157,-8.50350644484054,0.592736344869324));
#1667=CARTESIAN_POINT('Ctrl Pts',(-8.56153059048655,-8.52491887495655,0.57522105809898));
#1668=CARTESIAN_POINT('Ctrl Pts',(-8.54549246170634,-8.54549246170644,0.557164933427789));
#1669=CARTESIAN_POINT('',(-8.06505476039428,-8.77095089727124,0.810652210965169));
#1670=CARTESIAN_POINT('Ctrl Pts',(-8.06523067009684,-8.77116087235768,0.810917427950229));
#1671=CARTESIAN_POINT('Ctrl Pts',(-8.10290897307408,-8.76275101809849,0.801464841341329));
#1672=CARTESIAN_POINT('Ctrl Pts',(-8.1396330370718,-8.75261807238849,0.790123649206752));
#1673=CARTESIAN_POINT('Ctrl Pts',(-8.17529256970578,-8.74102335063358,0.777129148380587));
#1674=CARTESIAN_POINT('Ctrl Pts',(-8.2132665430695,-8.72867608687104,0.763291254504846));
#1675=CARTESIAN_POINT('Ctrl Pts',(-8.25003355401655,-8.71467093015137,0.747578508672764));
#1676=CARTESIAN_POINT('Ctrl Pts',(-8.285484109872,-8.69926877004073,0.730270618461081));
#1677=CARTESIAN_POINT('Ctrl Pts',(-8.30176715643827,-8.69219429450005,0.722320808493931));
#1678=CARTESIAN_POINT('Ctrl Pts',(-8.31777276036819,-8.68482438220723,0.714034404991307));
#1679=CARTESIAN_POINT('Ctrl Pts',(-8.33349164489085,-8.67718099407499,0.705438200222166));
#1680=CARTESIAN_POINT('Ctrl Pts',(-8.36949632723183,-8.65967353282268,0.685748277466847));
#1681=CARTESIAN_POINT('Ctrl Pts',(-8.40396419199722,-8.64074949324118,0.664452309541402));
#1682=CARTESIAN_POINT('Ctrl Pts',(-8.43681485511149,-8.62064977308937,0.641815192085026));
#1683=CARTESIAN_POINT('Ctrl Pts',(-8.47150820198348,-8.59942260452871,0.617908296648421));
#1684=CARTESIAN_POINT('Ctrl Pts',(-8.50439808293513,-8.57688392583551,0.592505613174827));
#1685=CARTESIAN_POINT('Ctrl Pts',(-8.53540786518857,-8.55326365312489,0.565912859933298));
#1686=CARTESIAN_POINT('Ctrl Pts',(-8.53879180116136,-8.55068609582832,0.563010931323348));
#1687=CARTESIAN_POINT('Ctrl Pts',(-8.54215336312859,-8.54809561057754,0.56009482490598));
#1688=CARTESIAN_POINT('Ctrl Pts',(-8.54549246170634,-8.54549246170644,0.557164933427788));
#1689=CARTESIAN_POINT('',(-6.56228471888559,-6.56228471888564,9.01846664689656));
#1690=CARTESIAN_POINT('Ctrl Pts',(-8.06523067009684,-8.77116087235767,0.810917427950228));
#1691=CARTESIAN_POINT('Ctrl Pts',(-7.8956862699549,-8.5718775610942,2.38406224785991));
#1692=CARTESIAN_POINT('Ctrl Pts',(-7.81834841137299,-8.30402723001555,4.57600226014708));
#1693=CARTESIAN_POINT('Ctrl Pts',(-7.24977188235364,-7.44696870411685,7.38625919152619));
#1694=CARTESIAN_POINT('Ctrl Pts',(-6.83532853218368,-6.90340796011985,8.49270930831793));
#1695=CARTESIAN_POINT('Ctrl Pts',(-6.56953018782295,-6.57133241320529,9.00460223134187));
#1696=CARTESIAN_POINT('Ctrl Pts',(-6.56591297750159,-6.56681415028686,9.01153808148988));
#1697=CARTESIAN_POINT('Ctrl Pts',(-6.56228471888556,-6.56228471888564,9.01846664689659));
#1698=CARTESIAN_POINT('Ctrl Pts',(-6.56228471888559,-6.56228471888561,9.01846664689659));
#1699=CARTESIAN_POINT('Ctrl Pts',(-6.5668141502864,-6.56591297750209,9.01153808148985));
#1700=CARTESIAN_POINT('Ctrl Pts',(-6.57133241320495,-6.56953018782328,9.00460223134189));
#1701=CARTESIAN_POINT('Ctrl Pts',(-6.90340796012426,-6.83532853217958,8.49270930831759));
#1702=CARTESIAN_POINT('Ctrl Pts',(-7.44696870411719,-7.24977188235333,7.38625919152617));
#1703=CARTESIAN_POINT('Ctrl Pts',(-8.30402723001673,-7.81834841137198,4.57600226014685));
#1704=CARTESIAN_POINT('Ctrl Pts',(-8.57187756109387,-7.89568626995527,2.3840622478598));
#1705=CARTESIAN_POINT('Ctrl Pts',(-8.77116087235752,-8.06523067009702,0.810917427950207));
#1706=CARTESIAN_POINT('Ctrl Pts',(-8.88910319181657,8.54551866898251,0.94350511282914));
#1707=CARTESIAN_POINT('Ctrl Pts',(-8.88910319181657,2.84850410891744,0.94350511282914));
#1708=CARTESIAN_POINT('Ctrl Pts',(-8.88910319181657,-2.84851045114763,0.94350511282914));
#1709=CARTESIAN_POINT('Ctrl Pts',(-8.88910319181657,-8.54552501121269,0.94350511282914));
#1710=CARTESIAN_POINT('Ctrl Pts',(-8.60940212787771,8.54551866898251,0.62900340855276));
#1711=CARTESIAN_POINT('Ctrl Pts',(-8.60940212787771,2.84850410891744,0.62900340855276));
#1712=CARTESIAN_POINT('Ctrl Pts',(-8.60940212787771,-2.84851045114763,0.62900340855276));
#1713=CARTESIAN_POINT('Ctrl Pts',(-8.60940212787771,-8.54552501121269,0.62900340855276));
#1714=CARTESIAN_POINT('Ctrl Pts',(-8.32970106393885,8.54551866898251,0.31450170427638));
#1715=CARTESIAN_POINT('Ctrl Pts',(-8.32970106393885,2.84850410891744,0.31450170427638));
#1716=CARTESIAN_POINT('Ctrl Pts',(-8.32970106393885,-2.84851045114763,0.31450170427638));
#1717=CARTESIAN_POINT('Ctrl Pts',(-8.32970106393885,-8.54552501121269,0.31450170427638));
#1718=CARTESIAN_POINT('Ctrl Pts',(-8.05,8.54551866898251,-4.19000440045787E-16));
#1719=CARTESIAN_POINT('Ctrl Pts',(-8.05,2.84850410891744,-4.19000440045787E-16));
#1720=CARTESIAN_POINT('Ctrl Pts',(-8.05,-2.84851045114763,-4.19000440045787E-16));
#1721=CARTESIAN_POINT('Ctrl Pts',(-8.05,-8.54552501121269,-4.19000440045787E-16));
#1722=CARTESIAN_POINT('',(-8.88910319181657,-7.0064471208051,0.943505112829139));
#1723=CARTESIAN_POINT('Ctrl Pts',(-8.88910319181657,-7.0064471208051,0.943505112829138));
#1724=CARTESIAN_POINT('Ctrl Pts',(-8.88910319181657,-7.36690293539413,0.943505112829139));
#1725=CARTESIAN_POINT('Ctrl Pts',(-8.8470146110632,-7.72343940919498,0.896179835652493));
#1726=CARTESIAN_POINT('Ctrl Pts',(-8.77095089727107,-8.06505476039447,0.810652210965144));
#1727=CARTESIAN_POINT('',(-8.88910319181657,7.00644712080505,0.943505112829139));
#1728=CARTESIAN_POINT('Ctrl Pts',(-8.88910319181657,-7.0064471208051,0.94350511282914));
#1729=CARTESIAN_POINT('Ctrl Pts',(-8.88910319181657,-2.33548237360172,0.94350511282914));
#1730=CARTESIAN_POINT('Ctrl Pts',(-8.88910319181657,2.33548237360167,0.94350511282914));
#1731=CARTESIAN_POINT('Ctrl Pts',(-8.88910319181657,7.00644712080505,0.94350511282914));
#1732=CARTESIAN_POINT('',(-8.77095089727106,8.06505476039447,0.810652210965132));
#1733=CARTESIAN_POINT('Ctrl Pts',(-8.77095089727106,8.06505476039448,0.810652210965131));
#1734=CARTESIAN_POINT('Ctrl Pts',(-8.79230601397547,7.9691469414277,0.834664349152877));
#1735=CARTESIAN_POINT('Ctrl Pts',(-8.81101436136501,7.87191599002446,0.85570040477364));
#1736=CARTESIAN_POINT('Ctrl Pts',(-8.82687618369088,7.77356236449744,0.873535768301272));
#1737=CARTESIAN_POINT('Ctrl Pts',(-8.86741499217999,7.52219535839077,0.919118449252199));
#1738=CARTESIAN_POINT('Ctrl Pts',(-8.88910319181657,7.26504694684372,0.94350511282914));
#1739=CARTESIAN_POINT('Ctrl Pts',(-8.88910319181657,7.00644712080505,0.94350511282914));
#1740=CARTESIAN_POINT('',(-8.5455186689824,8.5455186689825,0.557171516264938));
#1741=CARTESIAN_POINT('Ctrl Pts',(-8.5455186689824,8.54551866898251,0.557171516264937));
#1742=CARTESIAN_POINT('Ctrl Pts',(-8.5946127585411,8.48255971544791,0.612373933512389));
#1743=CARTESIAN_POINT('Ctrl Pts',(-8.6393481101353,8.41171585092504,0.662675294971833));
#1744=CARTESIAN_POINT('Ctrl Pts',(-8.67732303354406,8.33350872620309,0.705375090116088));
#1745=CARTESIAN_POINT('Ctrl Pts',(-8.71719140431193,8.2514021578358,0.750203916923695));
#1746=CARTESIAN_POINT('Ctrl Pts',(-8.74951578968066,8.16132355194338,0.786550129358463));
#1747=CARTESIAN_POINT('Ctrl Pts',(-8.77095089727106,8.06505476039448,0.810652210965129));
#1748=CARTESIAN_POINT('',(-8.05,8.05,2.48862833718085E-17));
#1749=CARTESIAN_POINT('Ctrl Pts',(-8.5455186689824,8.5455186689825,0.557171516264937));
#1750=CARTESIAN_POINT('Ctrl Pts',(-8.39227341317221,8.39227341317229,0.384859357541402));
#1751=CARTESIAN_POINT('Ctrl Pts',(-8.23902815736203,8.23902815736207,0.212547198817867));
#1752=CARTESIAN_POINT('Ctrl Pts',(-8.07385526770123,8.07385526770123,0.0268233600628876));
#1753=CARTESIAN_POINT('Ctrl Pts',(-8.06192763385062,8.06192763385062,0.0134116800314428));
#1754=CARTESIAN_POINT('Ctrl Pts',(-8.05,8.05,-8.86877377093143E-16));
#1755=CARTESIAN_POINT('',(-8.05,-8.05,-2.09500220022898E-16));
#1756=CARTESIAN_POINT('Ctrl Pts',(-8.05,-8.04999999999999,2.09500220022893E-16));
#1757=CARTESIAN_POINT('Ctrl Pts',(-8.05,-6.58419924179731,2.09500220022893E-16));
#1758=CARTESIAN_POINT('Ctrl Pts',(-8.05,-5.11839848359463,2.09500220022893E-16));
#1759=CARTESIAN_POINT('Ctrl Pts',(-8.05,0.248268183072038,2.09500220022893E-16));
#1760=CARTESIAN_POINT('Ctrl Pts',(-8.05,4.14913409153603,2.09500220022893E-16));
#1761=CARTESIAN_POINT('Ctrl Pts',(-8.05,8.05000000000001,2.09500220022893E-16));
#1762=CARTESIAN_POINT('Ctrl Pts',(-8.54551866898241,-8.54551866898251,0.557171516264945));
#1763=CARTESIAN_POINT('Ctrl Pts',(-8.39653708947578,-8.39653708947585,0.389653524017106));
#1764=CARTESIAN_POINT('Ctrl Pts',(-8.24755550996915,-8.24755550996919,0.222135531769267));
#1765=CARTESIAN_POINT('Ctrl Pts',(-8.08238262030835,-8.08238262030836,0.036411693014285));
#1766=CARTESIAN_POINT('Ctrl Pts',(-8.06619131015417,-8.06619131015418,0.0182058465071429));
#1767=CARTESIAN_POINT('Ctrl Pts',(-8.05,-8.05,4.20670442924376E-16));
#1768=CARTESIAN_POINT('Ctrl Pts',(-4.7361197027436,-6.46880854595606,10.3327489846613));
#1769=CARTESIAN_POINT('Ctrl Pts',(-5.16290227211773,-6.45140161004003,10.0946759598631));
#1770=CARTESIAN_POINT('Ctrl Pts',(-5.56771568147685,-6.43159577719111,9.84844565799927));
#1771=CARTESIAN_POINT('Ctrl Pts',(-5.9904924763637,-6.41082093676803,9.57587267118305));
#1772=CARTESIAN_POINT('Ctrl Pts',(-6.07813438102854,-6.43869191513599,9.49432564228787));
#1773=CARTESIAN_POINT('Ctrl Pts',(-6.2347926314845,-6.47631923224281,9.35148229765825));
#1774=CARTESIAN_POINT('Ctrl Pts',(-6.50868286449312,-6.54782062175138,9.08190813000157));
#1775=CARTESIAN_POINT('Ctrl Pts',(-7.01513923739664,-6.66951266890495,8.53112724439308));
#1776=CARTESIAN_POINT('Ctrl Pts',(-8.3145797765417,-6.92002235839502,6.78915571898585));
#1777=CARTESIAN_POINT('Ctrl Pts',(-9.07914192275989,-6.93475453526009,5.11413517322206));
#1778=CARTESIAN_POINT('Ctrl Pts',(-9.86172675094371,-7.02689253692484,2.93325859620237));
#1779=CARTESIAN_POINT('Ctrl Pts',(-10.1314836422006,-7.10009095406048,1.84540834959663));
#1780=CARTESIAN_POINT('Ctrl Pts',(-10.274010825207,-7.19356169030014,1.0070977287949));
#1781=CARTESIAN_POINT('Ctrl Pts',(-4.2936297655361,-7.29911455976654,9.92420429499705));
#1782=CARTESIAN_POINT('Ctrl Pts',(-4.70726791052478,-7.34375400055474,9.68258324181952));
#1783=CARTESIAN_POINT('Ctrl Pts',(-5.10556724308338,-7.38136605258206,9.43295861316895));
#1784=CARTESIAN_POINT('Ctrl Pts',(-5.52502106026067,-7.41671147077392,9.15930314829338));
#1785=CARTESIAN_POINT('Ctrl Pts',(-5.60211781712132,-7.4380291896575,9.08245968304211));
#1786=CARTESIAN_POINT('Ctrl Pts',(-5.74364477566195,-7.47102886980837,8.94683291762436));
#1787=CARTESIAN_POINT('Ctrl Pts',(-5.98933448655521,-7.53158026916499,8.69214363970659));
#1788=CARTESIAN_POINT('Ctrl Pts',(-6.4467934806022,-7.63998145716596,8.17297069296485));
#1789=CARTESIAN_POINT('Ctrl Pts',(-7.64460557194631,-7.89510273837327,6.52171831353699));
#1790=CARTESIAN_POINT('Ctrl Pts',(-8.39384233286417,-7.96066941171047,4.89825866086603));
#1791=CARTESIAN_POINT('Ctrl Pts',(-9.15072245201123,-8.07495413889371,2.81652503475364));
#1792=CARTESIAN_POINT('Ctrl Pts',(-9.41166080200282,-8.14800245690743,1.7881730862769));
#1793=CARTESIAN_POINT('Ctrl Pts',(-9.54769288663574,-8.23302691327838,1.0011111277981));
#1794=CARTESIAN_POINT('Ctrl Pts',(-3.68118834756839,-7.88915141026951,9.22603532846688));
#1795=CARTESIAN_POINT('Ctrl Pts',(-4.05150707137981,-7.97414028546824,8.94699552839543));
#1796=CARTESIAN_POINT('Ctrl Pts',(-4.41212109757804,-8.05020964597998,8.6607132940874));
#1797=CARTESIAN_POINT('Ctrl Pts',(-4.7941916388388,-8.12320437377452,8.35238566824381));
#1798=CARTESIAN_POINT('Ctrl Pts',(-4.85670233211363,-8.13676658961906,8.2883841000135));
#1799=CARTESIAN_POINT('Ctrl Pts',(-4.97464217838699,-8.16192742933164,8.16901139595131));
#1800=CARTESIAN_POINT('Ctrl Pts',(-5.17770732147804,-8.20627948507401,7.94830459589745));
#1801=CARTESIAN_POINT('Ctrl Pts',(-5.55797883609681,-8.29057301364868,7.49371246853382));
#1802=CARTESIAN_POINT('Ctrl Pts',(-6.5712892216863,-8.51632504782191,6.0105237384882));
#1803=CARTESIAN_POINT('Ctrl Pts',(-7.24867161572008,-8.61597756509866,4.47111637452184));
#1804=CARTESIAN_POINT('Ctrl Pts',(-7.93899792909125,-8.74575219538451,2.53299493586918));
#1805=CARTESIAN_POINT('Ctrl Pts',(-8.18422783091468,-8.81965906841761,1.58404192070237));
#1806=CARTESIAN_POINT('Ctrl Pts',(-8.31350350830843,-8.89667843318517,0.866853942059012));
#1807=CARTESIAN_POINT('Ctrl Pts',(-3.06525154511004,-8.07855236211936,8.42799816180836));
#1808=CARTESIAN_POINT('Ctrl Pts',(-3.39108495401614,-8.15462416091571,8.10747114132023));
#1809=CARTESIAN_POINT('Ctrl Pts',(-3.71286526934989,-8.22063438804112,7.78307464497319));
#1810=CARTESIAN_POINT('Ctrl Pts',(-4.05581573278213,-8.28092136607145,7.4400070728214));
#1811=CARTESIAN_POINT('Ctrl Pts',(-4.10366133445088,-8.28941149487198,7.39114106198814));
#1812=CARTESIAN_POINT('Ctrl Pts',(-4.19775940664359,-8.30635387452067,7.29126213660858));
#1813=CARTESIAN_POINT('Ctrl Pts',(-4.35780536251025,-8.33582757793756,7.11070390086589));
#1814=CARTESIAN_POINT('Ctrl Pts',(-4.66006424462239,-8.39322450982853,6.7315623495206));
#1815=CARTESIAN_POINT('Ctrl Pts',(-5.48603548757818,-8.55607214365548,5.44461536227687));
#1816=CARTESIAN_POINT('Ctrl Pts',(-6.08911709893218,-8.64588561186313,3.99978033308598));
#1817=CARTESIAN_POINT('Ctrl Pts',(-6.71092164577359,-8.7710347205167,2.19616950196899));
#1818=CARTESIAN_POINT('Ctrl Pts',(-6.94036631545405,-8.84627362361191,1.314765584139));
#1819=CARTESIAN_POINT('Ctrl Pts',(-7.06298236349499,-8.92020425950393,0.657796679727505));
#1820=CARTESIAN_POINT('',(-7.00644712080485,-8.88910319181676,0.943505112829162));
#1821=CARTESIAN_POINT('Ctrl Pts',(-7.00644712080485,-8.88910319181676,0.943505112829161));
#1822=CARTESIAN_POINT('Ctrl Pts',(-7.26504694684358,-8.88910319181676,0.943505112829161));
#1823=CARTESIAN_POINT('Ctrl Pts',(-7.5221953583907,-8.86741499218017,0.919118449252206));
#1824=CARTESIAN_POINT('Ctrl Pts',(-7.77356236449727,-8.82687618369107,0.873535768301303));
#1825=CARTESIAN_POINT('Ctrl Pts',(-7.87191599002428,-8.8110143613652,0.855700404773672));
#1826=CARTESIAN_POINT('Ctrl Pts',(-7.96914694142751,-8.79230601397566,0.834664349152911));
#1827=CARTESIAN_POINT('Ctrl Pts',(-8.06505476039428,-8.77095089727124,0.810652210965168));
#1828=CARTESIAN_POINT('',(-3.06525154511004,-8.07855236211937,8.42799816180836));
#1829=CARTESIAN_POINT('Ctrl Pts',(-7.00660110088853,-8.88914988468773,0.943542026777748));
#1830=CARTESIAN_POINT('Ctrl Pts',(-6.8895559775191,-8.83007668024596,1.50649996291394));
#1831=CARTESIAN_POINT('Ctrl Pts',(-6.67714836414969,-8.76423725318874,2.29413253046187));
#1832=CARTESIAN_POINT('Ctrl Pts',(-6.08911709893218,-8.64588561186313,3.99978033308598));
#1833=CARTESIAN_POINT('Ctrl Pts',(-5.48603548757818,-8.55607214365548,5.44461536227687));
#1834=CARTESIAN_POINT('Ctrl Pts',(-4.66006424462239,-8.39322450982853,6.7315623495206));
#1835=CARTESIAN_POINT('Ctrl Pts',(-4.35780536251025,-8.33582757793756,7.11070390086589));
#1836=CARTESIAN_POINT('Ctrl Pts',(-4.19775940664359,-8.30635387452067,7.29126213660858));
#1837=CARTESIAN_POINT('Ctrl Pts',(-4.10366133445088,-8.28941149487198,7.39114106198814));
#1838=CARTESIAN_POINT('Ctrl Pts',(-4.05581573278213,-8.28092136607145,7.4400070728214));
#1839=CARTESIAN_POINT('Ctrl Pts',(-3.71286526934989,-8.22063438804112,7.78307464497319));
#1840=CARTESIAN_POINT('Ctrl Pts',(-3.39108495401614,-8.15462416091571,8.10747114132023));
#1841=CARTESIAN_POINT('Ctrl Pts',(-3.06525154511004,-8.07855236211936,8.42799816180836));
#1842=CARTESIAN_POINT('',(-5.28764140479902,-7.46300671676211,8.92825890216885));
#1843=CARTESIAN_POINT('Ctrl Pts',(-5.29046744729195,-7.46337790787697,8.92611329937029));
#1844=CARTESIAN_POINT('Ctrl Pts',(-4.59059744010622,-7.83760660278547,8.79090324815995));
#1845=CARTESIAN_POINT('Ctrl Pts',(-3.81699646892857,-8.0347353373259,8.6126203296278));
#1846=CARTESIAN_POINT('Ctrl Pts',(-3.06525154511004,-8.07855236211937,8.42799816180836));
#1847=CARTESIAN_POINT('',(-6.50145004582568,-6.54730536009196,9.08217834280871));
#1848=CARTESIAN_POINT('Ctrl Pts',(-6.50019739069285,-6.54604386994938,9.08426737587255));
#1849=CARTESIAN_POINT('Ctrl Pts',(-6.14850578270807,-6.92547295161533,9.05915456837148));
#1850=CARTESIAN_POINT('Ctrl Pts',(-5.71668595798735,-7.23352343934197,9.01097147548358));
#1851=CARTESIAN_POINT('Ctrl Pts',(-5.28896652503519,-7.46232118024273,8.92852586558077));
#1852=CARTESIAN_POINT('Ctrl Pts',(-5.28830775201611,-7.46267338247662,8.92839885739407));
#1853=CARTESIAN_POINT('Ctrl Pts',(-5.28764891368485,-7.46302542790495,8.92827181108786));
#1854=CARTESIAN_POINT('Ctrl Pts',(-6.5021919667101,-6.54497928729812,9.08259331957539));
#1855=CARTESIAN_POINT('Ctrl Pts',(-6.52261001215162,-6.55008565977179,9.06138152680889));
#1856=CARTESIAN_POINT('Ctrl Pts',(-6.5428792255246,-6.55511699287223,9.04013434566559));
#1857=CARTESIAN_POINT('Ctrl Pts',(-6.56299712024593,-6.56007343965169,9.01885652891578));
#1858=CARTESIAN_POINT('Ctrl Pts',(8.80642163798353,-8.09641201485305,0.533534626592647));
#1859=CARTESIAN_POINT('Ctrl Pts',(8.66508093022867,-7.9666106872503,1.64007867532764));
#1860=CARTESIAN_POINT('Ctrl Pts',(8.45751671416065,-7.86592956004261,3.33255435760763));
#1861=CARTESIAN_POINT('Ctrl Pts',(7.86275277217674,-7.53906482493377,6.22156880113892));
#1862=CARTESIAN_POINT('Ctrl Pts',(7.23147991615623,-7.0980846929243,7.98563537271859));
#1863=CARTESIAN_POINT('Ctrl Pts',(6.57133002784542,-6.56952751842132,9.00461225863105));
#1864=CARTESIAN_POINT('Ctrl Pts',(6.56681415028734,-6.5659129775019,9.01153808148915));
#1865=CARTESIAN_POINT('Ctrl Pts',(6.56228471888564,-6.56228471888572,9.0184666468964));
#1866=CARTESIAN_POINT('Ctrl Pts',(8.76048725272518,-8.26490957258158,0.548927554139436));
#1867=CARTESIAN_POINT('Ctrl Pts',(8.61844066958355,-8.13175068361511,1.65428798039924));
#1868=CARTESIAN_POINT('Ctrl Pts',(8.40347050296283,-7.99877521565398,3.343647285513));
#1869=CARTESIAN_POINT('Ctrl Pts',(7.81761088367351,-7.60146041925281,6.22823370694136));
#1870=CARTESIAN_POINT('Ctrl Pts',(7.20922758426702,-7.12032501072547,7.98577847878482));
#1871=CARTESIAN_POINT('Ctrl Pts',(6.57103023117219,-6.56982842702566,9.00461220021518));
#1872=CARTESIAN_POINT('Ctrl Pts',(6.56666395482321,-6.56606317296604,9.01153808148914));
#1873=CARTESIAN_POINT('Ctrl Pts',(6.56228471888564,-6.56228471888572,9.0184666468964));
#1874=CARTESIAN_POINT('Ctrl Pts',(8.57828658914261,-8.57828658914272,0.565402226396626));
#1875=CARTESIAN_POINT('Ctrl Pts',(8.43839911795072,-8.43839911795107,1.66947590145797));
#1876=CARTESIAN_POINT('Ctrl Pts',(8.24190596024255,-8.24190596024615,3.35518616018159));
#1877=CARTESIAN_POINT('Ctrl Pts',(7.71827354614175,-7.71827354614178,6.23497180052219));
#1878=CARTESIAN_POINT('Ctrl Pts',(7.16480063214798,-7.1648006321618,7.98592770958038));
#1879=CARTESIAN_POINT('Ctrl Pts',(6.5704297431824,-6.57042974318205,9.00461211333185));
#1880=CARTESIAN_POINT('Ctrl Pts',(6.56636356389494,-6.56636356389432,9.01153808148913));
#1881=CARTESIAN_POINT('Ctrl Pts',(6.56228471888564,-6.56228471888571,9.0184666468964));
#1882=CARTESIAN_POINT('Ctrl Pts',(8.26490957258148,-8.7604872527253,0.548927554139333));
#1883=CARTESIAN_POINT('Ctrl Pts',(8.13175068361475,-8.61844066958389,1.65428798039928));
#1884=CARTESIAN_POINT('Ctrl Pts',(7.99877521565045,-8.40347050296653,3.34364728551286));
#1885=CARTESIAN_POINT('Ctrl Pts',(7.60146041925275,-7.81761088367353,6.22823370694141));
#1886=CARTESIAN_POINT('Ctrl Pts',(7.120325010712,-7.20922758428131,7.98577847878431));
#1887=CARTESIAN_POINT('Ctrl Pts',(6.56982842702599,-6.57103023117183,9.0046122002152));
#1888=CARTESIAN_POINT('Ctrl Pts',(6.56606317296668,-6.56666395482261,9.01153808148911));
#1889=CARTESIAN_POINT('Ctrl Pts',(6.56228471888564,-6.56228471888572,9.0184666468964));
#1890=CARTESIAN_POINT('Ctrl Pts',(8.09641201485296,-8.80642163798366,0.5335346265925));
#1891=CARTESIAN_POINT('Ctrl Pts',(7.96661068724993,-8.66508093022901,1.64007867532769));
#1892=CARTESIAN_POINT('Ctrl Pts',(7.86592956003911,-8.45751671416438,3.33255435760737));
#1893=CARTESIAN_POINT('Ctrl Pts',(7.53906482493371,-7.86275277217676,6.22156880113899));
#1894=CARTESIAN_POINT('Ctrl Pts',(7.09808469291091,-7.23147991617064,7.98563537271756));
#1895=CARTESIAN_POINT('Ctrl Pts',(6.56952751842164,-6.57133002784505,9.00461225863108));
#1896=CARTESIAN_POINT('Ctrl Pts',(6.56591297750254,-6.56681415028675,9.01153808148911));
#1897=CARTESIAN_POINT('Ctrl Pts',(6.56228471888564,-6.56228471888572,9.0184666468964));
#1898=CARTESIAN_POINT('',(8.06505476039428,-8.77095089727123,0.810652210965154));
#1899=CARTESIAN_POINT('',(8.5455186689824,-8.5455186689825,0.557171516264936));
#1900=CARTESIAN_POINT('Ctrl Pts',(8.06517985896839,-8.77107650852803,0.810870393711274));
#1901=CARTESIAN_POINT('Ctrl Pts',(8.10295217018337,-8.76265079136077,0.801396987951275));
#1902=CARTESIAN_POINT('Ctrl Pts',(8.13976013335436,-8.75249637430223,0.790032294214319));
#1903=CARTESIAN_POINT('Ctrl Pts',(8.17549574213461,-8.74087649860901,0.777009004039676));
#1904=CARTESIAN_POINT('Ctrl Pts',(8.21383363541402,-8.72841045788794,0.763037351508648));
#1905=CARTESIAN_POINT('Ctrl Pts',(8.25093755487769,-8.71425758427438,0.747156783418555));
#1906=CARTESIAN_POINT('Ctrl Pts',(8.28669802892085,-8.69868507248498,0.729649731740897));
#1907=CARTESIAN_POINT('Ctrl Pts',(8.31812747116513,-8.68499858277871,0.714262998642601));
#1908=CARTESIAN_POINT('Ctrl Pts',(8.34851968795251,-8.67021433091375,0.697619814462402));
#1909=CARTESIAN_POINT('Ctrl Pts',(8.37781184201449,-8.65448293407641,0.679908897504209));
#1910=CARTESIAN_POINT('Ctrl Pts',(8.41413455613793,-8.63497576403778,0.657947092572579));
#1911=CARTESIAN_POINT('Ctrl Pts',(8.44875626478633,-8.6140190699826,0.634346867850473));
#1912=CARTESIAN_POINT('Ctrl Pts',(8.48159267449348,-8.59185689097236,0.60938283873088));
#1913=CARTESIAN_POINT('Ctrl Pts',(8.50370967668989,-8.57692952935706,0.592568287694592));
#1914=CARTESIAN_POINT('Ctrl Pts',(8.52501710736766,-8.56145407171724,0.575134882730055));
#1915=CARTESIAN_POINT('Ctrl Pts',(8.5454924944446,-8.5454924944447,0.557164941651111));
#1916=CARTESIAN_POINT('',(8.77095089727107,-8.06505476039445,0.810652210965136));
#1917=CARTESIAN_POINT('Ctrl Pts',(8.77107650852782,-8.06517985896861,0.810870393711236));
#1918=CARTESIAN_POINT('Ctrl Pts',(8.76266670026296,-8.10288085091189,0.801414875032477));
#1919=CARTESIAN_POINT('Ctrl Pts',(8.75253394655232,-8.1396268729816,0.790069798326096));
#1920=CARTESIAN_POINT('Ctrl Pts',(8.7409388516539,-8.17530769167909,0.777070386833453));
#1921=CARTESIAN_POINT('Ctrl Pts',(8.72857458215957,-8.21335544049177,0.763208643710965));
#1922=CARTESIAN_POINT('Ctrl Pts',(8.71454730669425,-8.25019221587072,0.747465829729808));
#1923=CARTESIAN_POINT('Ctrl Pts',(8.69911799355009,-8.28570767050349,0.730122554712887));
#1924=CARTESIAN_POINT('Ctrl Pts',(8.69208083141212,-8.30190592964305,0.722212452872499));
#1925=CARTESIAN_POINT('Ctrl Pts',(8.68475131645801,-8.3178296135,0.713969362276321));
#1926=CARTESIAN_POINT('Ctrl Pts',(8.67715095777766,-8.33346952979,0.705419596608915));
#1927=CARTESIAN_POINT('Ctrl Pts',(8.65960230599419,-8.369580910376,0.685678836095115));
#1928=CARTESIAN_POINT('Ctrl Pts',(8.6406280720683,-8.40414678301033,0.664322596083647));
#1929=CARTESIAN_POINT('Ctrl Pts',(8.62047015231508,-8.43708506947885,0.64161728201937));
#1930=CARTESIAN_POINT('Ctrl Pts',(8.5991688683767,-8.47189162695597,0.617624114682943));
#1931=CARTESIAN_POINT('Ctrl Pts',(8.57654556304349,-8.5048809490885,0.592124521148307));
#1932=CARTESIAN_POINT('Ctrl Pts',(8.55283182017636,-8.53597430966676,0.565426693591168));
#1933=CARTESIAN_POINT('Ctrl Pts',(8.55039684385438,-8.53916704044752,0.562685305261448));
#1934=CARTESIAN_POINT('Ctrl Pts',(8.54795032785277,-8.54233979421661,0.559931277928598));
#1935=CARTESIAN_POINT('Ctrl Pts',(8.5454924944446,-8.5454924944447,0.557164941651109));
#1936=CARTESIAN_POINT('',(6.56228471888569,-6.56228471888574,9.01846664689635));
#1937=CARTESIAN_POINT('Ctrl Pts',(8.77107650852782,-8.06517985896861,0.810870393711236));
#1938=CARTESIAN_POINT('Ctrl Pts',(8.64153600395075,-7.95511880222549,1.82842628036722));
#1939=CARTESIAN_POINT('Ctrl Pts',(8.50962876926867,-7.89035364575373,2.86402371047798));
#1940=CARTESIAN_POINT('Ctrl Pts',(8.32197568697033,-7.78995242259725,3.91490535562975));
#1941=CARTESIAN_POINT('Ctrl Pts',(8.21961113736453,-7.73518366600447,4.48816013502062));
#1942=CARTESIAN_POINT('Ctrl Pts',(8.10065834896744,-7.6698107189827,5.0659630237269));
#1943=CARTESIAN_POINT('Ctrl Pts',(7.95121506158942,-7.5772309618557,5.64717234637323));
#1944=CARTESIAN_POINT('Ctrl Pts',(7.65232848683339,-7.39207144760171,6.80959099166588));
#1945=CARTESIAN_POINT('Ctrl Pts',(7.23147991615373,-7.0980846929268,7.9856353727186));
#1946=CARTESIAN_POINT('Ctrl Pts',(6.57584250857099,-6.57314049193627,8.99764700174175));
#1947=CARTESIAN_POINT('Ctrl Pts',(6.57133002784539,-6.56952751842135,9.00461225863105));
#1948=CARTESIAN_POINT('Ctrl Pts',(6.56681415028733,-6.56591297750191,9.01153808148915));
#1949=CARTESIAN_POINT('Ctrl Pts',(6.56228471888564,-6.56228471888572,9.0184666468964));
#1950=CARTESIAN_POINT('Ctrl Pts',(6.56228471888564,-6.56228471888572,9.0184666468964));
#1951=CARTESIAN_POINT('Ctrl Pts',(6.56591297750254,-6.56681415028675,9.01153808148911));
#1952=CARTESIAN_POINT('Ctrl Pts',(6.56952751842164,-6.57133002784505,9.00461225863108));
#1953=CARTESIAN_POINT('Ctrl Pts',(7.09808469291091,-7.23147991617064,7.98563537271756));
#1954=CARTESIAN_POINT('Ctrl Pts',(7.53906482493371,-7.86275277217676,6.22156880113899));
#1955=CARTESIAN_POINT('Ctrl Pts',(7.85502432425875,-8.43767351811285,3.42894096740608));
#1956=CARTESIAN_POINT('Ctrl Pts',(7.9551188022224,-8.64153600395209,1.82842628036712));
#1957=CARTESIAN_POINT('Ctrl Pts',(8.06517985896839,-8.77107650852803,0.810870393711274));
#1958=CARTESIAN_POINT('Ctrl Pts',(8.5455186689824,-8.05,-7.6081658850421E-16));
#1959=CARTESIAN_POINT('Ctrl Pts',(2.8485061927303,-8.05,-7.6081658850421E-16));
#1960=CARTESIAN_POINT('Ctrl Pts',(-2.84850628352181,-8.05,-7.6081658850421E-16));
#1961=CARTESIAN_POINT('Ctrl Pts',(-8.54551875977392,-8.05,-7.6081658850421E-16));
#1962=CARTESIAN_POINT('Ctrl Pts',(8.5455186689824,-8.32970106393892,0.314501704276387));
#1963=CARTESIAN_POINT('Ctrl Pts',(2.8485061927303,-8.32970106393892,0.314501704276387));
#1964=CARTESIAN_POINT('Ctrl Pts',(-2.84850628352182,-8.32970106393892,0.314501704276387));
#1965=CARTESIAN_POINT('Ctrl Pts',(-8.54551875977392,-8.32970106393892,0.314501704276387));
#1966=CARTESIAN_POINT('Ctrl Pts',(8.5455186689824,-8.60940212787784,0.629003408552774));
#1967=CARTESIAN_POINT('Ctrl Pts',(2.84850619273029,-8.60940212787784,0.629003408552774));
#1968=CARTESIAN_POINT('Ctrl Pts',(-2.84850628352181,-8.60940212787784,0.629003408552774));
#1969=CARTESIAN_POINT('Ctrl Pts',(-8.54551875977392,-8.60940212787784,0.629003408552774));
#1970=CARTESIAN_POINT('Ctrl Pts',(8.5455186689824,-8.88910319181676,0.943505112829162));
#1971=CARTESIAN_POINT('Ctrl Pts',(2.84850619273029,-8.88910319181676,0.943505112829162));
#1972=CARTESIAN_POINT('Ctrl Pts',(-2.84850628352181,-8.88910319181676,0.943505112829162));
#1973=CARTESIAN_POINT('Ctrl Pts',(-8.54551875977392,-8.88910319181676,0.943505112829162));
#1974=CARTESIAN_POINT('',(8.05,-8.05,0.));
#1975=CARTESIAN_POINT('Ctrl Pts',(8.05,-8.05,-2.09500220022898E-16));
#1976=CARTESIAN_POINT('Ctrl Pts',(4.14913513277764,-8.05,-2.09500220022898E-16));
#1977=CARTESIAN_POINT('Ctrl Pts',(0.248270265555287,-8.05,-2.09500220022898E-16));
#1978=CARTESIAN_POINT('Ctrl Pts',(-5.11839640111138,-8.05,-2.09500220022898E-16));
#1979=CARTESIAN_POINT('Ctrl Pts',(-6.58419820055569,-8.05,-2.09500220022898E-16));
#1980=CARTESIAN_POINT('Ctrl Pts',(-8.05,-8.05,-2.09500220022898E-16));
#1981=CARTESIAN_POINT('Ctrl Pts',(8.5455186689824,-8.5455186689825,0.557171516264937));
#1982=CARTESIAN_POINT('Ctrl Pts',(8.39653708947574,-8.39653708947581,0.38965352401706));
#1983=CARTESIAN_POINT('Ctrl Pts',(8.24755550996908,-8.24755550996912,0.222135531769182));
#1984=CARTESIAN_POINT('Ctrl Pts',(8.08238262030828,-8.08238262030828,0.0364116930142032));
#1985=CARTESIAN_POINT('Ctrl Pts',(8.06619131015414,-8.06619131015414,0.0182058465071024));
#1986=CARTESIAN_POINT('Ctrl Pts',(8.05,-8.05,1.02999206386123E-15));
#1987=CARTESIAN_POINT('',(7.0064471208048,-8.88910319181676,0.943505112829162));
#1988=CARTESIAN_POINT('Ctrl Pts',(7.00644712080479,-8.88910319181676,0.943505112829161));
#1989=CARTESIAN_POINT('Ctrl Pts',(7.36690293539387,-8.88910319181676,0.943505112829161));
#1990=CARTESIAN_POINT('Ctrl Pts',(7.72343940919476,-8.84701461106338,0.896179835652508));
#1991=CARTESIAN_POINT('Ctrl Pts',(8.06505476039428,-8.77095089727123,0.810652210965152));
#1992=CARTESIAN_POINT('Ctrl Pts',(7.0064471208048,-8.88910319181676,0.943505112829162));
#1993=CARTESIAN_POINT('Ctrl Pts',(2.33548237360158,-8.88910319181676,0.943505112829162));
#1994=CARTESIAN_POINT('Ctrl Pts',(-2.33548237360163,-8.88910319181676,0.943505112829162));
#1995=CARTESIAN_POINT('Ctrl Pts',(-7.00644712080485,-8.88910319181676,0.943505112829162));
#1996=CARTESIAN_POINT('Ctrl Pts',(6.46880854595608,-4.73611970274345,10.3327489846613));
#1997=CARTESIAN_POINT('Ctrl Pts',(6.45140161004004,-5.16290227211763,10.0946759598631));
#1998=CARTESIAN_POINT('Ctrl Pts',(6.42947171523784,-5.56572973051871,9.85141033090048));
#1999=CARTESIAN_POINT('Ctrl Pts',(6.41000125775185,-5.96644430633497,9.59295091806143));
#2000=CARTESIAN_POINT('Ctrl Pts',(6.42240732847813,-6.00901236849408,9.55470139131716));
#2001=CARTESIAN_POINT('Ctrl Pts',(6.44160636275446,-6.08849214777932,9.48472418980176));
#2002=CARTESIAN_POINT('Ctrl Pts',(6.48122908405834,-6.23936796568069,9.34483807102758));
#2003=CARTESIAN_POINT('Ctrl Pts',(6.54971405991374,-6.51063402303128,9.07959904895457));
#2004=CARTESIAN_POINT('Ctrl Pts',(6.67250708828148,-7.01719449811928,8.52625952486916));
#2005=CARTESIAN_POINT('Ctrl Pts',(6.8344568842467,-7.8515572264271,7.42038319435541));
#2006=CARTESIAN_POINT('Ctrl Pts',(6.93636842905733,-8.84562011760257,5.65701777142363));
#2007=CARTESIAN_POINT('Ctrl Pts',(6.9862312763964,-9.7178932440124,3.47822627870004));
#2008=CARTESIAN_POINT('Ctrl Pts',(7.10009095406012,-10.1314836422009,1.84540834959637));
#2009=CARTESIAN_POINT('Ctrl Pts',(7.1935616903,-10.2740108252071,1.00709772879438));
#2010=CARTESIAN_POINT('Ctrl Pts',(7.29911455976656,-4.29362976553596,9.92420429499707));
#2011=CARTESIAN_POINT('Ctrl Pts',(7.34375400055477,-4.70726791052469,9.68258324181951));
#2012=CARTESIAN_POINT('Ctrl Pts',(7.3799365686988,-5.10414446377849,9.43536675887785));
#2013=CARTESIAN_POINT('Ctrl Pts',(7.41343666043423,-5.50158443144956,9.17588945294971));
#2014=CARTESIAN_POINT('Ctrl Pts',(7.42328933706013,-5.53938132114154,9.13970674849886));
#2015=CARTESIAN_POINT('Ctrl Pts',(7.44000123692213,-5.61115559666379,9.07314229982263));
#2016=CARTESIAN_POINT('Ctrl Pts',(7.47324009420075,-5.74642188180216,8.94068452296194));
#2017=CARTESIAN_POINT('Ctrl Pts',(7.53218465315109,-5.99044294309317,8.68989015689981));
#2018=CARTESIAN_POINT('Ctrl Pts',(7.64110913264316,-6.44771576982246,8.16827074970435));
#2019=CARTESIAN_POINT('Ctrl Pts',(7.80479068695368,-7.2158012403038,7.12107493369233));
#2020=CARTESIAN_POINT('Ctrl Pts',(7.94725100548961,-8.16426148923894,5.42439925115257));
#2021=CARTESIAN_POINT('Ctrl Pts',(8.03544239454926,-9.01282701945244,3.33044857449362));
#2022=CARTESIAN_POINT('Ctrl Pts',(8.14800245690711,-9.41166080200312,1.78817308627665));
#2023=CARTESIAN_POINT('Ctrl Pts',(8.23302691327821,-9.5476928866359,1.00111112779786));
#2024=CARTESIAN_POINT('Ctrl Pts',(7.88915141026953,-3.68118834756826,9.22603532846687));
#2025=CARTESIAN_POINT('Ctrl Pts',(7.97414028546827,-4.05150707137972,8.94699552839539));
#2026=CARTESIAN_POINT('Ctrl Pts',(8.04964983358358,-4.41138499558235,8.66193337931645));
#2027=CARTESIAN_POINT('Ctrl Pts',(8.11870678256233,-4.77335302789512,8.36975131217375));
#2028=CARTESIAN_POINT('Ctrl Pts',(8.12532973892311,-4.8043124019209,8.3390399108466));
#2029=CARTESIAN_POINT('Ctrl Pts',(8.13796194778737,-4.86413770458008,8.28044050013451));
#2030=CARTESIAN_POINT('Ctrl Pts',(8.16200804906056,-4.97597664985689,8.16569515560653));
#2031=CARTESIAN_POINT('Ctrl Pts',(8.2060345047487,-5.17826736277044,7.94714950622225));
#2032=CARTESIAN_POINT('Ctrl Pts',(8.2903657416139,-5.55815468254676,7.49081087337308));
#2033=CARTESIAN_POINT('Ctrl Pts',(8.4343568936274,-6.20740729629645,6.55147786737252));
#2034=CARTESIAN_POINT('Ctrl Pts',(8.59118642881747,-7.03926166297998,4.97113394313044));
#2035=CARTESIAN_POINT('Ctrl Pts',(8.70717124246029,-7.81095985512938,3.00502954403936));
#2036=CARTESIAN_POINT('Ctrl Pts',(8.81965906841734,-8.18422783091498,1.58404192070211));
#2037=CARTESIAN_POINT('Ctrl Pts',(8.89667843318498,-8.31350350830858,0.866853942059058));
#2038=CARTESIAN_POINT('Ctrl Pts',(8.07855236211937,-3.06525154510993,8.42799816180833));
#2039=CARTESIAN_POINT('Ctrl Pts',(8.15462416091572,-3.39108495401606,8.10747114132015));
#2040=CARTESIAN_POINT('Ctrl Pts',(8.22064919230028,-3.71287074958823,7.78307140592957));
#2041=CARTESIAN_POINT('Ctrl Pts',(8.27772959393017,-4.0377441781643,7.45815448566736));
#2042=CARTESIAN_POINT('Ctrl Pts',(8.28197377371781,-4.06181645674056,7.43394438456451));
#2043=CARTESIAN_POINT('Ctrl Pts',(8.29045940985999,-4.10956791493256,7.38495563583614));
#2044=CARTESIAN_POINT('Ctrl Pts',(8.30634361087261,-4.19776603876681,7.29128690342775));
#2045=CARTESIAN_POINT('Ctrl Pts',(8.33581570267287,-4.35791949345421,7.1109090280997));
#2046=CARTESIAN_POINT('Ctrl Pts',(8.3932027781724,-4.65962683852621,6.73086208380168));
#2047=CARTESIAN_POINT('Ctrl Pts',(8.49680757803471,-5.18829291649476,5.91694913457564));
#2048=CARTESIAN_POINT('Ctrl Pts',(8.62189422779897,-5.90057289024284,4.47190009848566));
#2049=CARTESIAN_POINT('Ctrl Pts',(8.73279997953297,-6.59293506747686,2.63245161127887));
#2050=CARTESIAN_POINT('Ctrl Pts',(8.84627362361168,-6.94036631545434,1.31476558413871));
#2051=CARTESIAN_POINT('Ctrl Pts',(8.92020425950376,-7.06298236349514,0.657796679727736));
#2052=CARTESIAN_POINT('',(8.88910319181657,-7.00644712080506,0.943505112829137));
#2053=CARTESIAN_POINT('Ctrl Pts',(8.88910319181657,-7.00644712080507,0.943505112829138));
#2054=CARTESIAN_POINT('Ctrl Pts',(8.88910319181657,-7.26504694684382,0.943505112829138));
#2055=CARTESIAN_POINT('Ctrl Pts',(8.86741499217996,-7.52219535839097,0.919118449252163));
#2056=CARTESIAN_POINT('Ctrl Pts',(8.82687618369088,-7.77356236449745,0.87353576830127));
#2057=CARTESIAN_POINT('Ctrl Pts',(8.81101436136501,-7.87191599002446,0.85570040477364));
#2058=CARTESIAN_POINT('Ctrl Pts',(8.79230601397548,-7.9691469414277,0.834664349152879));
#2059=CARTESIAN_POINT('Ctrl Pts',(8.77095089727107,-8.06505476039446,0.810652210965136));
#2060=CARTESIAN_POINT('',(8.07855236211936,-3.06525154510993,8.42799816180835));
#2061=CARTESIAN_POINT('Ctrl Pts',(8.88912286009429,-7.00649225346485,0.943516597587015));
#2062=CARTESIAN_POINT('Ctrl Pts',(8.82999165474173,-6.8891258937237,1.50600719831492));
#2063=CARTESIAN_POINT('Ctrl Pts',(8.72677414173221,-6.55531698082071,2.73239429282121));
#2064=CARTESIAN_POINT('Ctrl Pts',(8.62189422779897,-5.90057289024284,4.47190009848566));
#2065=CARTESIAN_POINT('Ctrl Pts',(8.49680757803471,-5.18829291649476,5.91694913457564));
#2066=CARTESIAN_POINT('Ctrl Pts',(8.3932027781724,-4.65962683852621,6.73086208380168));
#2067=CARTESIAN_POINT('Ctrl Pts',(8.33581570267287,-4.35791949345421,7.1109090280997));
#2068=CARTESIAN_POINT('Ctrl Pts',(8.30634361087261,-4.19776603876681,7.29128690342775));
#2069=CARTESIAN_POINT('Ctrl Pts',(8.29045940985999,-4.10956791493256,7.38495563583614));
#2070=CARTESIAN_POINT('Ctrl Pts',(8.28197377371781,-4.06181645674056,7.43394438456451));
#2071=CARTESIAN_POINT('Ctrl Pts',(8.27772959393017,-4.0377441781643,7.45815448566736));
#2072=CARTESIAN_POINT('Ctrl Pts',(8.22064919230028,-3.71287074958823,7.78307140592957));
#2073=CARTESIAN_POINT('Ctrl Pts',(8.15462416091572,-3.39108495401606,8.10747114132015));
#2074=CARTESIAN_POINT('Ctrl Pts',(8.07855236211937,-3.06525154510993,8.42799816180833));
#2075=CARTESIAN_POINT('',(7.46300671676199,-5.2876414047993,8.92825890216883));
#2076=CARTESIAN_POINT('Ctrl Pts',(7.46337790787686,-5.2904674472921,8.92611329937031));
#2077=CARTESIAN_POINT('Ctrl Pts',(7.83760660278547,-4.59059744010627,8.79090324815997));
#2078=CARTESIAN_POINT('Ctrl Pts',(8.03473533732591,-3.81699646892835,8.61262032962777));
#2079=CARTESIAN_POINT('Ctrl Pts',(8.07855236211937,-3.06525154510993,8.42799816180833));
#2080=CARTESIAN_POINT('',(6.54730536009194,-6.50145004582564,9.08217834280871));
#2081=CARTESIAN_POINT('Ctrl Pts',(6.54604386994931,-6.50019739069282,9.08426737587259));
#2082=CARTESIAN_POINT('Ctrl Pts',(6.92547295161535,-6.14850578270796,9.05915456837151));
#2083=CARTESIAN_POINT('Ctrl Pts',(7.23352343934183,-5.71668595798741,9.01097147548363));
#2084=CARTESIAN_POINT('Ctrl Pts',(7.46232118024258,-5.28896652503534,8.92852586558085));
#2085=CARTESIAN_POINT('Ctrl Pts',(7.46267338247647,-5.28830775201626,8.92839885739415));
#2086=CARTESIAN_POINT('Ctrl Pts',(7.4630254279048,-5.28764891368501,8.92827181108794));
#2087=CARTESIAN_POINT('Ctrl Pts',(6.54689427379814,-6.50161417732074,9.08228590332366));
#2088=CARTESIAN_POINT('Ctrl Pts',(6.55193727106822,-6.52202646656749,9.06111161701994));
#2089=CARTESIAN_POINT('Ctrl Pts',(6.55692614729719,-6.54230605525888,9.03986880312693));
#2090=CARTESIAN_POINT('Ctrl Pts',(6.56185763279281,-6.56244870924439,9.01856866256189));
#2091=CARTESIAN_POINT('Ctrl Pts',(6.56228471888567,6.56228471888574,9.01846664689632));
#2092=CARTESIAN_POINT('Ctrl Pts',(6.56681400565351,6.56591286164869,9.01153830272839));
#2093=CARTESIAN_POINT('Ctrl Pts',(6.57132555350755,6.56952240706495,9.00463085714717));
#2094=CARTESIAN_POINT('Ctrl Pts',(7.23235265844038,7.09910275971982,7.98184944887097));
#2095=CARTESIAN_POINT('Ctrl Pts',(7.86354640219228,7.53994820479193,6.21964245282279));
#2096=CARTESIAN_POINT('Ctrl Pts',(8.45710468143657,7.86555130942401,3.33169396756109));
#2097=CARTESIAN_POINT('Ctrl Pts',(8.66508092321437,7.96661068080868,1.64007873024184));
#2098=CARTESIAN_POINT('Ctrl Pts',(8.80642163798351,8.09641201485306,0.533534626592692));
#2099=CARTESIAN_POINT('Ctrl Pts',(6.56228471888567,6.56228471888574,9.01846664689632));
#2100=CARTESIAN_POINT('Ctrl Pts',(6.56649017901113,6.56618692249121,9.01156205413193));
#2101=CARTESIAN_POINT('Ctrl Pts',(6.57074812651958,6.5701493751435,9.00460792577012));
#2102=CARTESIAN_POINT('Ctrl Pts',(7.18740278391961,7.14292327913969,7.98277270650706));
#2103=CARTESIAN_POINT('Ctrl Pts',(7.77345558714071,7.66484195249241,6.23283274613962));
#2104=CARTESIAN_POINT('Ctrl Pts',(8.34901306605091,8.1311183071131,3.35397658864365));
#2105=CARTESIAN_POINT('Ctrl Pts',(8.57175672776466,8.29696194526494,1.66758620340659));
#2106=CARTESIAN_POINT('Ctrl Pts',(8.7145528674668,8.4334071303101,0.564320481686267));
#2107=CARTESIAN_POINT('Ctrl Pts',(6.56228471888567,6.56228471888574,9.01846664689632));
#2108=CARTESIAN_POINT('Ctrl Pts',(6.56618692248689,6.56649017901531,9.01156205413205));
#2109=CARTESIAN_POINT('Ctrl Pts',(6.57014937514086,6.57074812652232,9.00460792577004));
#2110=CARTESIAN_POINT('Ctrl Pts',(7.14292327920523,7.18740278384856,7.9827727065117));
#2111=CARTESIAN_POINT('Ctrl Pts',(7.66484195248197,7.77345558715198,6.23283274613896));
#2112=CARTESIAN_POINT('Ctrl Pts',(8.13111830712899,8.34901306603364,3.35397658864481));
#2113=CARTESIAN_POINT('Ctrl Pts',(8.29696194526454,8.57175672776499,1.66758620340677));
#2114=CARTESIAN_POINT('Ctrl Pts',(8.43340713030999,8.71455286746692,0.564320481686207));
#2115=CARTESIAN_POINT('Ctrl Pts',(6.56228471888567,6.56228471888574,9.01846664689632));
#2116=CARTESIAN_POINT('Ctrl Pts',(6.56591286164427,6.56681400565759,9.01153830272868));
#2117=CARTESIAN_POINT('Ctrl Pts',(6.56952240706237,6.57132555351034,9.00463085714698));
#2118=CARTESIAN_POINT('Ctrl Pts',(7.09910275978533,7.23235265836929,7.98184944887566));
#2119=CARTESIAN_POINT('Ctrl Pts',(7.5399482047815,7.86354640220356,6.21964245282211));
#2120=CARTESIAN_POINT('Ctrl Pts',(7.86555130943988,8.45710468141928,3.33169396756228));
#2121=CARTESIAN_POINT('Ctrl Pts',(7.96661068080829,8.66508092321469,1.64007873024199));
#2122=CARTESIAN_POINT('Ctrl Pts',(8.09641201485296,8.80642163798364,0.533534626592539));
#2123=CARTESIAN_POINT('',(8.77095089727105,8.06505476039446,0.810652210965151));
#2124=CARTESIAN_POINT('',(8.54551866898239,8.5455186689825,0.557171516264928));
#2125=CARTESIAN_POINT('Ctrl Pts',(8.77107122805677,8.06517503527279,0.81085881034143));
#2126=CARTESIAN_POINT('Ctrl Pts',(8.76285401514651,8.10201205383909,0.80160066166531));
#2127=CARTESIAN_POINT('Ctrl Pts',(8.75289902093801,8.13783736662939,0.790525404527464));
#2128=CARTESIAN_POINT('Ctrl Pts',(8.7414952023612,8.17259521648631,0.777859591480218));
#2129=CARTESIAN_POINT('Ctrl Pts',(8.72929203549161,8.20978941060427,0.764305970900106));
#2130=CARTESIAN_POINT('Ctrl Pts',(8.71542962076669,8.24576143501837,0.74893102132885));
#2131=CARTESIAN_POINT('Ctrl Pts',(8.70020105782116,8.28045566241015,0.732005411264852));
#2132=CARTESIAN_POINT('Ctrl Pts',(8.68565207908717,8.3136016380561,0.71583511720876));
#2133=CARTESIAN_POINT('Ctrl Pts',(8.66985518816853,8.34558157295993,0.698249387207327));
#2134=CARTESIAN_POINT('Ctrl Pts',(8.6530226998718,8.37635454876731,0.679478815226564));
#2135=CARTESIAN_POINT('Ctrl Pts',(8.63384409318491,8.41141667322513,0.658091994041195));
#2136=CARTESIAN_POINT('Ctrl Pts',(8.61332705059637,8.4449032847404,0.63517016458737));
#2137=CARTESIAN_POINT('Ctrl Pts',(8.59173759030683,8.47677875068451,0.610973964141395));
#2138=CARTESIAN_POINT('Ctrl Pts',(8.57613801617568,8.49981053041831,0.593490876677086));
#2139=CARTESIAN_POINT('Ctrl Pts',(8.5599772565294,8.52200132565566,0.575342285041868));
#2140=CARTESIAN_POINT('Ctrl Pts',(8.54333919932386,8.54333919932395,0.55662406926653));
#2141=CARTESIAN_POINT('',(8.06505476039428,8.77095089727122,0.810652210965141));
#2142=CARTESIAN_POINT('Ctrl Pts',(8.06517503527283,8.7710712280567,0.810858810341477));
#2143=CARTESIAN_POINT('Ctrl Pts',(8.10195215247107,8.76286737731076,0.801615716514878));
#2144=CARTESIAN_POINT('Ctrl Pts',(8.13772630278547,8.7529306596024,0.790556272261159));
#2145=CARTESIAN_POINT('Ctrl Pts',(8.17243934420353,8.74154751419125,0.777909493343811));
#2146=CARTESIAN_POINT('Ctrl Pts',(8.20936788623622,8.72943785895484,0.764455555349647));
#2147=CARTESIAN_POINT('Ctrl Pts',(8.24509572703143,8.71569101402737,0.749205212447263));
#2148=CARTESIAN_POINT('Ctrl Pts',(8.27956537195555,8.70059363168966,0.73242757597533));
#2149=CARTESIAN_POINT('Ctrl Pts',(8.29748731059746,8.69274399005553,0.723704313172122));
#2150=CARTESIAN_POINT('Ctrl Pts',(8.31506930055134,8.68452835184427,0.714568068257903));
#2151=CARTESIAN_POINT('Ctrl Pts',(8.33230426401511,8.67598169710392,0.705056010417452));
#2152=CARTESIAN_POINT('Ctrl Pts',(8.36720896457579,8.6586727875066,0.685791941112361));
#2153=CARTESIAN_POINT('Ctrl Pts',(8.40066015959104,8.64002381571952,0.665005006993077));
#2154=CARTESIAN_POINT('Ctrl Pts',(8.432621983869,8.6202978641749,0.64294925064665));
#2155=CARTESIAN_POINT('Ctrl Pts',(8.46633425749966,8.59949158383512,0.619685569368143));
#2156=CARTESIAN_POINT('Ctrl Pts',(8.49838971027278,8.57748686034211,0.595010292587544));
#2157=CARTESIAN_POINT('Ctrl Pts',(8.52875448187418,8.5545363110048,0.569213766020118));
#2158=CARTESIAN_POINT('Ctrl Pts',(8.53366021275084,8.55082842148077,0.565046080566931));
#2159=CARTESIAN_POINT('Ctrl Pts',(8.53852182789742,8.5470957362329,0.560849112852331));
#2160=CARTESIAN_POINT('Ctrl Pts',(8.54333919932386,8.54333919932395,0.556624069266529));
#2161=CARTESIAN_POINT('',(6.56228471888567,6.56228471888574,9.01846664689631));
#2162=CARTESIAN_POINT('Ctrl Pts',(8.06517503527283,8.7710712280567,0.810858810341476));
#2163=CARTESIAN_POINT('Ctrl Pts',(7.95508024169756,8.64149368721443,1.82833131833822));
#2164=CARTESIAN_POINT('Ctrl Pts',(7.89012252751251,8.50937325882173,2.86341047310591));
#2165=CARTESIAN_POINT('Ctrl Pts',(7.78995263391127,8.32193094493642,3.91385631504094));
#2166=CARTESIAN_POINT('Ctrl Pts',(7.73531006758298,8.21968136972993,4.48687336166678));
#2167=CARTESIAN_POINT('Ctrl Pts',(7.6701894466513,8.10096971388642,5.06446305871877));
#2168=CARTESIAN_POINT('Ctrl Pts',(7.57779287214134,7.95169597178706,5.64532363409266));
#2169=CARTESIAN_POINT('Ctrl Pts',(7.39299972312141,7.65314848758833,6.80704478484045));
#2170=CARTESIAN_POINT('Ctrl Pts',(7.09910275978828,7.23235265836627,7.98184944887572));
#2171=CARTESIAN_POINT('Ctrl Pts',(6.57314225957232,6.57584388696493,8.99763981635635));
#2172=CARTESIAN_POINT('Ctrl Pts',(6.56952240706242,6.57132555351031,9.00463085714697));
#2173=CARTESIAN_POINT('Ctrl Pts',(6.56591286164431,6.56681400565758,9.01153830272866));
#2174=CARTESIAN_POINT('Ctrl Pts',(6.56228471888569,6.56228471888577,9.01846664689628));
#2175=CARTESIAN_POINT('Ctrl Pts',(6.56228471888567,6.56228471888574,9.01846664689632));
#2176=CARTESIAN_POINT('Ctrl Pts',(6.56681400565351,6.56591286164869,9.01153830272839));
#2177=CARTESIAN_POINT('Ctrl Pts',(6.57132555350755,6.56952240706495,9.00463085714717));
#2178=CARTESIAN_POINT('Ctrl Pts',(7.23235265844038,7.09910275971982,7.98184944887097));
#2179=CARTESIAN_POINT('Ctrl Pts',(7.86354640219228,7.53994820479193,6.21964245282279));
#2180=CARTESIAN_POINT('Ctrl Pts',(8.43731407473641,7.85469494837328,3.42798485363031));
#2181=CARTESIAN_POINT('Ctrl Pts',(8.64150869935555,7.95508762246574,1.82821370647094));
#2182=CARTESIAN_POINT('Ctrl Pts',(8.77109331310094,8.06519380015835,0.810685393497059));
#2183=CARTESIAN_POINT('Ctrl Pts',(8.88910319181657,-8.54551875977402,0.943505112829139));
#2184=CARTESIAN_POINT('Ctrl Pts',(8.88910319181657,-2.84850628352185,0.943505112829139));
#2185=CARTESIAN_POINT('Ctrl Pts',(8.88910319181657,2.84850619273033,0.943505112829139));
#2186=CARTESIAN_POINT('Ctrl Pts',(8.88910319181657,8.5455186689825,0.943505112829139));
#2187=CARTESIAN_POINT('Ctrl Pts',(8.60940212787771,-8.54551875977402,0.629003408552759));
#2188=CARTESIAN_POINT('Ctrl Pts',(8.60940212787771,-2.84850628352186,0.629003408552759));
#2189=CARTESIAN_POINT('Ctrl Pts',(8.60940212787771,2.84850619273033,0.629003408552759));
#2190=CARTESIAN_POINT('Ctrl Pts',(8.60940212787771,8.5455186689825,0.629003408552759));
#2191=CARTESIAN_POINT('Ctrl Pts',(8.32970106393886,-8.54551875977402,0.314501704276379));
#2192=CARTESIAN_POINT('Ctrl Pts',(8.32970106393886,-2.84850628352184,0.314501704276379));
#2193=CARTESIAN_POINT('Ctrl Pts',(8.32970106393886,2.84850619273032,0.314501704276379));
#2194=CARTESIAN_POINT('Ctrl Pts',(8.32970106393886,8.5455186689825,0.314501704276379));
#2195=CARTESIAN_POINT('Ctrl Pts',(8.05,-8.54551875977402,-6.28500660068679E-16));
#2196=CARTESIAN_POINT('Ctrl Pts',(8.05,-2.84850628352185,-6.28500660068679E-16));
#2197=CARTESIAN_POINT('Ctrl Pts',(8.05,2.84850619273033,-6.28500660068679E-16));
#2198=CARTESIAN_POINT('Ctrl Pts',(8.05,8.5455186689825,-6.28500660068679E-16));
#2199=CARTESIAN_POINT('',(8.05,8.05,3.09818483799084E-17));
#2200=CARTESIAN_POINT('Ctrl Pts',(8.05,8.05,0.));
#2201=CARTESIAN_POINT('Ctrl Pts',(8.05,4.14913513277758,0.));
#2202=CARTESIAN_POINT('Ctrl Pts',(8.05,0.248270265555151,0.));
#2203=CARTESIAN_POINT('Ctrl Pts',(8.05,-5.11839640111152,0.));
#2204=CARTESIAN_POINT('Ctrl Pts',(8.05,-6.58419820055576,0.));
#2205=CARTESIAN_POINT('Ctrl Pts',(8.05,-8.05,0.));
#2206=CARTESIAN_POINT('Ctrl Pts',(8.54551866898239,8.5455186689825,0.557171516264927));
#2207=CARTESIAN_POINT('Ctrl Pts',(8.39653708947577,8.39653708947584,0.389653524017094));
#2208=CARTESIAN_POINT('Ctrl Pts',(8.24755550996914,8.24755550996919,0.222135531769259));
#2209=CARTESIAN_POINT('Ctrl Pts',(8.08238262030835,8.08238262030836,0.0364116930142838));
#2210=CARTESIAN_POINT('Ctrl Pts',(8.06619131015417,8.06619131015418,0.0182058465071425));
#2211=CARTESIAN_POINT('Ctrl Pts',(8.05,8.05,6.4401609045639E-16));
#2212=CARTESIAN_POINT('',(8.88910319181657,7.00644712080502,0.943505112829131));
#2213=CARTESIAN_POINT('Ctrl Pts',(8.88910319181657,7.006447120805,0.94350511282914));
#2214=CARTESIAN_POINT('Ctrl Pts',(8.88910319181657,7.36690293349935,0.94350511282914));
#2215=CARTESIAN_POINT('Ctrl Pts',(8.84701461133842,7.72343940795883,0.896179835961963));
#2216=CARTESIAN_POINT('Ctrl Pts',(8.77095089727105,8.06505476039446,0.810652210965126));
#2217=CARTESIAN_POINT('Ctrl Pts',(8.88910319181657,7.00644712080502,0.943505112829139));
#2218=CARTESIAN_POINT('Ctrl Pts',(8.88910319181657,2.33548237360166,0.943505112829139));
#2219=CARTESIAN_POINT('Ctrl Pts',(8.88910319181657,-2.3354823736017,0.943505112829139));
#2220=CARTESIAN_POINT('Ctrl Pts',(8.88910319181657,-7.00644712080506,0.943505112829139));
#2221=CARTESIAN_POINT('Ctrl Pts',(4.73611970274343,6.46880854595608,10.3327489846613));
#2222=CARTESIAN_POINT('Ctrl Pts',(5.16294577082619,6.45139983588317,10.0946516948863));
#2223=CARTESIAN_POINT('Ctrl Pts',(5.56588837001437,6.42946478584735,9.85130663923039));
#2224=CARTESIAN_POINT('Ctrl Pts',(5.96644794836731,6.41000132523514,9.59294564665576));
#2225=CARTESIAN_POINT('Ctrl Pts',(6.00902678640542,6.42241019926216,9.55468633704516));
#2226=CARTESIAN_POINT('Ctrl Pts',(6.08844350548286,6.44159300421949,9.48476580503821));
#2227=CARTESIAN_POINT('Ctrl Pts',(6.23924792545907,6.48119717493813,9.3449482426296));
#2228=CARTESIAN_POINT('Ctrl Pts',(6.5104840132739,6.54967711885756,9.0797601855757));
#2229=CARTESIAN_POINT('Ctrl Pts',(7.01744507671279,6.67256471980611,8.52597942792718));
#2230=CARTESIAN_POINT('Ctrl Pts',(7.85175643018914,6.83447903518509,7.42001627353047));
#2231=CARTESIAN_POINT('Ctrl Pts',(8.84514997836765,6.93631440891234,5.65791720737634));
#2232=CARTESIAN_POINT('Ctrl Pts',(9.71823520983957,6.98627387517745,3.4774959595875));
#2233=CARTESIAN_POINT('Ctrl Pts',(10.1314634016098,7.10007757840143,1.84552792997223));
#2234=CARTESIAN_POINT('Ctrl Pts',(10.2740111024549,7.19356187212226,1.00709609808823));
#2235=CARTESIAN_POINT('Ctrl Pts',(4.29362976553593,7.29911455976655,9.92420429499706));
#2236=CARTESIAN_POINT('Ctrl Pts',(4.70731006952182,7.3437585503142,9.68255861521912));
#2237=CARTESIAN_POINT('Ctrl Pts',(5.10430166762895,7.37995133369764,9.43526313031118));
#2238=CARTESIAN_POINT('Ctrl Pts',(5.50158837422665,7.41343775044923,9.17588476449103));
#2239=CARTESIAN_POINT('Ctrl Pts',(5.53939493111661,7.42329278997955,9.13969278185321));
#2240=CARTESIAN_POINT('Ctrl Pts',(5.61111255537311,7.43999096643379,9.07318210549222));
#2241=CARTESIAN_POINT('Ctrl Pts',(5.74631477231924,7.47321408206559,8.94078910995796));
#2242=CARTESIAN_POINT('Ctrl Pts',(5.99030801498567,7.53215265911639,8.69004237700562));
#2243=CARTESIAN_POINT('Ctrl Pts',(6.44794341365468,7.64116267591325,8.16800687175449));
#2244=CARTESIAN_POINT('Ctrl Pts',(7.21599152074936,7.80482157323349,7.12072355941202));
#2245=CARTESIAN_POINT('Ctrl Pts',(8.1638133339762,7.94718018893289,5.42526149056699));
#2246=CARTESIAN_POINT('Ctrl Pts',(9.0131542654511,8.03549682460867,3.3297497023925));
#2247=CARTESIAN_POINT('Ctrl Pts',(9.41164148643603,8.14799029558261,1.78828535046737));
#2248=CARTESIAN_POINT('Ctrl Pts',(9.54769315129847,8.23302707882984,1.00110959701782));
#2249=CARTESIAN_POINT('Ctrl Pts',(3.68118834756824,7.8891514102695,9.22603532846689));
#2250=CARTESIAN_POINT('Ctrl Pts',(4.051544815157,7.97414894773935,8.9469670879861));
#2251=CARTESIAN_POINT('Ctrl Pts',(4.41152768749493,8.04967863503634,8.66181712014951));
#2252=CARTESIAN_POINT('Ctrl Pts',(4.7733564979118,8.11870814449902,8.36974674020716));
#2253=CARTESIAN_POINT('Ctrl Pts',(4.80432387197449,8.12533281924012,8.33902728221198));
#2254=CARTESIAN_POINT('Ctrl Pts',(4.8641022247104,8.1379550145264,8.28047465496966));
#2255=CARTESIAN_POINT('Ctrl Pts',(4.97588819035031,8.16198956609587,8.1657855021897));
#2256=CARTESIAN_POINT('Ctrl Pts',(5.17815542666972,8.20601011719243,7.94728230631894));
#2257=CARTESIAN_POINT('Ctrl Pts',(5.55834434313691,8.29040880462836,7.49057878809359));
#2258=CARTESIAN_POINT('Ctrl Pts',(6.20757412256236,8.43439072073922,6.55115190975293));
#2259=CARTESIAN_POINT('Ctrl Pts',(7.03886738470448,8.59110995952686,4.97193437743992));
#2260=CARTESIAN_POINT('Ctrl Pts',(7.81125006222446,8.70723004276118,3.00438068679963));
#2261=CARTESIAN_POINT('Ctrl Pts',(8.18420947082354,8.81964805858753,1.5841442084925));
#2262=CARTESIAN_POINT('Ctrl Pts',(8.3135037598164,8.8966785831957,0.866852547050466));
#2263=CARTESIAN_POINT('Ctrl Pts',(3.06525154510991,8.07855236211936,8.42799816180838));
#2264=CARTESIAN_POINT('Ctrl Pts',(3.39111816374278,8.15463191433688,8.10743847243335));
#2265=CARTESIAN_POINT('Ctrl Pts',(3.71299815223593,8.22067252372117,7.78294220270193));
#2266=CARTESIAN_POINT('Ctrl Pts',(4.03774698642775,8.27773004414945,7.45814987918463));
#2267=CARTESIAN_POINT('Ctrl Pts',(4.06182558275594,8.28197536465778,7.4339331799586));
#2268=CARTESIAN_POINT('Ctrl Pts',(4.10953988766745,8.29045437337477,7.3849828487105));
#2269=CARTESIAN_POINT('Ctrl Pts',(4.19769623028494,8.30633092353832,7.29136015141149));
#2270=CARTESIAN_POINT('Ctrl Pts',(4.35783064442909,8.33579871745308,7.11101890373546));
#2271=CARTESIAN_POINT('Ctrl Pts',(4.65977788651862,8.39323179710594,6.73066720430667));
#2272=CARTESIAN_POINT('Ctrl Pts',(5.18843551708411,8.49683432417136,5.91665184120514));
#2273=CARTESIAN_POINT('Ctrl Pts',(5.90023387004815,8.62183171092424,4.47263210312372));
#2274=CARTESIAN_POINT('Ctrl Pts',(6.5931871398649,8.73284967188889,2.6318556993518));
#2275=CARTESIAN_POINT('Ctrl Pts',(6.94034889662646,8.84626305858357,1.314859273244));
#2276=CARTESIAN_POINT('Ctrl Pts',(7.06298260201121,8.92020440331602,0.657795401772114));
#2277=CARTESIAN_POINT('',(7.00644712080476,8.88910319181676,0.94350511282916));
#2278=CARTESIAN_POINT('Ctrl Pts',(7.00644712080476,8.88910319181675,0.943505112829157));
#2279=CARTESIAN_POINT('Ctrl Pts',(7.26504673154348,8.88910319181675,0.943505112829157));
#2280=CARTESIAN_POINT('Ctrl Pts',(7.5221949311227,8.86741502826626,0.91911848982816));
#2281=CARTESIAN_POINT('Ctrl Pts',(7.77356173902442,8.82687628455954,0.873535881719915));
#2282=CARTESIAN_POINT('Ctrl Pts',(7.87191557778214,8.81101444068582,0.85570049396344));
#2283=CARTESIAN_POINT('Ctrl Pts',(7.9691467380776,8.79230605925609,0.834664400067173));
#2284=CARTESIAN_POINT('Ctrl Pts',(8.06505476039428,8.77095089727122,0.810652210965143));
#2285=CARTESIAN_POINT('',(3.0652515451099,8.07855236211937,8.42799816180837));
#2286=CARTESIAN_POINT('Ctrl Pts',(7.0064886340342,8.88911828074411,0.943554411138011));
#2287=CARTESIAN_POINT('Ctrl Pts',(6.88913960824255,8.82998777222173,1.50602514784574));
#2288=CARTESIAN_POINT('Ctrl Pts',(6.55553392329712,8.72681725453957,2.73187853725889));
#2289=CARTESIAN_POINT('Ctrl Pts',(5.90023387004815,8.62183171092424,4.47263210312372));
#2290=CARTESIAN_POINT('Ctrl Pts',(5.18843551708411,8.49683432417136,5.91665184120514));
#2291=CARTESIAN_POINT('Ctrl Pts',(4.65977788651862,8.39323179710594,6.73066720430667));
#2292=CARTESIAN_POINT('Ctrl Pts',(4.35783064442909,8.33579871745308,7.11101890373546));
#2293=CARTESIAN_POINT('Ctrl Pts',(4.19769623028494,8.30633092353832,7.29136015141149));
#2294=CARTESIAN_POINT('Ctrl Pts',(4.10953988766745,8.29045437337477,7.3849828487105));
#2295=CARTESIAN_POINT('Ctrl Pts',(4.06182558275594,8.28197536465778,7.4339331799586));
#2296=CARTESIAN_POINT('Ctrl Pts',(4.03774698642775,8.27773004414945,7.45814987918463));
#2297=CARTESIAN_POINT('Ctrl Pts',(3.71299815223593,8.22067252372117,7.78294220270193));
#2298=CARTESIAN_POINT('Ctrl Pts',(3.39111816374278,8.15463191433688,8.10743847243335));
#2299=CARTESIAN_POINT('Ctrl Pts',(3.06525154510991,8.07855236211936,8.42799816180838));
#2300=CARTESIAN_POINT('',(5.28764140480491,7.46300671675499,8.92825890217567));
#2301=CARTESIAN_POINT('Ctrl Pts',(5.29046740342875,7.46337793041403,8.92611329183149));
#2302=CARTESIAN_POINT('Ctrl Pts',(4.59059777605985,7.83760642306456,8.79090331296742));
#2303=CARTESIAN_POINT('Ctrl Pts',(3.81699634684717,8.03473534444165,8.61262029964573));
#2304=CARTESIAN_POINT('Ctrl Pts',(3.0652515451099,8.07855236211937,8.42799816180835));
#2305=CARTESIAN_POINT('',(6.50145004588558,6.54730536008638,9.08217834276355));
#2306=CARTESIAN_POINT('Ctrl Pts',(6.50019739116738,6.54604387042588,9.08426737508443));
#2307=CARTESIAN_POINT('Ctrl Pts',(6.14850571641427,6.92547302411105,9.05915456277551));
#2308=CARTESIAN_POINT('Ctrl Pts',(5.7166858331051,7.2335235054529,9.01097145202123));
#2309=CARTESIAN_POINT('Ctrl Pts',(5.28896649599375,7.46232119556229,8.92852585989387));
#2310=CARTESIAN_POINT('Ctrl Pts',(5.28830773746676,7.46267339005291,8.92839885450062));
#2311=CARTESIAN_POINT('Ctrl Pts',(5.28764891362966,7.46302542774505,8.92827181098937));
#2312=CARTESIAN_POINT('Ctrl Pts',(6.50093386317124,6.54672530278617,9.08298980189218));
#2313=CARTESIAN_POINT('Ctrl Pts',(6.52134436364477,6.55176825754302,9.06182146965954));
#2314=CARTESIAN_POINT('Ctrl Pts',(6.54162361599802,6.556757465178,9.04058305683422));
#2315=CARTESIAN_POINT('Ctrl Pts',(6.56176706641184,6.56168958342341,9.01928610568732));
#2316=CARTESIAN_POINT('Ctrl Pts',(-8.5455186689824,8.05,-8.848083056932E-16));
#2317=CARTESIAN_POINT('Ctrl Pts',(-2.8485061927303,8.05,-8.848083056932E-16));
#2318=CARTESIAN_POINT('Ctrl Pts',(2.8485062835218,8.05,-8.848083056932E-16));
#2319=CARTESIAN_POINT('Ctrl Pts',(8.5455187597739,8.05,-8.848083056932E-16));
#2320=CARTESIAN_POINT('Ctrl Pts',(-8.5455186689824,8.32970106393892,0.314501704276387));
#2321=CARTESIAN_POINT('Ctrl Pts',(-2.84850619273031,8.32970106393892,0.314501704276387));
#2322=CARTESIAN_POINT('Ctrl Pts',(2.84850628352181,8.32970106393892,0.314501704276387));
#2323=CARTESIAN_POINT('Ctrl Pts',(8.5455187597739,8.32970106393892,0.314501704276387));
#2324=CARTESIAN_POINT('Ctrl Pts',(-8.5455186689824,8.60940212787784,0.629003408552775));
#2325=CARTESIAN_POINT('Ctrl Pts',(-2.84850619273029,8.60940212787784,0.629003408552775));
#2326=CARTESIAN_POINT('Ctrl Pts',(2.84850628352179,8.60940212787784,0.629003408552775));
#2327=CARTESIAN_POINT('Ctrl Pts',(8.5455187597739,8.60940212787784,0.629003408552775));
#2328=CARTESIAN_POINT('Ctrl Pts',(-8.5455186689824,8.88910319181676,0.943505112829164));
#2329=CARTESIAN_POINT('Ctrl Pts',(-2.8485061927303,8.88910319181676,0.943505112829164));
#2330=CARTESIAN_POINT('Ctrl Pts',(2.8485062835218,8.88910319181676,0.943505112829164));
#2331=CARTESIAN_POINT('Ctrl Pts',(8.5455187597739,8.88910319181676,0.943505112829164));
#2332=CARTESIAN_POINT('Ctrl Pts',(-8.05,8.05,1.0422614078482E-16));
#2333=CARTESIAN_POINT('Ctrl Pts',(-4.14913513277764,8.05,9.62545476450859E-17));
#2334=CARTESIAN_POINT('Ctrl Pts',(-0.248270265555273,8.05,0.));
#2335=CARTESIAN_POINT('Ctrl Pts',(5.11839640111139,8.05,0.));
#2336=CARTESIAN_POINT('Ctrl Pts',(6.5841982005557,8.05,1.35909541283088E-17));
#2337=CARTESIAN_POINT('Ctrl Pts',(8.05,8.05,3.09818483799084E-17));
#2338=CARTESIAN_POINT('',(-8.06505476039428,8.77095089727123,0.810652210965161));
#2339=CARTESIAN_POINT('Ctrl Pts',(-8.06505476039428,8.77095089727123,0.81065221096516));
#2340=CARTESIAN_POINT('Ctrl Pts',(-8.17900075547788,8.74557980218617,0.782124423007395));
#2341=CARTESIAN_POINT('Ctrl Pts',(-8.28417163567602,8.70499704728673,0.73649232779702));
#2342=CARTESIAN_POINT('Ctrl Pts',(-8.37785462049841,8.65465485792918,0.679886521129762));
#2343=CARTESIAN_POINT('Ctrl Pts',(-8.43865943875736,8.62198032604437,0.643146596656499));
#2344=CARTESIAN_POINT('Ctrl Pts',(-8.49460210143165,8.58522894124528,0.60182257381919));
#2345=CARTESIAN_POINT('Ctrl Pts',(-8.5455186689824,8.5455186689825,0.557171516264938));
#2346=CARTESIAN_POINT('',(-7.00644712080482,8.88910319181676,0.943505112829157));
#2347=CARTESIAN_POINT('Ctrl Pts',(-7.00644712080482,8.88910319181676,0.943505112829164));
#2348=CARTESIAN_POINT('Ctrl Pts',(-7.36690293539388,8.88910319181676,0.943505112829164));
#2349=CARTESIAN_POINT('Ctrl Pts',(-7.72343940919475,8.84701461106338,0.896179835652516));
#2350=CARTESIAN_POINT('Ctrl Pts',(-8.06505476039428,8.77095089727123,0.810652210965161));
#2351=CARTESIAN_POINT('Ctrl Pts',(-7.00644712080482,8.88910319181676,0.943505112829164));
#2352=CARTESIAN_POINT('Ctrl Pts',(-2.33548237360163,8.88910319181676,0.943505112829164));
#2353=CARTESIAN_POINT('Ctrl Pts',(2.33548237360157,8.88910319181676,0.943505112829164));
#2354=CARTESIAN_POINT('Ctrl Pts',(7.00644712080476,8.88910319181676,0.943505112829164));
#2355=CARTESIAN_POINT('Ctrl Pts',(-6.46880854595605,4.7361197027435,10.3327489846613));
#2356=CARTESIAN_POINT('Ctrl Pts',(-6.45140161004001,5.16290227211767,10.0946759598631));
#2357=CARTESIAN_POINT('Ctrl Pts',(-6.42947171523771,5.56572973051865,9.85141033090031));
#2358=CARTESIAN_POINT('Ctrl Pts',(-6.41000125775167,5.96644430633486,9.5929509180612));
#2359=CARTESIAN_POINT('Ctrl Pts',(-6.42240732847796,6.00901236849398,9.55470139131692));
#2360=CARTESIAN_POINT('Ctrl Pts',(-6.44160636275427,6.0884921477792,9.48472418980155));
#2361=CARTESIAN_POINT('Ctrl Pts',(-6.48122908405818,6.2393679656806,9.34483807102734));
#2362=CARTESIAN_POINT('Ctrl Pts',(-6.54971405991357,6.51063402303118,9.07959904895437));
#2363=CARTESIAN_POINT('Ctrl Pts',(-6.67250708828138,7.01719449811926,8.52625952486889));
#2364=CARTESIAN_POINT('Ctrl Pts',(-6.83445688424661,7.85155722642705,7.42038319435538));
#2365=CARTESIAN_POINT('Ctrl Pts',(-6.93636842905728,8.84562011760255,5.65701777142358));
#2366=CARTESIAN_POINT('Ctrl Pts',(-6.98623127639636,9.71789324401242,3.4782262787001));
#2367=CARTESIAN_POINT('Ctrl Pts',(-7.10009095406013,10.1314836422009,1.84540834959617));
#2368=CARTESIAN_POINT('Ctrl Pts',(-7.19356169029998,10.2740108252071,1.00709772879438));
#2369=CARTESIAN_POINT('Ctrl Pts',(-7.29911455976655,4.293629765536,9.92420429499708));
#2370=CARTESIAN_POINT('Ctrl Pts',(-7.34375400055477,4.70726791052473,9.68258324181951));
#2371=CARTESIAN_POINT('Ctrl Pts',(-7.37993656869865,5.10414446377844,9.43536675887769));
#2372=CARTESIAN_POINT('Ctrl Pts',(-7.41343666043405,5.50158443144946,9.17588945294949));
#2373=CARTESIAN_POINT('Ctrl Pts',(-7.42328933705995,5.53938132114145,9.13970674849863));
#2374=CARTESIAN_POINT('Ctrl Pts',(-7.44000123692194,5.61115559666369,9.07314229982243));
#2375=CARTESIAN_POINT('Ctrl Pts',(-7.47324009420058,5.74642188180208,8.94068452296172));
#2376=CARTESIAN_POINT('Ctrl Pts',(-7.53218465315092,5.99044294309309,8.68989015689961));
#2377=CARTESIAN_POINT('Ctrl Pts',(-7.64110913264305,6.44771576982244,8.16827074970411));
#2378=CARTESIAN_POINT('Ctrl Pts',(-7.8047906869536,7.21580124030376,7.1210749336923));
#2379=CARTESIAN_POINT('Ctrl Pts',(-7.94725100548958,8.16426148923892,5.42439925115252));
#2380=CARTESIAN_POINT('Ctrl Pts',(-8.03544239454924,9.01282701945246,3.33044857449367));
#2381=CARTESIAN_POINT('Ctrl Pts',(-8.14800245690712,9.41166080200315,1.78817308627649));
#2382=CARTESIAN_POINT('Ctrl Pts',(-8.2330269132782,9.54769288663591,1.00111112779785));
#2383=CARTESIAN_POINT('Ctrl Pts',(-7.88915141026952,3.6811883475683,9.22603532846688));
#2384=CARTESIAN_POINT('Ctrl Pts',(-7.97414028546829,4.05150707137976,8.94699552839534));
#2385=CARTESIAN_POINT('Ctrl Pts',(-8.04964983358344,4.4113849955823,8.66193337931631));
#2386=CARTESIAN_POINT('Ctrl Pts',(-8.11870678256214,4.77335302789503,8.36975131217354));
#2387=CARTESIAN_POINT('Ctrl Pts',(-8.12532973892293,4.80431240192081,8.33903991084638));
#2388=CARTESIAN_POINT('Ctrl Pts',(-8.13796194778718,4.86413770457999,8.2804405001343));
#2389=CARTESIAN_POINT('Ctrl Pts',(-8.16200804906038,4.97597664985681,8.16569515560632));
#2390=CARTESIAN_POINT('Ctrl Pts',(-8.20603450474853,5.17826736277036,7.94714950622206));
#2391=CARTESIAN_POINT('Ctrl Pts',(-8.29036574161377,5.55815468254672,7.49081087337288));
#2392=CARTESIAN_POINT('Ctrl Pts',(-8.43435689362732,6.20740729629641,6.55147786737249));
#2393=CARTESIAN_POINT('Ctrl Pts',(-8.59118642881745,7.03926166297996,4.9711339431304));
#2394=CARTESIAN_POINT('Ctrl Pts',(-8.70717124246029,7.81095985512938,3.00502954403939));
#2395=CARTESIAN_POINT('Ctrl Pts',(-8.81965906841736,8.18422783091499,1.58404192070201));
#2396=CARTESIAN_POINT('Ctrl Pts',(-8.89667843318498,8.31350350830858,0.866853942059038));
#2397=CARTESIAN_POINT('Ctrl Pts',(-8.07855236211936,3.06525154510995,8.42799816180834));
#2398=CARTESIAN_POINT('Ctrl Pts',(-8.15462416091573,3.39108495401608,8.10747114132008));
#2399=CARTESIAN_POINT('Ctrl Pts',(-8.22064919230013,3.71287074958818,7.78307140592944));
#2400=CARTESIAN_POINT('Ctrl Pts',(-8.27772959392998,4.03774417816422,7.45815448566716));
#2401=CARTESIAN_POINT('Ctrl Pts',(-8.28197377371762,4.06181645674048,7.43394438456432));
#2402=CARTESIAN_POINT('Ctrl Pts',(-8.29045940985979,4.10956791493247,7.38495563583594));
#2403=CARTESIAN_POINT('Ctrl Pts',(-8.30634361087242,4.19776603876673,7.29128690342756));
#2404=CARTESIAN_POINT('Ctrl Pts',(-8.3358157026727,4.35791949345414,7.11090902809952));
#2405=CARTESIAN_POINT('Ctrl Pts',(-8.39320277817226,4.65962683852616,6.73086208380153));
#2406=CARTESIAN_POINT('Ctrl Pts',(-8.49680757803464,5.18829291649473,5.91694913457561));
#2407=CARTESIAN_POINT('Ctrl Pts',(-8.62189422779894,5.90057289024281,4.47190009848563));
#2408=CARTESIAN_POINT('Ctrl Pts',(-8.73279997953296,6.59293506747686,2.63245161127888));
#2409=CARTESIAN_POINT('Ctrl Pts',(-8.84627362361168,6.94036631545433,1.31476558413869));
#2410=CARTESIAN_POINT('Ctrl Pts',(-8.92020425950376,7.06298236349513,0.65779667972771));
#2411=CARTESIAN_POINT('',(-8.07855236211936,3.06525154510996,8.42799816180835));
#2412=CARTESIAN_POINT('Ctrl Pts',(-8.8891228600943,7.00649225346484,0.943516597587003));
#2413=CARTESIAN_POINT('Ctrl Pts',(-8.82999165474174,6.88912589372369,1.50600719831491));
#2414=CARTESIAN_POINT('Ctrl Pts',(-8.7267741417322,6.55531698082071,2.73239429282122));
#2415=CARTESIAN_POINT('Ctrl Pts',(-8.62189422779894,5.90057289024281,4.47190009848563));
#2416=CARTESIAN_POINT('Ctrl Pts',(-8.49680757803464,5.18829291649473,5.91694913457561));
#2417=CARTESIAN_POINT('Ctrl Pts',(-8.39320277817226,4.65962683852616,6.73086208380153));
#2418=CARTESIAN_POINT('Ctrl Pts',(-8.3358157026727,4.35791949345414,7.11090902809952));
#2419=CARTESIAN_POINT('Ctrl Pts',(-8.30634361087242,4.19776603876673,7.29128690342756));
#2420=CARTESIAN_POINT('Ctrl Pts',(-8.29045940985979,4.10956791493247,7.38495563583594));
#2421=CARTESIAN_POINT('Ctrl Pts',(-8.28197377371762,4.06181645674048,7.43394438456432));
#2422=CARTESIAN_POINT('Ctrl Pts',(-8.27772959392998,4.03774417816422,7.45815448566716));
#2423=CARTESIAN_POINT('Ctrl Pts',(-8.22064919230013,3.71287074958818,7.78307140592944));
#2424=CARTESIAN_POINT('Ctrl Pts',(-8.15462416091573,3.39108495401608,8.10747114132008));
#2425=CARTESIAN_POINT('Ctrl Pts',(-8.07855236211936,3.06525154510995,8.42799816180834));
#2426=CARTESIAN_POINT('',(-7.4630067167621,5.28764140479921,8.92825890216871));
#2427=CARTESIAN_POINT('Ctrl Pts',(-7.46337790787698,5.29046744729196,8.92611329937029));
#2428=CARTESIAN_POINT('Ctrl Pts',(-7.83760660278563,4.59059744010607,8.7909032481599));
#2429=CARTESIAN_POINT('Ctrl Pts',(-8.03473533732589,3.81699646892885,8.61262032962782));
#2430=CARTESIAN_POINT('Ctrl Pts',(-8.07855236211937,3.06525154510995,8.42799816180834));
#2431=CARTESIAN_POINT('',(-6.54730536009192,6.50145004582571,9.08217834280867));
#2432=CARTESIAN_POINT('Ctrl Pts',(-6.5460438699494,6.50019739069295,9.0842673758724));
#2433=CARTESIAN_POINT('Ctrl Pts',(-6.92547295161585,6.14850578270769,9.05915456837131));
#2434=CARTESIAN_POINT('Ctrl Pts',(-7.23352343934202,5.71668595798747,9.01097147548343));
#2435=CARTESIAN_POINT('Ctrl Pts',(-7.46232118024281,5.28896652503532,8.9285258655806));
#2436=CARTESIAN_POINT('Ctrl Pts',(-7.46267338247668,5.28830775201629,8.92839885739391));
#2437=CARTESIAN_POINT('Ctrl Pts',(-7.46302542790498,5.28764891368508,8.92827181108771));
#2438=CARTESIAN_POINT('',(-6.56228471888563,6.56228471888573,9.01846664689641));
#2439=CARTESIAN_POINT('Ctrl Pts',(-6.54689427379797,6.50161417732062,9.08228590332347));
#2440=CARTESIAN_POINT('Ctrl Pts',(-6.55193727106805,6.52202646656736,9.06111161701977));
#2441=CARTESIAN_POINT('Ctrl Pts',(-6.55692614729702,6.54230605525874,9.03986880312678));
#2442=CARTESIAN_POINT('Ctrl Pts',(-6.56185763279263,6.56244870924424,9.01856866256176));
#2443=CARTESIAN_POINT('Ctrl Pts',(-8.77107650852814,8.06517985896881,0.81087039371059));
#2444=CARTESIAN_POINT('Ctrl Pts',(-8.64153600394996,7.95511880222115,1.8284262803938));
#2445=CARTESIAN_POINT('Ctrl Pts',(-8.43767351812136,7.85502432427036,3.42894096744472));
#2446=CARTESIAN_POINT('Ctrl Pts',(-7.86275277203766,7.5390648248426,6.22156880159674));
#2447=CARTESIAN_POINT('Ctrl Pts',(-7.23147991618671,7.09808469292252,7.98563537268425));
#2448=CARTESIAN_POINT('Ctrl Pts',(-6.57133002784458,6.56952751842415,9.00461225862939));
#2449=CARTESIAN_POINT('Ctrl Pts',(-6.56681415028537,6.56591297750641,9.01153808148699));
#2450=CARTESIAN_POINT('Ctrl Pts',(-6.5622847188856,6.5622847188857,9.01846664689645));
#2451=CARTESIAN_POINT('Ctrl Pts',(-10.2740093889509,7.19356074839191,1.0071061764937));
#2452=CARTESIAN_POINT('Ctrl Pts',(-10.1314623289803,7.10007750337855,1.8455309627754));
#2453=CARTESIAN_POINT('Ctrl Pts',(-9.71863345549718,6.9867384973489,3.47694827023555));
#2454=CARTESIAN_POINT('Ctrl Pts',(-8.84426460034602,6.9352928590265,5.65915874673459));
#2455=CARTESIAN_POINT('Ctrl Pts',(-7.85192125804907,6.83472621848149,7.41977139638544));
#2456=CARTESIAN_POINT('Ctrl Pts',(-7.07447887112619,6.68137765091069,8.45054517029792));
#2457=CARTESIAN_POINT('Ctrl Pts',(-6.51530512963736,6.55230332556259,9.07897698207401));
#2458=CARTESIAN_POINT('Ctrl Pts',(-6.19524400306594,6.46378564670452,9.39789751926041));
#2459=CARTESIAN_POINT('Ctrl Pts',(-5.9354270506085,6.40709714914713,9.61620350711026));
#2460=CARTESIAN_POINT('Ctrl Pts',(-5.90120261960276,6.41453672535295,9.63398593885399));
#2461=CARTESIAN_POINT('Ctrl Pts',(-5.82005586501068,6.41605168044543,9.68764729278821));
#2462=CARTESIAN_POINT('Ctrl Pts',(-5.60520615852494,6.43036678905502,9.82079731171193));
#2463=CARTESIAN_POINT('Ctrl Pts',(-5.34152601130557,6.44168503311683,9.98339040101185));
#2464=CARTESIAN_POINT('Ctrl Pts',(-5.01178495009103,6.45776138250483,10.1764807070306));
#2465=CARTESIAN_POINT('Ctrl Pts',(-4.84282621976421,6.46445636843785,10.2732246622175));
#2466=CARTESIAN_POINT('Ctrl Pts',(-4.73611970274353,6.46880854595608,10.3327489846613));
#2467=CARTESIAN_POINT('Ctrl Pts',(-9.54769151557583,8.23302605565817,1.00111905783924));
#2468=CARTESIAN_POINT('Ctrl Pts',(-9.41164044636427,8.14799019228456,1.78828823400045));
#2469=CARTESIAN_POINT('Ctrl Pts',(-9.01336294157436,8.03569242200548,3.32926588176731));
#2470=CARTESIAN_POINT('Ctrl Pts',(-8.16325522765429,7.94665647075453,5.42640296864501));
#2471=CARTESIAN_POINT('Ctrl Pts',(-7.21605742442085,7.80494870387152,7.12055267135944));
#2472=CARTESIAN_POINT('Ctrl Pts',(-6.50121014268577,7.65154985466806,8.09650336453543));
#2473=CARTESIAN_POINT('Ctrl Pts',(-5.99416227165704,7.53385836177337,8.68956507121738));
#2474=CARTESIAN_POINT('Ctrl Pts',(-5.70891857082071,7.461174099159,8.99010055486647));
#2475=CARTESIAN_POINT('Ctrl Pts',(-5.47249200122141,7.40945864545778,9.1987606246418));
#2476=CARTESIAN_POINT('Ctrl Pts',(-5.43676772502484,7.40903815390307,9.21748798343096));
#2477=CARTESIAN_POINT('Ctrl Pts',(-5.35709493359733,7.40103254832662,9.27104126518297));
#2478=CARTESIAN_POINT('Ctrl Pts',(-5.14327026097951,7.38394564646005,9.40559737769235));
#2479=CARTESIAN_POINT('Ctrl Pts',(-4.88408900104124,7.35937088374744,9.56978977371822));
#2480=CARTESIAN_POINT('Ctrl Pts',(-4.5610800611841,7.32735340163263,9.7654974908379));
#2481=CARTESIAN_POINT('Ctrl Pts',(-4.3970498415325,7.31027555740348,9.86379287505255));
#2482=CARTESIAN_POINT('Ctrl Pts',(-4.29362976553603,7.29911455976656,9.92420429499703));
#2483=CARTESIAN_POINT('Ctrl Pts',(-8.31350220539564,8.89667765607267,0.866861168749623));
#2484=CARTESIAN_POINT('Ctrl Pts',(-8.18420850642099,8.81964792483989,1.58414689648974));
#2485=CARTESIAN_POINT('Ctrl Pts',(-7.81133052021804,8.70722249731847,3.00415439159613));
#2486=CARTESIAN_POINT('Ctrl Pts',(-7.03861129634721,8.59102473842686,4.97251194236788));
#2487=CARTESIAN_POINT('Ctrl Pts',(-6.20758193084452,8.434416603667,6.55109760779626));
#2488=CARTESIAN_POINT('Ctrl Pts',(-5.60393900833775,8.3005787867616,7.42523983470627));
#2489=CARTESIAN_POINT('Ctrl Pts',(-5.18097251097214,8.2067637331204,7.94763992516685));
#2490=CARTESIAN_POINT('Ctrl Pts',(-4.94662407416556,8.15535703263788,8.2052206391732));
#2491=CARTESIAN_POINT('Ctrl Pts',(-4.74785648883947,8.11416794042069,8.39238245231871));
#2492=CARTESIAN_POINT('Ctrl Pts',(-4.71395341044798,8.10789255282496,8.41748802528654));
#2493=CARTESIAN_POINT('Ctrl Pts',(-4.64204343723138,8.09378349213162,8.47627785381542));
#2494=CARTESIAN_POINT('Ctrl Pts',(-4.4467722393856,8.05534642760325,8.63131976400479));
#2495=CARTESIAN_POINT('Ctrl Pts',(-4.21231454581524,8.00691024179303,8.81772699045943));
#2496=CARTESIAN_POINT('Ctrl Pts',(-3.92094599209573,7.94318613123803,9.04339110654625));
#2497=CARTESIAN_POINT('Ctrl Pts',(-3.77377746446552,7.91040079463699,9.15626826834665));
#2498=CARTESIAN_POINT('Ctrl Pts',(-3.68118834756834,7.88915141026953,9.22603532846685));
#2499=CARTESIAN_POINT('Ctrl Pts',(-7.06298112788493,8.92020351450166,0.657803300037202));
#2500=CARTESIAN_POINT('Ctrl Pts',(-6.94034801006007,8.84626290998073,1.31486179756724));
#2501=CARTESIAN_POINT('Ctrl Pts',(-6.59316085168738,8.73284710143727,2.6319138572872));
#2502=CARTESIAN_POINT('Ctrl Pts',(-5.9002745284754,8.62183291330864,4.47254383475196));
#2503=CARTESIAN_POINT('Ctrl Pts',(-5.18839931533498,8.49683706540822,5.91669587612107));
#2504=CARTESIAN_POINT('Ctrl Pts',(-4.69752771939861,8.40063225573842,6.67246733883584));
#2505=CARTESIAN_POINT('Ctrl Pts',(-4.35961992820801,8.33608045763315,7.11228108999108));
#2506=CARTESIAN_POINT('Ctrl Pts',(-4.17646564918846,8.30213345466024,7.31938696214981));
#2507=CARTESIAN_POINT('Ctrl Pts',(-4.01577858383665,8.2738711724924,7.4801277838915));
#2508=CARTESIAN_POINT('Ctrl Pts',(-3.98389494786367,8.26821707467509,7.51204220571445));
#2509=CARTESIAN_POINT('Ctrl Pts',(-3.92005588021625,8.25671492678757,7.57595762104907));
#2510=CARTESIAN_POINT('Ctrl Pts',(-3.74421950330476,8.22428181765363,7.75206878238472));
#2511=CARTESIAN_POINT('Ctrl Pts',(-3.53531365615975,8.18270818558652,7.96140049951656));
#2512=CARTESIAN_POINT('Ctrl Pts',(-3.27664928156491,8.12702955321206,8.21919181261192));
#2513=CARTESIAN_POINT('Ctrl Pts',(-3.14671819976821,8.09757225017376,8.34785823946457));
#2514=CARTESIAN_POINT('Ctrl Pts',(-3.06525154511,8.07855236211937,8.42799816180833));
#2515=CARTESIAN_POINT('Ctrl Pts',(-8.0651997113529,8.77109987393553,0.810686855684943));
#2516=CARTESIAN_POINT('Ctrl Pts',(-7.95512658995714,8.64155186529768,1.82830175217979));
#2517=CARTESIAN_POINT('Ctrl Pts',(-7.85503152955832,8.43768662887451,3.4288772830798));
#2518=CARTESIAN_POINT('Ctrl Pts',(-7.5390648248417,7.8627527720386,6.2215688015967));
#2519=CARTESIAN_POINT('Ctrl Pts',(-7.09808469293642,7.23147991617136,7.98563537268518));
#2520=CARTESIAN_POINT('Ctrl Pts',(-6.56952751842072,6.57133002784829,9.00461225862916));
#2521=CARTESIAN_POINT('Ctrl Pts',(-6.56591297749998,6.56681415029131,9.01153808148741));
#2522=CARTESIAN_POINT('Ctrl Pts',(-6.5622847188856,6.5622847188857,9.01846664689645));
#2523=CARTESIAN_POINT('',(-6.50145004575124,6.54730536009897,9.08217834286461));
#2524=CARTESIAN_POINT('Ctrl Pts',(-6.56035597417771,6.56021781878979,9.02122102231018));
#2525=CARTESIAN_POINT('Ctrl Pts',(-6.54004998251705,6.55511086146091,9.04274040748375));
#2526=CARTESIAN_POINT('Ctrl Pts',(-6.51958860034774,6.54992544563191,9.06422947735889));
#2527=CARTESIAN_POINT('Ctrl Pts',(-6.49899352323743,6.54468330278684,9.08565415246858));
#2528=CARTESIAN_POINT('',(-5.28764140488916,7.4630067166564,8.92825890226954));
#2529=CARTESIAN_POINT('Ctrl Pts',(-5.28965560534627,7.46336423133361,8.92654739194257));
#2530=CARTESIAN_POINT('Ctrl Pts',(-5.72502817985826,7.23631571540461,9.00246144011204));
#2531=CARTESIAN_POINT('Ctrl Pts',(-6.14933351456413,6.92715229209969,9.05692842406044));
#2532=CARTESIAN_POINT('Ctrl Pts',(-6.50145004575125,6.54730536009898,9.08217834286459));
#2533=CARTESIAN_POINT('',(-3.06525154511007,8.07855236211937,8.42799816180832));
#2534=CARTESIAN_POINT('Ctrl Pts',(-3.06491696780243,8.07789821700157,8.43073630962619));
#2535=CARTESIAN_POINT('Ctrl Pts',(-3.81850251826447,8.0337350334625,8.61557963496314));
#2536=CARTESIAN_POINT('Ctrl Pts',(-4.57326800217197,7.83539416178271,8.80381952620507));
#2537=CARTESIAN_POINT('Ctrl Pts',(-5.28763852345273,7.46299953348386,8.92825394735739));
#2538=CARTESIAN_POINT('Ctrl Pts',(-3.06525154511,8.07855236211937,8.42799816180833));
#2539=CARTESIAN_POINT('Ctrl Pts',(-3.14671819976821,8.09757225017376,8.34785823946457));
#2540=CARTESIAN_POINT('Ctrl Pts',(-3.27664928156491,8.12702955321206,8.21919181261192));
#2541=CARTESIAN_POINT('Ctrl Pts',(-3.53531365615975,8.18270818558652,7.96140049951656));
#2542=CARTESIAN_POINT('Ctrl Pts',(-3.74421950330476,8.22428181765363,7.75206878238472));
#2543=CARTESIAN_POINT('Ctrl Pts',(-3.92005588021625,8.25671492678757,7.57595762104907));
#2544=CARTESIAN_POINT('Ctrl Pts',(-3.98389494786367,8.26821707467509,7.51204220571445));
#2545=CARTESIAN_POINT('Ctrl Pts',(-4.01577858383665,8.2738711724924,7.4801277838915));
#2546=CARTESIAN_POINT('Ctrl Pts',(-4.17646564918846,8.30213345466024,7.31938696214981));
#2547=CARTESIAN_POINT('Ctrl Pts',(-4.35961992820801,8.33608045763315,7.11228108999108));
#2548=CARTESIAN_POINT('Ctrl Pts',(-4.69752771939861,8.40063225573842,6.67246733883584));
#2549=CARTESIAN_POINT('Ctrl Pts',(-5.18839931533498,8.49683706540822,5.91669587612107));
#2550=CARTESIAN_POINT('Ctrl Pts',(-5.9002745284754,8.62183291330864,4.47254383475196));
#2551=CARTESIAN_POINT('Ctrl Pts',(-6.55551255645072,8.72681509475723,2.73192532885415));
#2552=CARTESIAN_POINT('Ctrl Pts',(-6.88913721479579,8.82998784976676,1.50602833574798));
#2553=CARTESIAN_POINT('Ctrl Pts',(-7.00648871019406,8.8891186255857,0.943552088300868));
#2554=CARTESIAN_POINT('Ctrl Pts',(7.75,-10.,9.6));
#2555=CARTESIAN_POINT('Ctrl Pts',(7.75,10.,9.6));
#2556=CARTESIAN_POINT('Ctrl Pts',(7.87221348099345,-10.,9.22386558152559));
#2557=CARTESIAN_POINT('Ctrl Pts',(7.87221348099345,10.,9.22386558152559));
#2558=CARTESIAN_POINT('Ctrl Pts',(8.08984230984268,-10.,8.46937312199269));
#2559=CARTESIAN_POINT('Ctrl Pts',(8.08984230984268,10.,8.46937312199269));
#2560=CARTESIAN_POINT('Ctrl Pts',(8.33596892082138,-10.,7.33096949744053));
#2561=CARTESIAN_POINT('Ctrl Pts',(8.33596892082138,10.,7.33096949744053));
#2562=CARTESIAN_POINT('Ctrl Pts',(8.53037652084844,-10.,5.80154764989398));
#2563=CARTESIAN_POINT('Ctrl Pts',(8.53037652084844,10.,5.80154764989398));
#2564=CARTESIAN_POINT('Ctrl Pts',(8.65834206165526,-10.,3.87653648596882));
#2565=CARTESIAN_POINT('Ctrl Pts',(8.65834206165526,10.,3.87653648596882));
#2566=CARTESIAN_POINT('Ctrl Pts',(8.75330681566511,-10.,2.32941557344382));
#2567=CARTESIAN_POINT('Ctrl Pts',(8.75330681566511,10.,2.32941557344382));
#2568=CARTESIAN_POINT('Ctrl Pts',(8.85848739145867,-10.,1.16592605146305));
#2569=CARTESIAN_POINT('Ctrl Pts',(8.85848739145867,10.,1.16592605146305));
#2570=CARTESIAN_POINT('Ctrl Pts',(8.9493653410422,-10.,0.388874180790473));
#2571=CARTESIAN_POINT('Ctrl Pts',(8.9493653410422,10.,0.388874180790473));
#2572=CARTESIAN_POINT('Ctrl Pts',(9.,-10.,-2.21318226050951E-15));
#2573=CARTESIAN_POINT('Ctrl Pts',(9.,10.,-2.21318226050951E-15));
#2574=CARTESIAN_POINT('',(8.07855236211937,3.06525154510991,8.42799816180831));
#2575=CARTESIAN_POINT('Ctrl Pts',(8.07855236211936,3.06525154510989,8.42799816180833));
#2576=CARTESIAN_POINT('Ctrl Pts',(8.12419544139717,3.26075159045356,8.23568194951543));
#2577=CARTESIAN_POINT('Ctrl Pts',(8.18031021514299,3.51943123734253,7.9772564643692));
#2578=CARTESIAN_POINT('Ctrl Pts',(8.23605752993695,3.80810544780763,7.68810262130299));
#2579=CARTESIAN_POINT('Ctrl Pts',(8.25670706741591,3.92002200370664,7.57599889237222));
#2580=CARTESIAN_POINT('Ctrl Pts',(8.26821183214869,3.98387937452161,7.51206520377896));
#2581=CARTESIAN_POINT('Ctrl Pts',(8.27386822854033,4.01577573163063,7.48014092694397));
#2582=CARTESIAN_POINT('Ctrl Pts',(8.2777332319745,4.03774619327093,7.45815631211074));
#2583=CARTESIAN_POINT('Ctrl Pts',(8.27985496873624,4.0497823819439,7.44605205388802));
#2584=CARTESIAN_POINT('Ctrl Pts',(8.2840981007436,4.07375595873726,7.42170096636031));
#2585=CARTESIAN_POINT('Ctrl Pts',(8.2915212214693,4.11544761995368,7.37871708388995));
#2586=CARTESIAN_POINT('Ctrl Pts',(8.30210979722473,4.17423672773882,7.3162769072341));
#2587=CARTESIAN_POINT('Ctrl Pts',(8.31476285843909,4.24350866363972,7.23978332219083));
#2588=CARTESIAN_POINT('Ctrl Pts',(8.33990484345784,4.37941313530202,7.08382690365658));
#2589=CARTESIAN_POINT('Ctrl Pts',(8.39321298773758,4.65954618213869,6.73114351512552));
#2590=CARTESIAN_POINT('Ctrl Pts',(8.49662775895413,5.18797174891944,5.91694927362477));
#2591=CARTESIAN_POINT('Ctrl Pts',(8.60155218719307,5.78295624705601,4.71290730781871));
#2592=CARTESIAN_POINT('Ctrl Pts',(8.71525182126653,6.48262832873017,2.95608119618608));
#2593=CARTESIAN_POINT('Ctrl Pts',(8.80721849194172,6.84399271643668,1.72554643163859));
#2594=CARTESIAN_POINT('Ctrl Pts',(8.88917033850488,7.00659722556024,0.943543361426787));
#2595=CARTESIAN_POINT('Ctrl Pts',(8.07855236211937,-3.06525154510993,8.42799816180833));
#2596=CARTESIAN_POINT('Ctrl Pts',(8.13820891353904,-1.03129226152094,8.1766364616553));
#2597=CARTESIAN_POINT('Ctrl Pts',(8.13820891353905,1.03129226152092,8.1766364616553));
#2598=CARTESIAN_POINT('Ctrl Pts',(8.07855236211937,3.06525154510991,8.42799816180833));
#2599=CARTESIAN_POINT('Ctrl Pts',(7.19356074839177,10.2740093889511,1.00710617649307));
#2600=CARTESIAN_POINT('Ctrl Pts',(7.06893872338017,10.0839806488235,2.12480587413619));
#2601=CARTESIAN_POINT('Ctrl Pts',(6.98424311383474,9.63729952041676,3.74026516890221));
#2602=CARTESIAN_POINT('Ctrl Pts',(6.92072105917835,8.68254504309914,5.94908688665523));
#2603=CARTESIAN_POINT('Ctrl Pts',(6.83564951098628,7.85228772981318,7.41884104651883));
#2604=CARTESIAN_POINT('Ctrl Pts',(6.67473518787235,7.0191614468063,8.52348638011033));
#2605=CARTESIAN_POINT('Ctrl Pts',(6.56171079571719,6.54974223663103,9.03573046067989));
#2606=CARTESIAN_POINT('Ctrl Pts',(6.50368344427565,6.31953941311028,9.26513853748659));
#2607=CARTESIAN_POINT('Ctrl Pts',(6.47365657385628,6.20190061483434,9.37806941297774));
#2608=CARTESIAN_POINT('Ctrl Pts',(6.44800284775545,6.10204020648211,9.47027618144087));
#2609=CARTESIAN_POINT('Ctrl Pts',(6.42975471705511,6.03125166691477,9.53373201846774));
#2610=CARTESIAN_POINT('Ctrl Pts',(6.41929184934491,5.99059981707921,9.56961324030528));
#2611=CARTESIAN_POINT('Ctrl Pts',(6.41400243732874,5.97016468606028,9.58749032666968));
#2612=CARTESIAN_POINT('Ctrl Pts',(6.40463524092983,5.93313860072314,9.61956012584382));
#2613=CARTESIAN_POINT('Ctrl Pts',(6.41144548338564,5.89831274340385,9.63820549535623));
#2614=CARTESIAN_POINT('Ctrl Pts',(6.41353181345267,5.8176725375889,9.69110700827963));
#2615=CARTESIAN_POINT('Ctrl Pts',(6.42286263830166,5.68113448578055,9.77555723731179));
#2616=CARTESIAN_POINT('Ctrl Pts',(6.44041923801768,5.32025206583389,9.9994696069574));
#2617=CARTESIAN_POINT('Ctrl Pts',(6.45836438440645,4.9921892443679,10.1899051697824));
#2618=CARTESIAN_POINT('Ctrl Pts',(6.46880854595607,4.7361197027434,10.3327489846613));
#2619=CARTESIAN_POINT('Ctrl Pts',(8.233026055658,9.54769151557602,1.00111905783889));
#2620=CARTESIAN_POINT('Ctrl Pts',(8.11966519093077,9.36632254675538,2.05049016969616));
#2621=CARTESIAN_POINT('Ctrl Pts',(8.03029682447329,8.93348824530995,3.58096970278496));
#2622=CARTESIAN_POINT('Ctrl Pts',(7.9244818273487,8.00825048038796,5.70589446147893));
#2623=CARTESIAN_POINT('Ctrl Pts',(7.80541614239412,7.21622862698469,7.11960661983401));
#2624=CARTESIAN_POINT('Ctrl Pts',(7.64244475210166,6.44907247709596,8.16585704468518));
#2625=CARTESIAN_POINT('Ctrl Pts',(7.5418641883192,6.02513387042011,8.64876837499821));
#2626=CARTESIAN_POINT('Ctrl Pts',(7.49177340122802,5.81799428388044,8.86554661453537));
#2627=CARTESIAN_POINT('Ctrl Pts',(7.46611757229014,5.71226355123238,8.97237953388087));
#2628=CARTESIAN_POINT('Ctrl Pts',(7.44437163734204,5.62256410325425,9.05975547984301));
#2629=CARTESIAN_POINT('Ctrl Pts',(7.42897602771239,5.55898774739068,9.11996932312291));
#2630=CARTESIAN_POINT('Ctrl Pts',(7.42015615553479,5.52246968426116,9.15404573382458));
#2631=CARTESIAN_POINT('Ctrl Pts',(7.41571551656324,5.50412138569177,9.17102950163964));
#2632=CARTESIAN_POINT('Ctrl Pts',(7.40776938155883,5.47081002940656,9.20152968747482));
#2633=CARTESIAN_POINT('Ctrl Pts',(7.4070342798506,5.43470385388267,9.22103201975851));
#2634=CARTESIAN_POINT('Ctrl Pts',(7.39931705151765,5.35534342374607,9.27390797453611));
#2635=CARTESIAN_POINT('Ctrl Pts',(7.38863258831148,5.21942380258208,9.35933237114934));
#2636=CARTESIAN_POINT('Ctrl Pts',(7.35594815551633,4.86312428101076,9.58505925330666));
#2637=CARTESIAN_POINT('Ctrl Pts',(7.32589822423948,4.54181265252915,9.77923166309054));
#2638=CARTESIAN_POINT('Ctrl Pts',(7.29911455976656,4.29362976553591,9.92420429499706));
#2639=CARTESIAN_POINT('Ctrl Pts',(8.89667765607249,8.31350220539581,0.866861168749572));
#2640=CARTESIAN_POINT('Ctrl Pts',(8.79398972423033,8.14114145149704,1.82307102100577));
#2641=CARTESIAN_POINT('Ctrl Pts',(8.69827950778997,7.73620110821498,3.24040461837396));
#2642=CARTESIAN_POINT('Ctrl Pts',(8.56567013032942,6.90218387933412,5.23400765989728));
#2643=CARTESIAN_POINT('Ctrl Pts',(8.43440487051005,6.20747651177916,6.55066727644264));
#2644=CARTESIAN_POINT('Ctrl Pts',(8.29077031100916,5.55881497160567,7.48966364973213));
#2645=CARTESIAN_POINT('Ctrl Pts',(8.21259829567565,5.20641673708608,7.91252420895117));
#2646=CARTESIAN_POINT('Ctrl Pts',(8.17506525752789,5.03471578387125,8.10141303152895));
#2647=CARTESIAN_POINT('Ctrl Pts',(8.15607836041314,4.94712598185949,8.19436582444394));
#2648=CARTESIAN_POINT('Ctrl Pts',(8.14013950430634,4.87280989027399,8.27036742896969));
#2649=CARTESIAN_POINT('Ctrl Pts',(8.12892797126198,4.8201244066272,8.32274011433305));
#2650=CARTESIAN_POINT('Ctrl Pts',(8.12251385664994,4.78984880602489,8.35239669175575));
#2651=CARTESIAN_POINT('Ctrl Pts',(8.1193008799806,4.77464182716707,8.36716414966244));
#2652=CARTESIAN_POINT('Ctrl Pts',(8.1134777210924,4.74697344211757,8.39380351680113));
#2653=CARTESIAN_POINT('Ctrl Pts',(8.10715557141427,4.71287777080507,8.41932694144559));
#2654=CARTESIAN_POINT('Ctrl Pts',(8.09309012202376,4.64111138040657,8.4777649842057));
#2655=CARTESIAN_POINT('Ctrl Pts',(8.06872992274065,4.51692183173983,8.5763474661325));
#2656=CARTESIAN_POINT('Ctrl Pts',(8.00272090835641,4.19374937527613,8.83328046340045));
#2657=CARTESIAN_POINT('Ctrl Pts',(7.94014473538876,3.90337958185509,9.05861144842398));
#2658=CARTESIAN_POINT('Ctrl Pts',(7.88915141026952,3.68118834756822,9.22603532846687));
#2659=CARTESIAN_POINT('Ctrl Pts',(8.92020351450149,7.06298112788508,0.657803300037343));
#2660=CARTESIAN_POINT('Ctrl Pts',(8.82163368132284,6.89949955988233,1.53372454668783));
#2661=CARTESIAN_POINT('Ctrl Pts',(8.72178388495926,6.52282461114358,2.85515123144392));
#2662=CARTESIAN_POINT('Ctrl Pts',(8.60155218719307,5.78295624705601,4.71290730781871));
#2663=CARTESIAN_POINT('Ctrl Pts',(8.49662775895413,5.18797174891944,5.91694927362477));
#2664=CARTESIAN_POINT('Ctrl Pts',(8.39321298773758,4.65954618213869,6.73114351512552));
#2665=CARTESIAN_POINT('Ctrl Pts',(8.33990484345784,4.37941313530202,7.08382690365658));
#2666=CARTESIAN_POINT('Ctrl Pts',(8.31476285843909,4.24350866363972,7.23978332219083));
#2667=CARTESIAN_POINT('Ctrl Pts',(8.30210979722473,4.17423672773882,7.3162769072341));
#2668=CARTESIAN_POINT('Ctrl Pts',(8.2915212214693,4.11544761995368,7.37871708388995));
#2669=CARTESIAN_POINT('Ctrl Pts',(8.2840981007436,4.07375595873726,7.42170096636031));
#2670=CARTESIAN_POINT('Ctrl Pts',(8.27985496873624,4.0497823819439,7.44605205388802));
#2671=CARTESIAN_POINT('Ctrl Pts',(8.2777332319745,4.03774619327093,7.45815631211074));
#2672=CARTESIAN_POINT('Ctrl Pts',(8.27386822854033,4.01577573163063,7.48014092694397));
#2673=CARTESIAN_POINT('Ctrl Pts',(8.26821183214869,3.98387937452161,7.51206520377896));
#2674=CARTESIAN_POINT('Ctrl Pts',(8.25670706741591,3.92002200370664,7.57599889237222));
#2675=CARTESIAN_POINT('Ctrl Pts',(8.23605752993695,3.80810544780763,7.68810262130299));
#2676=CARTESIAN_POINT('Ctrl Pts',(8.18031021514299,3.51943123734253,7.9772564643692));
#2677=CARTESIAN_POINT('Ctrl Pts',(8.12419544139717,3.26075159045356,8.23568194951543));
#2678=CARTESIAN_POINT('Ctrl Pts',(8.07855236211936,3.06525154510989,8.42799816180833));
#2679=CARTESIAN_POINT('',(6.54730536009892,6.50145004575129,9.08217834286456));
#2680=CARTESIAN_POINT('Ctrl Pts',(6.56402423424649,6.56164425808708,9.01826299252885));
#2681=CARTESIAN_POINT('Ctrl Pts',(6.55909593294669,6.54149272575545,9.03954125299191));
#2682=CARTESIAN_POINT('Ctrl Pts',(6.55410497996822,6.52119963254273,9.06076916493492));
#2683=CARTESIAN_POINT('Ctrl Pts',(6.54905342511606,6.50076816212556,9.08193734726435));
#2684=CARTESIAN_POINT('',(7.46300671665637,5.28764140488917,8.92825890226952));
#2685=CARTESIAN_POINT('Ctrl Pts',(7.46336433650235,5.28965538856898,8.92654734980817));
#2686=CARTESIAN_POINT('Ctrl Pts',(7.23631569359286,5.72502813425071,9.00246142162471));
#2687=CARTESIAN_POINT('Ctrl Pts',(6.92715264843152,6.14933318424598,9.05692840037366));
#2688=CARTESIAN_POINT('Ctrl Pts',(6.54730536009893,6.50145004575128,9.08217834286456));
#2689=CARTESIAN_POINT('Ctrl Pts',(8.07789821692053,3.06491696776108,8.43073630996318));
#2690=CARTESIAN_POINT('Ctrl Pts',(8.03373505775568,3.81850210180903,8.61557953313154));
#2691=CARTESIAN_POINT('Ctrl Pts',(7.83539384357516,4.57326878904111,8.80381968053973));
#2692=CARTESIAN_POINT('Ctrl Pts',(7.4629995269835,5.28763852084411,8.92825394287316));
#2693=CARTESIAN_POINT('Ctrl Pts',(-10.,7.75,9.6));
#2694=CARTESIAN_POINT('Ctrl Pts',(10.,7.75,9.6));
#2695=CARTESIAN_POINT('Ctrl Pts',(-10.,7.87221348099345,9.22386558152559));
#2696=CARTESIAN_POINT('Ctrl Pts',(10.,7.87221348099345,9.22386558152559));
#2697=CARTESIAN_POINT('Ctrl Pts',(-10.,8.08984230984268,8.4693731219927));
#2698=CARTESIAN_POINT('Ctrl Pts',(10.,8.08984230984268,8.4693731219927));
#2699=CARTESIAN_POINT('Ctrl Pts',(-10.,8.3359689208214,7.33096949744053));
#2700=CARTESIAN_POINT('Ctrl Pts',(10.,8.3359689208214,7.33096949744053));
#2701=CARTESIAN_POINT('Ctrl Pts',(-10.,8.53037652084853,5.80154764989399));
#2702=CARTESIAN_POINT('Ctrl Pts',(10.,8.53037652084853,5.80154764989399));
#2703=CARTESIAN_POINT('Ctrl Pts',(-10.,8.65834206165552,3.87653648596885));
#2704=CARTESIAN_POINT('Ctrl Pts',(10.,8.65834206165552,3.87653648596885));
#2705=CARTESIAN_POINT('Ctrl Pts',(-10.,8.75330681566544,2.32941557344387));
#2706=CARTESIAN_POINT('Ctrl Pts',(10.,8.75330681566544,2.32941557344387));
#2707=CARTESIAN_POINT('Ctrl Pts',(-10.,8.85848739145893,1.16592605146309));
#2708=CARTESIAN_POINT('Ctrl Pts',(10.,8.85848739145893,1.16592605146309));
#2709=CARTESIAN_POINT('Ctrl Pts',(-10.,8.94936534104231,0.388874180790488));
#2710=CARTESIAN_POINT('Ctrl Pts',(10.,8.94936534104231,0.388874180790488));
#2711=CARTESIAN_POINT('Ctrl Pts',(-10.,9.,0.));
#2712=CARTESIAN_POINT('Ctrl Pts',(10.,9.,0.));
#2713=CARTESIAN_POINT('Ctrl Pts',(3.0652515451099,8.07855236211937,8.42799816180835));
#2714=CARTESIAN_POINT('Ctrl Pts',(1.03129226152087,8.13820891353905,8.17663646165532));
#2715=CARTESIAN_POINT('Ctrl Pts',(-1.03129226152107,8.13820891353905,8.17663646165533));
#2716=CARTESIAN_POINT('Ctrl Pts',(-3.06525154511006,8.07855236211937,8.42799816180837));
#2717=CARTESIAN_POINT('Ctrl Pts',(-8.80642163798352,8.09641201485307,0.533534626592651));
#2718=CARTESIAN_POINT('Ctrl Pts',(-8.66508093022457,7.96661068724656,1.64007867535962));
#2719=CARTESIAN_POINT('Ctrl Pts',(-8.45751671417739,7.86592956005394,3.33255435763446));
#2720=CARTESIAN_POINT('Ctrl Pts',(-7.86275277203766,7.5390648248426,6.22156880159674));
#2721=CARTESIAN_POINT('Ctrl Pts',(-7.23147991618671,7.09808469292252,7.98563537268425));
#2722=CARTESIAN_POINT('Ctrl Pts',(-6.57133002784458,6.56952751842415,9.00461225862939));
#2723=CARTESIAN_POINT('Ctrl Pts',(-6.56681415028537,6.56591297750641,9.01153808148699));
#2724=CARTESIAN_POINT('Ctrl Pts',(-6.5622847188856,6.5622847188857,9.01846664689645));
#2725=CARTESIAN_POINT('Ctrl Pts',(-8.76048725272517,8.26490957258159,0.548927554139438));
#2726=CARTESIAN_POINT('Ctrl Pts',(-8.61844066957942,8.13175068361128,1.65428798043118));
#2727=CARTESIAN_POINT('Ctrl Pts',(-8.40347050297843,7.99877521566429,3.34364728553997));
#2728=CARTESIAN_POINT('Ctrl Pts',(-7.81761088353854,7.60146041915081,6.22823370739805));
#2729=CARTESIAN_POINT('Ctrl Pts',(-7.20922758429693,7.12032501072431,7.98577847875075));
#2730=CARTESIAN_POINT('Ctrl Pts',(-6.57103023117134,6.56982842702856,9.00461220021348));
#2731=CARTESIAN_POINT('Ctrl Pts',(-6.56666395482114,6.56606317297056,9.01153808148706));
#2732=CARTESIAN_POINT('Ctrl Pts',(-6.5622847188856,6.5622847188857,9.01846664689645));
#2733=CARTESIAN_POINT('Ctrl Pts',(-8.5782865891426,8.57828658914273,0.565402226396627));
#2734=CARTESIAN_POINT('Ctrl Pts',(-8.43839911794666,8.43839911794705,1.66947590148986));
#2735=CARTESIAN_POINT('Ctrl Pts',(-8.24190596025754,8.24190596025452,3.35518616020879));
#2736=CARTESIAN_POINT('Ctrl Pts',(-7.7182735460194,7.71827354602032,6.23497180097768));
#2737=CARTESIAN_POINT('Ctrl Pts',(-7.16480063217623,7.16480063216161,7.98592770954705));
#2738=CARTESIAN_POINT('Ctrl Pts',(-6.57042974318151,6.57042974318509,9.00461211333006));
#2739=CARTESIAN_POINT('Ctrl Pts',(-6.56636356389267,6.56636356389886,9.0115380814872));
#2740=CARTESIAN_POINT('Ctrl Pts',(-6.5622847188856,6.5622847188857,9.01846664689645));
#2741=CARTESIAN_POINT('Ctrl Pts',(-8.26490957258147,8.76048725272531,0.548927554139334));
#2742=CARTESIAN_POINT('Ctrl Pts',(-8.13175068361088,8.6184406695798,1.65428798043117));
#2743=CARTESIAN_POINT('Ctrl Pts',(-7.99877521566718,8.40347050297528,3.34364728554012));
#2744=CARTESIAN_POINT('Ctrl Pts',(-7.6014604191499,7.81761088353948,6.22823370739803));
#2745=CARTESIAN_POINT('Ctrl Pts',(-7.12032501073842,7.20922758428179,7.98577847875135));
#2746=CARTESIAN_POINT('Ctrl Pts',(-6.56982842702508,6.571030231175,9.00461220021332));
#2747=CARTESIAN_POINT('Ctrl Pts',(-6.56606317296421,6.56666395482716,9.01153808148734));
#2748=CARTESIAN_POINT('Ctrl Pts',(-6.5622847188856,6.5622847188857,9.01846664689645));
#2749=CARTESIAN_POINT('Ctrl Pts',(-8.09641201485295,8.80642163798366,0.533534626592501));
#2750=CARTESIAN_POINT('Ctrl Pts',(-7.96661068724616,8.66508093022493,1.64007867535961));
#2751=CARTESIAN_POINT('Ctrl Pts',(-7.86592956005677,8.45751671417418,3.33255435763469));
#2752=CARTESIAN_POINT('Ctrl Pts',(-7.5390648248417,7.8627527720386,6.2215688015967));
#2753=CARTESIAN_POINT('Ctrl Pts',(-7.09808469293642,7.23147991617136,7.98563537268518));
#2754=CARTESIAN_POINT('Ctrl Pts',(-6.56952751842072,6.57133002784829,9.00461225862916));
#2755=CARTESIAN_POINT('Ctrl Pts',(-6.56591297749998,6.56681415029131,9.01153808148741));
#2756=CARTESIAN_POINT('Ctrl Pts',(-6.5622847188856,6.5622847188857,9.01846664689645));
#2757=CARTESIAN_POINT('Origin',(9.,0.,0.));
#2758=CARTESIAN_POINT('',(-7.46679038437147,7.46679038437152,-2.42329304770787E-13));
#2759=CARTESIAN_POINT('',(-7.48782902206716,7.14183734723529,1.53523027623947E-14));
#2760=CARTESIAN_POINT('Ctrl Pts',(-7.46630385116308,7.46664132995521,-8.07840347282068E-5));
#2761=CARTESIAN_POINT('Ctrl Pts',(-7.47794662637022,7.37883234473123,-4.68588815463979E-5));
#2762=CARTESIAN_POINT('Ctrl Pts',(-7.48491414533322,7.29048934505175,-1.42307504084604E-5));
#2763=CARTESIAN_POINT('Ctrl Pts',(-7.48709156675046,7.20194810854994,-2.45732809855959E-6));
#2764=CARTESIAN_POINT('Ctrl Pts',(-7.48758405693068,7.18192181084904,2.05589988558325E-7));
#2765=CARTESIAN_POINT('Ctrl Pts',(-7.48783129123556,7.16188532827595,1.80398201792283E-6));
#2766=CARTESIAN_POINT('Ctrl Pts',(-7.4878315734791,7.14184248703913,2.11924006326969E-6));
#2767=CARTESIAN_POINT('',(-7.48782902206716,-7.14183734723534,-4.562322741819E-15));
#2768=CARTESIAN_POINT('',(-7.48782902206716,0.,-3.67067487516692E-14));
#2769=CARTESIAN_POINT('',(-7.46679038437148,-7.46679038437152,-2.40409544124039E-13));
#2770=CARTESIAN_POINT('Ctrl Pts',(-7.48783050442705,-7.14184004206514,9.01201451686262E-7));
#2771=CARTESIAN_POINT('Ctrl Pts',(-7.48782987097627,-7.23045852909453,2.85017707724909E-7));
#2772=CARTESIAN_POINT('Ctrl Pts',(-7.48300548009583,-7.3189526894232,-2.59699494379586E-5));
#2773=CARTESIAN_POINT('Ctrl Pts',(-7.47348380799075,-7.40698915466857,-5.82213005134724E-5));
#2774=CARTESIAN_POINT('Ctrl Pts',(-7.4713305497771,-7.42689797318261,-6.55147134600893E-5));
#2775=CARTESIAN_POINT('Ctrl Pts',(-7.46893686244042,-7.44678334556291,-7.31118681421097E-5));
#2776=CARTESIAN_POINT('Ctrl Pts',(-7.46630385116312,-7.46664132995494,-8.07840347282207E-5));
#2777=CARTESIAN_POINT('',(-7.14183734723522,-7.48782902206721,1.90299165314656E-14));
#2778=CARTESIAN_POINT('Ctrl Pts',(-7.4666413299551,-7.46630385116313,-8.07840347281513E-5));
#2779=CARTESIAN_POINT('Ctrl Pts',(-7.37882942554141,-7.47794701343168,-4.68577537125896E-5));
#2780=CARTESIAN_POINT('Ctrl Pts',(-7.29048295827759,-7.4849143906439,-1.43346929622475E-5));
#2781=CARTESIAN_POINT('Ctrl Pts',(-7.20193760390061,-7.48709106071851,-2.97094403764464E-6));
#2782=CARTESIAN_POINT('Ctrl Pts',(-7.18191398416762,-7.48758329223268,-4.01149283211303E-7));
#2783=CARTESIAN_POINT('Ctrl Pts',(-7.16188015014248,-7.48783032505109,1.08866145415131E-6));
#2784=CARTESIAN_POINT('Ctrl Pts',(-7.14183992510033,-7.4878304629086,1.27725001322632E-6));
#2785=CARTESIAN_POINT('',(7.14183734723517,-7.48782902206721,2.4980018054066E-14));
#2786=CARTESIAN_POINT('',(0.,-7.48782902206721,-1.39818712163731E-14));
#2787=CARTESIAN_POINT('',(7.46679038437148,-7.46679038437151,-2.53685961126848E-13));
#2788=CARTESIAN_POINT('Ctrl Pts',(7.14184004206497,-7.4878305044271,9.01201418823661E-7));
#2789=CARTESIAN_POINT('Ctrl Pts',(7.2304585291043,-7.48782987097632,2.85017676066334E-7));
#2790=CARTESIAN_POINT('Ctrl Pts',(7.31895268944295,-7.48300548009479,-2.59699494547832E-5));
#2791=CARTESIAN_POINT('Ctrl Pts',(7.40698915469815,-7.47348380798758,-5.82213005273224E-5));
#2792=CARTESIAN_POINT('Ctrl Pts',(7.42689797320231,-7.47133054977476,-6.55147134688336E-5));
#2793=CARTESIAN_POINT('Ctrl Pts',(7.44678334557276,-7.46893686243914,-7.31118681460127E-5));
#2794=CARTESIAN_POINT('Ctrl Pts',(7.46664132995497,-7.46630385116314,-8.07840347281791E-5));
#2795=CARTESIAN_POINT('',(7.48782902206716,-7.1418373472353,1.63584423784613E-14));
#2796=CARTESIAN_POINT('Ctrl Pts',(7.46630385116312,-7.46664132995485,-8.07840347282346E-5));
#2797=CARTESIAN_POINT('Ctrl Pts',(7.4779466263682,-7.37883234474637,-4.68588815520984E-5));
#2798=CARTESIAN_POINT('Ctrl Pts',(7.48491414533079,-7.29048934508257,-1.42307504497556E-5));
#2799=CARTESIAN_POINT('Ctrl Pts',(7.48709156674932,-7.20194810859638,-2.45732814260768E-6));
#2800=CARTESIAN_POINT('Ctrl Pts',(7.4875840569303,-7.18192181088002,2.05589946412209E-7));
#2801=CARTESIAN_POINT('Ctrl Pts',(7.48783129123556,-7.16188532829146,1.80398197722787E-6));
#2802=CARTESIAN_POINT('Ctrl Pts',(7.48783157347911,-7.14184248703915,2.11924002316288E-6));
#2803=CARTESIAN_POINT('',(7.48782902206716,7.14183734723525,-1.70349845340922E-14));
#2804=CARTESIAN_POINT('',(7.48782902206716,0.,-3.01494940124769E-14));
#2805=CARTESIAN_POINT('',(7.46679038437146,7.46679038437151,-2.31782186036848E-13));
#2806=CARTESIAN_POINT('Ctrl Pts',(7.48783045037411,7.1418398596153,1.42627518240346E-6));
#2807=CARTESIAN_POINT('Ctrl Pts',(7.48782984801495,7.23045879805702,5.05110734085475E-7));
#2808=CARTESIAN_POINT('Ctrl Pts',(7.48300543591041,7.31895335743975,-2.59068658320196E-5));
#2809=CARTESIAN_POINT('Ctrl Pts',(7.47348369497084,7.40699017881283,-5.82058168278471E-5));
#2810=CARTESIAN_POINT('Ctrl Pts',(7.47133046670678,7.42689865702723,-6.55098397607447E-5));
#2811=CARTESIAN_POINT('Ctrl Pts',(7.46893681704848,7.44678368790564,-7.31120004069444E-5));
#2812=CARTESIAN_POINT('Ctrl Pts',(7.46630385116307,7.46664132995522,-8.07840347283179E-5));
#2813=CARTESIAN_POINT('',(7.14183734723514,7.48782902206721,-6.34908792207511E-15));
#2814=CARTESIAN_POINT('Ctrl Pts',(7.46664132995479,7.46630385116316,-8.07840347280403E-5));
#2815=CARTESIAN_POINT('Ctrl Pts',(7.37882966984234,7.4779469810393,-4.68578480984758E-5));
#2816=CARTESIAN_POINT('Ctrl Pts',(7.29048347373709,7.48491436032013,-1.44103758635538E-5));
#2817=CARTESIAN_POINT('Ctrl Pts',(7.20193842372396,7.48709107063614,-3.22547781339555E-6));
#2818=CARTESIAN_POINT('Ctrl Pts',(7.18191457077053,7.48758331867579,-6.96090187297373E-7));
#2819=CARTESIAN_POINT('Ctrl Pts',(7.16188050491366,7.48783036257503,7.4800422803993E-7));
#2820=CARTESIAN_POINT('Ctrl Pts',(7.1418400496719,7.48783050603426,8.85244442028199E-7));
#2821=CARTESIAN_POINT('',(-7.1418373472352,7.48782902206721,-2.8796409701215E-15));
#2822=CARTESIAN_POINT('',(0.,7.48782902206721,-3.51454976232901E-14));
#2823=CARTESIAN_POINT('Ctrl Pts',(-7.1418425779851,7.48783160926984,1.81344573099707E-6));
#2824=CARTESIAN_POINT('Ctrl Pts',(-7.23045670508998,7.48783034090598,5.96266063615209E-7));
#2825=CARTESIAN_POINT('Ctrl Pts',(-7.31894717899421,7.48300593324118,-2.58816835737623E-5));
#2826=CARTESIAN_POINT('Ctrl Pts',(-7.40698054078178,7.47348478230432,-5.81969566165186E-5));
#2827=CARTESIAN_POINT('Ctrl Pts',(-7.42689221044845,7.4713312576808,-6.55061292864026E-5));
#2828=CARTESIAN_POINT('Ctrl Pts',(-7.44678045526899,7.46893724567052,-7.31107514721959E-5));
#2829=CARTESIAN_POINT('Ctrl Pts',(-7.4666413299554,7.46630385116309,-8.07840347283872E-5));
#2830=CARTESIAN_POINT('Origin',(-0.367777748,-0.835446898000003,0.1));
#2831=CARTESIAN_POINT('',(-2.050555496,-0.735446898000003,0.2));
#2832=CARTESIAN_POINT('',(-0.735555496,-0.735446898000003,0.2));
#2833=CARTESIAN_POINT('',(-0.367777748,-0.735446898000003,0.2));
#2834=CARTESIAN_POINT('',(-0.935555496,-0.935446898000003,0.));
#2835=CARTESIAN_POINT('',(-0.735555496,-0.735446898000003,0.2));
#2836=CARTESIAN_POINT('',(-2.250555496,-0.935446898000003,0.));
#2837=CARTESIAN_POINT('',(-0.367777748,-0.935446898000003,0.));
#2838=CARTESIAN_POINT('',(-2.050555496,-0.735446898000003,0.2));
#2839=CARTESIAN_POINT('Origin',(-0.835555496,-1.025223449,0.1));
#2840=CARTESIAN_POINT('',(-0.735555496,-2.05044689799999,0.2));
#2841=CARTESIAN_POINT('',(-0.735555496,-1.025223449,0.2));
#2842=CARTESIAN_POINT('',(-0.935555496,-2.25044689799999,0.));
#2843=CARTESIAN_POINT('',(-0.735555496,-2.05044689799999,0.2));
#2844=CARTESIAN_POINT('',(-0.935555496,-1.025223449,0.));
#2845=CARTESIAN_POINT('Origin',(0.367222251999999,-2.15044689799999,0.1));
#2846=CARTESIAN_POINT('',(0.734444503999998,-2.05044689799999,0.2));
#2847=CARTESIAN_POINT('',(0.367222251999999,-2.05044689799999,0.2));
#2848=CARTESIAN_POINT('',(0.934444503999998,-2.25044689799999,0.));
#2849=CARTESIAN_POINT('',(0.734444503999998,-2.05044689799999,0.2));
#2850=CARTESIAN_POINT('',(0.367222251999999,-2.25044689799999,0.));
#2851=CARTESIAN_POINT('Origin',(0.834444503999998,1.024776551,0.1));
#2852=CARTESIAN_POINT('',(0.934444503999998,2.24955310200001,0.));
#2853=CARTESIAN_POINT('',(0.934444503999998,0.934553102000017,0.));
#2854=CARTESIAN_POINT('',(0.934444503999998,1.024776551,0.));
#2855=CARTESIAN_POINT('',(0.734444503999998,0.734553102000017,0.2));
#2856=CARTESIAN_POINT('',(0.934444503999998,0.934553102000017,0.));
#2857=CARTESIAN_POINT('',(0.734444503999998,2.04955310200001,0.2));
#2858=CARTESIAN_POINT('',(0.734444503999998,1.024776551,0.2));
#2859=CARTESIAN_POINT('',(0.734444503999998,2.04955310200001,0.2));
#2860=CARTESIAN_POINT('Origin',(0.834444503999998,-0.367723449000001,0.1));
#2861=CARTESIAN_POINT('',(0.734444503999998,-0.735446898000003,0.2));
#2862=CARTESIAN_POINT('',(0.734444503999998,-0.367723449000001,0.2));
#2863=CARTESIAN_POINT('',(0.934444503999998,-0.935446898000003,0.));
#2864=CARTESIAN_POINT('',(0.734444503999998,-0.735446898000003,0.2));
#2865=CARTESIAN_POINT('',(0.934444503999998,-0.367723449000001,0.));
#2866=CARTESIAN_POINT('Origin',(1.024722252,-0.835446898000003,0.1));
#2867=CARTESIAN_POINT('',(2.049444504,-0.735446898000003,0.2));
#2868=CARTESIAN_POINT('',(1.024722252,-0.735446898000003,0.2));
#2869=CARTESIAN_POINT('',(2.249444504,-0.935446898000003,0.));
#2870=CARTESIAN_POINT('',(2.049444504,-0.735446898000003,0.2));
#2871=CARTESIAN_POINT('',(1.024722252,-0.935446898000003,0.));
#2872=CARTESIAN_POINT('Origin',(2.149444504,0.367276551000009,0.1));
#2873=CARTESIAN_POINT('',(2.249444504,0.934553102000017,0.));
#2874=CARTESIAN_POINT('',(2.249444504,0.367276551000009,0.));
#2875=CARTESIAN_POINT('',(2.049444504,0.734553102000017,0.2));
#2876=CARTESIAN_POINT('',(2.049444504,0.367276551000009,0.2));
#2877=CARTESIAN_POINT('',(2.049444504,0.734553102000017,0.2));
#2878=CARTESIAN_POINT('Origin',(0.367222251999999,0.834553102000017,0.1));
#2879=CARTESIAN_POINT('',(0.367222251999999,0.934553102000017,0.));
#2880=CARTESIAN_POINT('',(0.367222251999999,0.734553102000017,0.2));
#2881=CARTESIAN_POINT('Origin',(-0.367777748,2.14955310200001,0.1));
#2882=CARTESIAN_POINT('',(-0.935555496,2.24955310200001,0.));
#2883=CARTESIAN_POINT('',(-0.367777748,2.24955310200001,0.));
#2884=CARTESIAN_POINT('',(-0.735555496,2.04955310200001,0.2));
#2885=CARTESIAN_POINT('',(-0.367777748,2.04955310200001,0.2));
#2886=CARTESIAN_POINT('',(-0.735555496,2.04955310200001,0.2));
#2887=CARTESIAN_POINT('Origin',(-0.835555496,0.367276551000009,0.1));
#2888=CARTESIAN_POINT('',(-0.935555496,0.934553102000017,0.));
#2889=CARTESIAN_POINT('',(-0.935555496,0.367276551000009,0.));
#2890=CARTESIAN_POINT('',(-0.735555496,0.734553102000017,0.2));
#2891=CARTESIAN_POINT('',(-0.735555496,0.367276551000009,0.2));
#2892=CARTESIAN_POINT('',(-0.735555496,0.734553102000017,0.2));
#2893=CARTESIAN_POINT('Origin',(-1.025277748,0.834553102000017,0.1));
#2894=CARTESIAN_POINT('',(-2.250555496,0.934553102000017,0.));
#2895=CARTESIAN_POINT('',(-1.025277748,0.934553102000017,0.));
#2896=CARTESIAN_POINT('',(-2.050555496,0.734553102000017,0.2));
#2897=CARTESIAN_POINT('',(-1.025277748,0.734553102000017,0.2));
#2898=CARTESIAN_POINT('',(-2.050555496,0.734553102000017,0.2));
#2899=CARTESIAN_POINT('Origin',(-2.150555496,-0.367723449000001,0.1));
#2900=CARTESIAN_POINT('',(-2.250555496,-0.367723449000001,0.));
#2901=CARTESIAN_POINT('',(-2.050555496,-0.367723449000001,0.2));
#2902=CARTESIAN_POINT('Origin',(-0.735555496,-0.735446898000003,0.));
#2903=CARTESIAN_POINT('',(-2.050555496,-0.735446898000003,6.5));
#2904=CARTESIAN_POINT('',(-2.050555496,-0.735446898000003,0.));
#2905=CARTESIAN_POINT('',(-0.735555496,-0.735446898000003,6.5));
#2906=CARTESIAN_POINT('',(-0.368055496000002,-0.735446898000003,6.5));
#2907=CARTESIAN_POINT('',(-0.735555496,-0.735446898000003,0.));
#2908=CARTESIAN_POINT('Origin',(-2.050555496,-0.735446898000003,0.));
#2909=CARTESIAN_POINT('',(-2.050555496,0.734553102000017,6.5));
#2910=CARTESIAN_POINT('',(-2.050555496,0.734553102000017,0.));
#2911=CARTESIAN_POINT('',(-2.050555496,-0.367946897999998,6.5));
#2912=CARTESIAN_POINT('Origin',(-2.050555496,0.734553102000017,0.));
#2913=CARTESIAN_POINT('',(-0.735555496,0.734553102000017,6.5));
#2914=CARTESIAN_POINT('',(-0.735555496,0.734553102000017,0.));
#2915=CARTESIAN_POINT('',(-1.025555496,0.734553102000017,6.5));
#2916=CARTESIAN_POINT('Origin',(-0.735555496,0.734553102000017,0.));
#2917=CARTESIAN_POINT('',(-0.735555496,2.04955310200001,6.5));
#2918=CARTESIAN_POINT('',(-0.735555496,2.04955310200001,0.));
#2919=CARTESIAN_POINT('',(-0.735555496,0.367053102000012,6.5));
#2920=CARTESIAN_POINT('Origin',(-0.735555496,2.04955310200001,0.));
#2921=CARTESIAN_POINT('',(0.734444503999998,2.04955310200001,6.5));
#2922=CARTESIAN_POINT('',(0.734444503999998,2.04955310200001,0.));
#2923=CARTESIAN_POINT('',(-0.368055496000002,2.04955310200001,6.5));
#2924=CARTESIAN_POINT('Origin',(0.734444503999998,2.04955310200001,0.));
#2925=CARTESIAN_POINT('',(0.734444503999998,0.734553102000017,6.5));
#2926=CARTESIAN_POINT('',(0.734444503999998,0.734553102000017,0.));
#2927=CARTESIAN_POINT('',(0.734444503999998,1.02455310200001,6.5));
#2928=CARTESIAN_POINT('Origin',(0.,0.,0.));
#2929=CARTESIAN_POINT('',(-2.8,3.42901103761259E-16,0.));
#2930=CARTESIAN_POINT('Origin',(0.,0.,0.));
#2931=CARTESIAN_POINT('Origin',(-0.000555496000003153,-0.000446897999992757,
6.5));
#2932=CARTESIAN_POINT('',(2.049444504,0.734553102000017,6.5));
#2933=CARTESIAN_POINT('',(0.366944503999997,0.734553102000017,6.5));
#2934=CARTESIAN_POINT('',(2.049444504,-0.735446898000003,6.5));
#2935=CARTESIAN_POINT('',(2.049444504,0.367053102000012,6.5));
#2936=CARTESIAN_POINT('',(0.734444503999998,-0.735446898000003,6.5));
#2937=CARTESIAN_POINT('',(1.024444504,-0.735446898000003,6.5));
#2938=CARTESIAN_POINT('',(0.734444503999998,-2.05044689799999,6.5));
#2939=CARTESIAN_POINT('',(0.734444503999998,-0.367946897999998,6.5));
#2940=CARTESIAN_POINT('',(-0.735555496,-2.05044689799999,6.5));
#2941=CARTESIAN_POINT('',(0.366944503999997,-2.05044689799999,6.5));
#2942=CARTESIAN_POINT('',(-0.735555496,-1.02544689799999,6.5));
#2943=CARTESIAN_POINT('Origin',(-0.735555496,-2.05044689799999,0.));
#2944=CARTESIAN_POINT('',(-0.735555496,-2.05044689799999,0.));
#2945=CARTESIAN_POINT('Origin',(0.734444503999998,-2.05044689799999,0.));
#2946=CARTESIAN_POINT('',(0.734444503999998,-2.05044689799999,0.));
#2947=CARTESIAN_POINT('Origin',(0.734444503999998,-0.735446898000003,0.));
#2948=CARTESIAN_POINT('',(0.734444503999998,-0.735446898000003,0.));
#2949=CARTESIAN_POINT('Origin',(2.049444504,-0.735446898000003,0.));
#2950=CARTESIAN_POINT('',(2.049444504,-0.735446898000003,0.));
#2951=CARTESIAN_POINT('Origin',(2.049444504,0.734553102000017,0.));
#2952=CARTESIAN_POINT('',(2.049444504,0.734553102000017,0.));
#2953=CARTESIAN_POINT('Origin',(0.734444503999998,0.734553102000017,0.));
#2954=CARTESIAN_POINT('Origin',(8.88178419700125E-15,1.11022302462516E-15,
6.5));
#2955=CARTESIAN_POINT('',(-6.42238519294049,6.42238519294065,6.50000000000001));
#2956=CARTESIAN_POINT('',(-6.90877343749429,4.66696409700895,6.49999996553087));
#2957=CARTESIAN_POINT('Ctrl Pts',(-6.42238519294049,6.42238519294065,6.50000000000001));
#2958=CARTESIAN_POINT('Ctrl Pts',(-6.42367628903095,6.42042222458002,6.50000000000001));
#2959=CARTESIAN_POINT('Ctrl Pts',(-6.42496481641412,6.41845742841225,6.50000000000228));
#2960=CARTESIAN_POINT('Ctrl Pts',(-6.53785166053591,6.24581942873437,6.50000000000228));
#2961=CARTESIAN_POINT('Ctrl Pts',(-6.62920095342748,6.06285160850619,6.5));
#2962=CARTESIAN_POINT('Ctrl Pts',(-6.80447905586834,5.5970703995746,6.5));
#2963=CARTESIAN_POINT('Ctrl Pts',(-6.90877342118898,5.20344313949042,6.5));
#2964=CARTESIAN_POINT('Ctrl Pts',(-6.90877342808648,4.66696409700895,6.5));
#2965=CARTESIAN_POINT('',(-4.66696404477554,6.90877342808689,6.49999999999872));
#2966=CARTESIAN_POINT('Ctrl Pts',(-4.66696404477362,6.90877342808654,6.5));
#2967=CARTESIAN_POINT('Ctrl Pts',(-4.91932550636944,6.90877342808654,6.5));
#2968=CARTESIAN_POINT('Ctrl Pts',(-5.17019116599737,6.88526023325923,6.49999999996242));
#2969=CARTESIAN_POINT('Ctrl Pts',(-5.65293450693367,6.78340354707268,6.49999999996242));
#2970=CARTESIAN_POINT('Ctrl Pts',(-5.88283834815947,6.7077579684237,6.49999999999789));
#2971=CARTESIAN_POINT('Ctrl Pts',(-6.2120542671913,6.55039986368961,6.49999999999789));
#2972=CARTESIAN_POINT('Ctrl Pts',(-6.31968961512803,6.48993078444371,6.49999999999999));
#2973=CARTESIAN_POINT('Ctrl Pts',(-6.42238519294049,6.42238519294066,6.49999999999999));
#2974=CARTESIAN_POINT('',(4.6669640447755,6.90877342808689,6.49999999999873));
#2975=CARTESIAN_POINT('Ctrl Pts',(4.6669640447755,6.90877342808689,6.49999999999873));
#2976=CARTESIAN_POINT('Ctrl Pts',(3.11130936318365,6.90877342808689,6.49999999999873));
#2977=CARTESIAN_POINT('Ctrl Pts',(1.55565468159181,6.90877342808655,6.49999999999999));
#2978=CARTESIAN_POINT('Ctrl Pts',(-1.55565468159187,6.90877342808655,6.49999999999999));
#2979=CARTESIAN_POINT('Ctrl Pts',(-3.1113093631837,6.90877342808689,6.49999999999872));
#2980=CARTESIAN_POINT('Ctrl Pts',(-4.66696404477554,6.90877342808689,6.49999999999872));
#2981=CARTESIAN_POINT('',(6.42238519294049,6.42238519294062,6.5));
#2982=CARTESIAN_POINT('Ctrl Pts',(6.42238519294049,6.42238519294062,6.50000000000001));
#2983=CARTESIAN_POINT('Ctrl Pts',(6.42042544651354,6.42367416988026,6.50000000000001));
#2984=CARTESIAN_POINT('Ctrl Pts',(6.41846387827404,6.42496058653875,6.50000000000177));
#2985=CARTESIAN_POINT('Ctrl Pts',(6.24583330810449,6.53784365608785,6.50000000000177));
#2986=CARTESIAN_POINT('Ctrl Pts',(6.06287008832312,6.62919217455706,6.50000000000001));
#2987=CARTESIAN_POINT('Ctrl Pts',(5.59709542379023,6.80447226399382,6.50000000000001));
#2988=CARTESIAN_POINT('Ctrl Pts',(5.20346060465571,6.90877342808654,6.5));
#2989=CARTESIAN_POINT('Ctrl Pts',(4.66696404477356,6.90877342808654,6.5));
#2990=CARTESIAN_POINT('',(6.90877343752132,4.66696409715896,6.49999996543184));
#2991=CARTESIAN_POINT('Ctrl Pts',(6.90877342808648,4.66696409715896,6.5));
#2992=CARTESIAN_POINT('Ctrl Pts',(6.90877342483258,4.91932366086434,6.5));
#2993=CARTESIAN_POINT('Ctrl Pts',(6.88526058692094,5.17018740317804,6.49999999995952));
#2994=CARTESIAN_POINT('Ctrl Pts',(6.78340490139578,5.65293008956022,6.49999999995952));
#2995=CARTESIAN_POINT('Ctrl Pts',(6.70775931638867,5.88283502185544,6.49999999999738));
#2996=CARTESIAN_POINT('Ctrl Pts',(6.55040069556221,6.21205278629002,6.49999999999738));
#2997=CARTESIAN_POINT('Ctrl Pts',(6.48993124924097,6.31968890845525,6.49999999999999));
#2998=CARTESIAN_POINT('Ctrl Pts',(6.42238519294049,6.42238519294063,6.49999999999999));
#2999=CARTESIAN_POINT('',(6.9087734374943,-4.66696409700895,6.49999996553087));
#3000=CARTESIAN_POINT('Ctrl Pts',(6.9087734374943,-4.66696409700895,6.49999996553087));
#3001=CARTESIAN_POINT('Ctrl Pts',(6.9087734374943,-3.11130939800597,6.49999996553087));
#3002=CARTESIAN_POINT('Ctrl Pts',(6.90877342808648,-1.555654699003,6.5));
#3003=CARTESIAN_POINT('Ctrl Pts',(6.90877342808648,1.55565469905298,6.5));
#3004=CARTESIAN_POINT('Ctrl Pts',(6.90877343752132,3.11130939810597,6.49999996543184));
#3005=CARTESIAN_POINT('Ctrl Pts',(6.90877343752132,4.66696409715896,6.49999996543184));
#3006=CARTESIAN_POINT('',(6.42238519294053,-6.42238519294064,6.49999999999998));
#3007=CARTESIAN_POINT('Ctrl Pts',(6.42238519294052,-6.42238519294064,6.5));
#3008=CARTESIAN_POINT('Ctrl Pts',(6.42367628903096,-6.42042222458001,6.5));
#3009=CARTESIAN_POINT('Ctrl Pts',(6.42496481641414,-6.41845742841226,6.50000000000225));
#3010=CARTESIAN_POINT('Ctrl Pts',(6.53785166053592,-6.24581942873438,6.50000000000225));
#3011=CARTESIAN_POINT('Ctrl Pts',(6.62920095342749,-6.06285160850617,6.49999999999998));
#3012=CARTESIAN_POINT('Ctrl Pts',(6.80447905586773,-5.59707039957624,6.49999999999998));
#3013=CARTESIAN_POINT('Ctrl Pts',(6.90877342118898,-5.20344313949227,6.5));
#3014=CARTESIAN_POINT('Ctrl Pts',(6.90877342808648,-4.66696409700895,6.5));
#3015=CARTESIAN_POINT('',(4.66696404477554,-6.90877342808689,6.49999999999872));
#3016=CARTESIAN_POINT('Ctrl Pts',(4.66696404477363,-6.90877342808654,6.5));
#3017=CARTESIAN_POINT('Ctrl Pts',(4.91932550636944,-6.90877342808654,6.5));
#3018=CARTESIAN_POINT('Ctrl Pts',(5.17019116599738,-6.88526023325922,6.49999999996245));
#3019=CARTESIAN_POINT('Ctrl Pts',(5.65293450693355,-6.78340354707269,6.49999999996245));
#3020=CARTESIAN_POINT('Ctrl Pts',(5.88283834815946,-6.70775796842372,6.49999999999787));
#3021=CARTESIAN_POINT('Ctrl Pts',(6.21205426719137,-6.55039986368958,6.49999999999787));
#3022=CARTESIAN_POINT('Ctrl Pts',(6.31968961512808,-6.48993078444367,6.5));
#3023=CARTESIAN_POINT('Ctrl Pts',(6.42238519294053,-6.42238519294063,6.5));
#3024=CARTESIAN_POINT('',(-4.66696409700908,-6.90877343749436,6.49999996553087));
#3025=CARTESIAN_POINT('Ctrl Pts',(-4.66696409700908,-6.90877343749436,6.49999996553087));
#3026=CARTESIAN_POINT('Ctrl Pts',(-3.11130939800606,-6.90877343749436,6.49999996553087));
#3027=CARTESIAN_POINT('Ctrl Pts',(-1.55565469900305,-6.90877342808654,6.49999999999999));
#3028=CARTESIAN_POINT('Ctrl Pts',(1.55565468159183,-6.90877342808654,6.49999999999999));
#3029=CARTESIAN_POINT('Ctrl Pts',(3.11130936318368,-6.90877342808689,6.49999999999872));
#3030=CARTESIAN_POINT('Ctrl Pts',(4.66696404477554,-6.90877342808689,6.49999999999872));
#3031=CARTESIAN_POINT('',(-6.42238519294054,-6.42238519294066,6.49999999999999));
#3032=CARTESIAN_POINT('Ctrl Pts',(-6.42238519294053,-6.42238519294066,6.50000000000001));
#3033=CARTESIAN_POINT('Ctrl Pts',(-6.42042222457992,-6.4236762890311,6.50000000000001));
#3034=CARTESIAN_POINT('Ctrl Pts',(-6.41845742841218,-6.42496481641426,6.50000000000227));
#3035=CARTESIAN_POINT('Ctrl Pts',(-6.24581942873432,-6.53785166053604,6.50000000000227));
#3036=CARTESIAN_POINT('Ctrl Pts',(-6.06285160850609,-6.6292009534276,6.5));
#3037=CARTESIAN_POINT('Ctrl Pts',(-5.59707039957456,-6.80447905586844,6.5));
#3038=CARTESIAN_POINT('Ctrl Pts',(-5.20344313949044,-6.90877342118904,6.5));
#3039=CARTESIAN_POINT('Ctrl Pts',(-4.66696409700908,-6.90877342808654,6.5));
#3040=CARTESIAN_POINT('',(-6.90877342808682,-4.66696404477554,6.49999999999874));
#3041=CARTESIAN_POINT('Ctrl Pts',(-6.90877342808648,-4.66696404477361,6.5));
#3042=CARTESIAN_POINT('Ctrl Pts',(-6.90877342808648,-4.91932550636919,6.5));
#3043=CARTESIAN_POINT('Ctrl Pts',(-6.88526023325918,-5.1701911659974,6.49999999996244));
#3044=CARTESIAN_POINT('Ctrl Pts',(-6.78340354707256,-5.6529345069339,6.49999999996244));
#3045=CARTESIAN_POINT('Ctrl Pts',(-6.70775796842354,-5.8828383481598,6.49999999999789));
#3046=CARTESIAN_POINT('Ctrl Pts',(-6.5503998636894,-6.21205426719163,6.49999999999789));
#3047=CARTESIAN_POINT('Ctrl Pts',(-6.48993078444354,-6.31968961512827,6.5));
#3048=CARTESIAN_POINT('Ctrl Pts',(-6.42238519294053,-6.42238519294066,6.5));
#3049=CARTESIAN_POINT('Ctrl Pts',(-6.90877343749429,4.66696409700895,6.49999996553087));
#3050=CARTESIAN_POINT('Ctrl Pts',(-6.90877343749429,3.11130939800596,6.49999996553087));
#3051=CARTESIAN_POINT('Ctrl Pts',(-6.90877342808648,1.55565469900297,6.49999999999999));
#3052=CARTESIAN_POINT('Ctrl Pts',(-6.90877342808648,-1.55565468159186,6.49999999999999));
#3053=CARTESIAN_POINT('Ctrl Pts',(-6.90877342808682,-3.1113093631837,6.49999999999874));
#3054=CARTESIAN_POINT('Ctrl Pts',(-6.90877342808682,-4.66696404477554,6.49999999999874));
#3055=CARTESIAN_POINT('',(-2.8,3.42901103761259E-16,6.5));
#3056=CARTESIAN_POINT('Origin',(0.,0.,6.5));
#3057=CARTESIAN_POINT('Ctrl Pts',(6.30321891380185,-5.78845119419706,7.38254069028379));
#3058=CARTESIAN_POINT('Ctrl Pts',(6.4184533020955,-6.35670537166917,6.68373155951918));
#3059=CARTESIAN_POINT('Ctrl Pts',(6.51304189205998,-6.97622776245182,5.61554861729904));
#3060=CARTESIAN_POINT('Ctrl Pts',(6.64808305683983,-8.05294504821802,3.19853802881393));
#3061=CARTESIAN_POINT('Ctrl Pts',(6.74395425329956,-8.51571278946717,1.49996907719692));
#3062=CARTESIAN_POINT('Ctrl Pts',(6.92271762267437,-8.69774133489599,0.0916849807823672));
#3063=CARTESIAN_POINT('Ctrl Pts',(6.64736265197677,-5.46552212131118,7.1515844232409));
#3064=CARTESIAN_POINT('Ctrl Pts',(6.75498913115544,-5.9968793687439,6.48402634677799));
#3065=CARTESIAN_POINT('Ctrl Pts',(6.8575915046444,-6.58931444058601,5.44623579607424));
#3066=CARTESIAN_POINT('Ctrl Pts',(7.01018080668608,-7.63024363549026,3.08685493254597));
#3067=CARTESIAN_POINT('Ctrl Pts',(7.10967344622941,-8.08383577116293,1.4369064761479));
#3068=CARTESIAN_POINT('Ctrl Pts',(7.27907902224202,-8.26203577283117,0.0798919273750005));
#3069=CARTESIAN_POINT('Ctrl Pts',(6.86267710689533,-5.06675969327868,6.83778315872936));
#3070=CARTESIAN_POINT('Ctrl Pts',(6.95753163626792,-5.55114301994345,6.21323155655313));
#3071=CARTESIAN_POINT('Ctrl Pts',(7.0593712696224,-6.10379348574026,5.21546278814646));
#3072=CARTESIAN_POINT('Ctrl Pts',(7.21822751692317,-7.0890789147956,2.92889218194498));
#3073=CARTESIAN_POINT('Ctrl Pts',(7.32215265490442,-7.530143336452,1.33211527350718));
#3074=CARTESIAN_POINT('Ctrl Pts',(7.48361927284679,-7.70557214865217,0.0332209171107004));
#3075=CARTESIAN_POINT('Ctrl Pts',(6.90877343175847,-4.66696406516167,6.49999997309255));
#3076=CARTESIAN_POINT('Ctrl Pts',(6.98752125330447,-5.10419900107278,5.92295418684522));
#3077=CARTESIAN_POINT('Ctrl Pts',(7.07795781649401,-5.61682908418922,4.96969773273321));
#3078=CARTESIAN_POINT('Ctrl Pts',(7.22738519483096,-6.54597956473283,2.75901836905971));
#3079=CARTESIAN_POINT('Ctrl Pts',(7.33541173268071,-6.97450300807213,1.20815796042836));
#3080=CARTESIAN_POINT('Ctrl Pts',(7.49264843471019,-7.14721147948117,-0.0383590897603136));
#3081=CARTESIAN_POINT('Ctrl Pts',(7.48783170307524,-7.14184263360973,1.08241200084958E-6));
#3082=CARTESIAN_POINT('Ctrl Pts',(7.33363872455689,-6.96745359422706,1.23361492988906));
#3083=CARTESIAN_POINT('Ctrl Pts',(7.22650925608095,-6.54053291285715,2.77197730429659));
#3084=CARTESIAN_POINT('Ctrl Pts',(7.07795781699686,-5.61682908731598,4.96969772529387));
#3085=CARTESIAN_POINT('Ctrl Pts',(6.9875212547247,-5.10419900912322,5.9229541718751));
#3086=CARTESIAN_POINT('Ctrl Pts',(6.90877343454098,-4.66696408061111,6.49999995270297));
#3087=CARTESIAN_POINT('Ctrl Pts',(6.42238519294053,-6.42238519294063,6.49999999999998));
#3088=CARTESIAN_POINT('Ctrl Pts',(6.44145510526025,-6.44145510526035,6.44031800823589));
#3089=CARTESIAN_POINT('Ctrl Pts',(6.46004382072878,-6.46004382072892,6.38033016059218));
#3090=CARTESIAN_POINT('Ctrl Pts',(6.69024340946388,-6.69024340946407,5.61511060383131));
#3091=CARTESIAN_POINT('Ctrl Pts',(6.84182773018824,-6.84182773018834,4.86489194724357));
#3092=CARTESIAN_POINT('Ctrl Pts',(7.09997796679778,-7.09997796679799,3.23175910135157));
#3093=CARTESIAN_POINT('Ctrl Pts',(7.19693487727432,-7.19693487725989,2.3278592752766));
#3094=CARTESIAN_POINT('Ctrl Pts',(7.35302079568231,-7.35302079566902,0.939575506376395));
#3095=CARTESIAN_POINT('Ctrl Pts',(7.39673436430179,-7.39673436430196,0.560432324917866));
#3096=CARTESIAN_POINT('Ctrl Pts',(7.45630399197562,-7.45630399197568,0.083079963375044));
#3097=CARTESIAN_POINT('Ctrl Pts',(7.46167322484942,-7.46167322484947,0.0404158571672236));
#3098=CARTESIAN_POINT('Ctrl Pts',(7.46679038437109,-7.46679038437113,-3.33032212918027E-13));
#3099=CARTESIAN_POINT('Ctrl Pts',(6.39025727847224,-7.1677495070376,8.92480356732875));
#3100=CARTESIAN_POINT('Ctrl Pts',(6.39025727847224,7.16774950703756,8.92480356732875));
#3101=CARTESIAN_POINT('Ctrl Pts',(6.47607039231535,-7.1677495070376,8.64498084545122));
#3102=CARTESIAN_POINT('Ctrl Pts',(6.47607039231535,7.16774950703756,8.64498084545122));
#3103=CARTESIAN_POINT('Ctrl Pts',(6.55195777790074,-7.1677495070376,8.36449215267991));
#3104=CARTESIAN_POINT('Ctrl Pts',(6.55195777790074,7.16774950703756,8.36449215267991));
#3105=CARTESIAN_POINT('Ctrl Pts',(6.61909292235725,-7.1677495070376,8.08161954859838));
#3106=CARTESIAN_POINT('Ctrl Pts',(6.61909292235725,7.16774950703756,8.08161954859838));
#3107=CARTESIAN_POINT('Ctrl Pts',(7.05927097472656,-7.1677495070376,6.22693802610753));
#3108=CARTESIAN_POINT('Ctrl Pts',(7.05927097472656,7.16774950703756,6.22693802610753));
#3109=CARTESIAN_POINT('Ctrl Pts',(7.10981459269621,-7.1677495070376,4.2179999486184));
#3110=CARTESIAN_POINT('Ctrl Pts',(7.10981459269621,7.16774950703756,4.2179999486184));
#3111=CARTESIAN_POINT('Ctrl Pts',(7.28009207926906,-7.1677495070376,2.07019468587031));
#3112=CARTESIAN_POINT('Ctrl Pts',(7.28009207926906,7.16774950703756,2.07019468587031));
#3113=CARTESIAN_POINT('Ctrl Pts',(7.3391703843694,-7.1677495070376,1.32500695047069));
#3114=CARTESIAN_POINT('Ctrl Pts',(7.3391703843694,7.16774950703756,1.32500695047069));
#3115=CARTESIAN_POINT('Ctrl Pts',(7.41357148874069,-7.1677495070376,0.566525165497562));
#3116=CARTESIAN_POINT('Ctrl Pts',(7.41357148874069,7.16774950703756,0.566525165497562));
#3117=CARTESIAN_POINT('Ctrl Pts',(7.51255622063509,-7.1677495070376,-0.193677575440837));
#3118=CARTESIAN_POINT('Ctrl Pts',(7.51255622063509,7.16774950703756,-0.193677575440837));
#3119=CARTESIAN_POINT('Ctrl Pts',(6.90877343455952,4.66696408071403,6.4999999525671));
#3120=CARTESIAN_POINT('Ctrl Pts',(6.98750702720186,5.10412001310599,5.92305842769288));
#3121=CARTESIAN_POINT('Ctrl Pts',(7.10653958432079,5.78533420594361,4.65135510032383));
#3122=CARTESIAN_POINT('Ctrl Pts',(7.24040517371751,6.62946227978901,2.45999700553876));
#3123=CARTESIAN_POINT('Ctrl Pts',(7.37253427369953,7.01137739709063,0.921960724938181));
#3124=CARTESIAN_POINT('Ctrl Pts',(7.48783055809959,7.14183998151125,5.64854409683402E-7));
#3125=CARTESIAN_POINT('Ctrl Pts',(6.92271762267434,8.69774133489598,0.0916849807823292));
#3126=CARTESIAN_POINT('Ctrl Pts',(6.7886480376039,8.56122292152097,1.14787487655306));
#3127=CARTESIAN_POINT('Ctrl Pts',(6.65590216838015,8.14602853462536,2.86371757151114));
#3128=CARTESIAN_POINT('Ctrl Pts',(6.54281227193397,7.17923578030463,5.26092796742185));
#3129=CARTESIAN_POINT('Ctrl Pts',(6.41843248249103,6.35660270417193,6.68385781459221));
#3130=CARTESIAN_POINT('Ctrl Pts',(6.30321891381726,5.78845119427317,7.38254069019017));
#3131=CARTESIAN_POINT('Ctrl Pts',(7.27907902224201,8.26203577283115,0.0798919273749604));
#3132=CARTESIAN_POINT('Ctrl Pts',(7.1520276281893,8.12838870426913,1.09763050617229));
#3133=CARTESIAN_POINT('Ctrl Pts',(7.02014239398989,7.72240969943016,2.75966198054444));
#3134=CARTESIAN_POINT('Ctrl Pts',(6.8900377607998,6.7836705148963,5.10099139197616));
#3135=CARTESIAN_POINT('Ctrl Pts',(6.75496968608669,5.99678336748172,6.48414695566725));
#3136=CARTESIAN_POINT('Ctrl Pts',(6.64736265199116,5.46552212138235,7.15158442315149));
#3137=CARTESIAN_POINT('Ctrl Pts',(7.48361927284679,7.70557214865214,0.0332209171106572));
#3138=CARTESIAN_POINT('Ctrl Pts',(7.36252196669302,7.5740034265849,1.00737030812656));
#3139=CARTESIAN_POINT('Ctrl Pts',(7.23039065594731,7.17939832765386,2.60995435688154));
#3140=CARTESIAN_POINT('Ctrl Pts',(7.09162748657102,6.28526951213676,4.88286277205183));
#3141=CARTESIAN_POINT('Ctrl Pts',(6.95751449873105,5.5510555055441,6.21334439538568));
#3142=CARTESIAN_POINT('Ctrl Pts',(6.86267710690802,5.06675969334355,6.8377831586457));
#3143=CARTESIAN_POINT('Ctrl Pts',(7.4926484347102,7.14721147948112,-0.03835908976036));
#3144=CARTESIAN_POINT('Ctrl Pts',(7.37472349587814,7.01768296823779,0.896508183588226));
#3145=CARTESIAN_POINT('Ctrl Pts',(7.2411945378952,6.63443984322321,2.44707524133993));
#3146=CARTESIAN_POINT('Ctrl Pts',(7.10653958386626,5.78533420307749,4.65135510776429));
#3147=CARTESIAN_POINT('Ctrl Pts',(6.98750702579559,5.10412000505805,5.92305844271693));
#3148=CARTESIAN_POINT('Ctrl Pts',(6.90877343176902,4.66696406522021,6.49999997301524));
#3149=CARTESIAN_POINT('Ctrl Pts',(7.46679038437108,7.46679038437112,-3.44654860207072E-13));
#3150=CARTESIAN_POINT('Ctrl Pts',(7.46167328677203,7.46167328677208,0.0404153680959306));
#3151=CARTESIAN_POINT('Ctrl Pts',(7.45630411761597,7.45630411761603,0.0830789648610451));
#3152=CARTESIAN_POINT('Ctrl Pts',(7.39673603666582,7.39673603666599,0.56041884876637));
#3153=CARTESIAN_POINT('Ctrl Pts',(7.35302289963038,7.35302289961715,0.939557291205304));
#3154=CARTESIAN_POINT('Ctrl Pts',(7.19689389845793,7.19689389844356,2.32822272058825));
#3155=CARTESIAN_POINT('Ctrl Pts',(7.09989762938429,7.09989762938453,3.2325119608536));
#3156=CARTESIAN_POINT('Ctrl Pts',(6.84165693166077,6.84165693166091,4.86576500038142));
#3157=CARTESIAN_POINT('Ctrl Pts',(6.69008349221973,6.69008349221991,5.61573369594161));
#3158=CARTESIAN_POINT('Ctrl Pts',(6.45996319053859,6.45996319053873,6.38059035434597));
#3159=CARTESIAN_POINT('Ctrl Pts',(6.44141374748779,6.44141374748792,6.44044744324283));
#3160=CARTESIAN_POINT('Ctrl Pts',(6.42238519294049,6.42238519294062,6.5));
#3161=CARTESIAN_POINT('Ctrl Pts',(5.78845116769958,6.30321890842857,7.3825407228689));
#3162=CARTESIAN_POINT('Ctrl Pts',(6.35703329901328,6.4185198019858,6.68332829894485));
#3163=CARTESIAN_POINT('Ctrl Pts',(7.17864927373407,6.54273392868921,5.2621461510806));
#3164=CARTESIAN_POINT('Ctrl Pts',(8.14658558472114,6.65600046946539,2.86265148652508));
#3165=CARTESIAN_POINT('Ctrl Pts',(8.561216966562,6.78864218946395,1.14792094775333));
#3166=CARTESIAN_POINT('Ctrl Pts',(8.69774133489584,6.92271762267438,0.0916849807827352));
#3167=CARTESIAN_POINT('Ctrl Pts',(5.46552209653637,6.64736264696041,7.15158445436623));
#3168=CARTESIAN_POINT('Ctrl Pts',(5.99718600337434,6.75505124027649,6.48364112050881));
#3169=CARTESIAN_POINT('Ctrl Pts',(6.78310519765368,6.8899501966269,5.10217948804538));
#3170=CARTESIAN_POINT('Ctrl Pts',(7.72294135387357,7.02024326147267,2.75862826246565));
#3171=CARTESIAN_POINT('Ctrl Pts',(8.12838287455877,7.15202208618412,1.09767490011887));
#3172=CARTESIAN_POINT('Ctrl Pts',(8.26203577283102,7.27907902224205,0.0798919273751985));
#3173=CARTESIAN_POINT('Ctrl Pts',(5.06675967069367,6.86267710247445,6.8377831878497));
#3174=CARTESIAN_POINT('Ctrl Pts',(5.55142254669297,6.95758637465984,6.21287114846895));
#3175=CARTESIAN_POINT('Ctrl Pts',(6.2847366780322,7.09153766156592,4.88401223931378));
#3176=CARTESIAN_POINT('Ctrl Pts',(7.17989447919813,7.23048821268665,2.60896246486496));
#3177=CARTESIAN_POINT('Ctrl Pts',(7.57399768753243,7.36251668440624,1.00741280070458));
#3178=CARTESIAN_POINT('Ctrl Pts',(7.70557214865203,7.48361927284685,0.0332209171107369));
#3179=CARTESIAN_POINT('Ctrl Pts',(4.66696404477356,6.90877342808653,6.50000000000001));
#3180=CARTESIAN_POINT('Ctrl Pts',(5.10445131925986,6.98756669674668,5.92262119343097));
#3181=CARTESIAN_POINT('Ctrl Pts',(5.7848341275991,7.10645669616862,4.65246335831054));
#3182=CARTESIAN_POINT('Ctrl Pts',(6.63490028434898,7.24128227409413,2.44612778185512));
#3183=CARTESIAN_POINT('Ctrl Pts',(7.01767731817973,7.3747183519706,0.896548962672904));
#3184=CARTESIAN_POINT('Ctrl Pts',(7.14721147948102,7.49264843471025,-0.0383590897603951));
#3185=CARTESIAN_POINT('Ctrl Pts',(7.14184009301983,7.48783054434475,5.78898269324585E-7));
#3186=CARTESIAN_POINT('Ctrl Pts',(7.0113795350196,7.37253071434357,0.921984581479085));
#3187=CARTESIAN_POINT('Ctrl Pts',(6.62991726010736,7.24049193663879,2.45906115601116));
#3188=CARTESIAN_POINT('Ctrl Pts',(5.7848341275991,7.10645669616862,4.65246335831054));
#3189=CARTESIAN_POINT('Ctrl Pts',(5.10445131925986,6.98756669674668,5.92262119343097));
#3190=CARTESIAN_POINT('Ctrl Pts',(4.66696404477356,6.90877342808653,6.50000000000001));
#3191=CARTESIAN_POINT('Ctrl Pts',(-7.16774950703967,6.39025727848437,8.92480356728918));
#3192=CARTESIAN_POINT('Ctrl Pts',(7.1677495070396,6.39025727848437,8.92480356728918));
#3193=CARTESIAN_POINT('Ctrl Pts',(-7.16774950703967,6.47607039232249,8.64498084542484));
#3194=CARTESIAN_POINT('Ctrl Pts',(7.1677495070396,6.47607039232249,8.64498084542484));
#3195=CARTESIAN_POINT('Ctrl Pts',(-7.16774950703967,6.55195777790388,8.36449215266668));
#3196=CARTESIAN_POINT('Ctrl Pts',(7.1677495070396,6.55195777790388,8.36449215266668));
#3197=CARTESIAN_POINT('Ctrl Pts',(-7.16774950703967,6.61909292235721,8.08161954859857));
#3198=CARTESIAN_POINT('Ctrl Pts',(7.1677495070396,6.61909292235721,8.08161954859857));
#3199=CARTESIAN_POINT('Ctrl Pts',(-7.16774950703967,7.05927097472556,6.22693802611207));
#3200=CARTESIAN_POINT('Ctrl Pts',(7.1677495070396,7.05927097472556,6.22693802611207));
#3201=CARTESIAN_POINT('Ctrl Pts',(-7.16774950703967,7.10981459269626,4.21799994862804));
#3202=CARTESIAN_POINT('Ctrl Pts',(7.1677495070396,7.10981459269626,4.21799994862804));
#3203=CARTESIAN_POINT('Ctrl Pts',(-7.16774950703967,7.28009207926813,2.07019468588561));
#3204=CARTESIAN_POINT('Ctrl Pts',(7.1677495070396,7.28009207926813,2.07019468588561));
#3205=CARTESIAN_POINT('Ctrl Pts',(-7.16774950703967,7.33917038436868,1.32500695048114));
#3206=CARTESIAN_POINT('Ctrl Pts',(7.1677495070396,7.33917038436868,1.32500695048114));
#3207=CARTESIAN_POINT('Ctrl Pts',(-7.16774950703967,7.41357148874019,0.566525165503019));
#3208=CARTESIAN_POINT('Ctrl Pts',(7.1677495070396,7.41357148874019,0.566525165503019));
#3209=CARTESIAN_POINT('Ctrl Pts',(-7.16774950703967,7.51255622063504,-0.193677575440431));
#3210=CARTESIAN_POINT('Ctrl Pts',(7.1677495070396,7.51255622063504,-0.193677575440431));
#3211=CARTESIAN_POINT('Ctrl Pts',(-4.66696404477361,6.90877342808655,6.5));
#3212=CARTESIAN_POINT('Ctrl Pts',(-5.10442612562155,6.98756215926816,5.92265444302181));
#3213=CARTESIAN_POINT('Ctrl Pts',(-5.61648763803104,7.07790099767778,4.9704333966301));
#3214=CARTESIAN_POINT('Ctrl Pts',(-6.54077132709371,7.22655386050085,2.77156948817792));
#3215=CARTESIAN_POINT('Ctrl Pts',(-6.9674545024632,7.33363664233689,1.23363036294702));
#3216=CARTESIAN_POINT('Ctrl Pts',(-7.14184268044793,7.48783169986806,1.08861951244633E-6));
#3217=CARTESIAN_POINT('Ctrl Pts',(-8.69774133489587,6.92271762267441,0.0916849807826805));
#3218=CARTESIAN_POINT('Ctrl Pts',(-8.51570944363766,6.74395096748741,1.49999496257616));
#3219=CARTESIAN_POINT('Ctrl Pts',(-8.05324586158823,6.64813836106827,3.19806221140973));
#3220=CARTESIAN_POINT('Ctrl Pts',(-6.97582534555725,6.5129872649676,5.61635916627283));
#3221=CARTESIAN_POINT('Ctrl Pts',(-6.35700055599783,6.41851316213781,6.6833685645845));
#3222=CARTESIAN_POINT('Ctrl Pts',(-5.78845116769962,6.30321890842861,7.38254072286886));
#3223=CARTESIAN_POINT('Ctrl Pts',(-8.26203577283106,7.27907902224207,0.0798919273751397));
#3224=CARTESIAN_POINT('Ctrl Pts',(-8.0838324957051,7.1096703324209,1.43693141915214));
#3225=CARTESIAN_POINT('Ctrl Pts',(-7.63052863806578,7.01023627296604,3.08639517101323));
#3226=CARTESIAN_POINT('Ctrl Pts',(-6.58892704675404,6.8575307102663,5.44702600463427));
#3227=CARTESIAN_POINT('Ctrl Pts',(-5.99715538637364,6.75504503879903,6.48367958545119));
#3228=CARTESIAN_POINT('Ctrl Pts',(-5.46552209653641,6.64736264696044,7.15158445436619));
#3229=CARTESIAN_POINT('Ctrl Pts',(-7.70557214865208,7.48361927284686,0.0332209171106755));
#3230=CARTESIAN_POINT('Ctrl Pts',(-7.53014011193087,7.32214968702022,1.33213914821616));
#3231=CARTESIAN_POINT('Ctrl Pts',(-7.08934234690013,7.21827961716822,2.92845400574993));
#3232=CARTESIAN_POINT('Ctrl Pts',(-6.1034289706971,7.05930924985324,5.21622671940539));
#3233=CARTESIAN_POINT('Ctrl Pts',(-5.55139463634695,6.95758090910686,6.21290713536242));
#3234=CARTESIAN_POINT('Ctrl Pts',(-5.06675967069372,6.86267710247447,6.83778318784967));
#3235=CARTESIAN_POINT('Ctrl Pts',(-7.14721147948108,7.49264843471026,-0.0383590897604572));
#3236=CARTESIAN_POINT('Ctrl Pts',(-6.97449983355305,7.3354088425457,1.20818087240088));
#3237=CARTESIAN_POINT('Ctrl Pts',(-6.54622131488408,7.227430383907,2.75860400842797));
#3238=CARTESIAN_POINT('Ctrl Pts',(-5.61648763803104,7.07790099767778,4.9704333966301));
#3239=CARTESIAN_POINT('Ctrl Pts',(-5.10442612562155,6.98756215926816,5.92265444302181));
#3240=CARTESIAN_POINT('Ctrl Pts',(-4.66696404477361,6.90877342808655,6.5));
#3241=CARTESIAN_POINT('Ctrl Pts',(-6.42238519294049,6.42238519294065,6.50000000000003));
#3242=CARTESIAN_POINT('Ctrl Pts',(-6.44145510526072,6.44145510526088,6.44031800823435));
#3243=CARTESIAN_POINT('Ctrl Pts',(-6.46004382072973,6.46004382072994,6.38033016058901));
#3244=CARTESIAN_POINT('Ctrl Pts',(-6.69024340946479,6.69024340946504,5.61511060382706));
#3245=CARTESIAN_POINT('Ctrl Pts',(-6.84182773018889,6.84182773018898,4.86489194723992));
#3246=CARTESIAN_POINT('Ctrl Pts',(-7.09997796679803,7.09997796679826,3.23175910134933));
#3247=CARTESIAN_POINT('Ctrl Pts',(-7.19693487727455,7.19693487726013,2.32785927527445));
#3248=CARTESIAN_POINT('Ctrl Pts',(-7.35302079568311,7.35302079566982,0.939575506369291));
#3249=CARTESIAN_POINT('Ctrl Pts',(-7.39673436430207,7.39673436430225,0.560432324915617));
#3250=CARTESIAN_POINT('Ctrl Pts',(-7.45630399197563,7.4563039919757,0.0830799633749837));
#3251=CARTESIAN_POINT('Ctrl Pts',(-7.46167322484942,7.46167322484947,0.0404158571672107));
#3252=CARTESIAN_POINT('Ctrl Pts',(-7.46679038437109,7.46679038437114,-3.73485964377807E-13));
#3253=CARTESIAN_POINT('Origin',(0.,0.,0.));
#3254=CARTESIAN_POINT('',(-2.8,-3.42901103761259E-16,0.));
#3255=CARTESIAN_POINT('Ctrl Pts',(8.69774133489586,-6.92271762267439,0.0916849807827186));
#3256=CARTESIAN_POINT('Ctrl Pts',(8.5612174164522,-6.78864263128414,1.14791746712791));
#3257=CARTESIAN_POINT('Ctrl Pts',(8.14656015347262,-6.65599539695859,2.86269695282609));
#3258=CARTESIAN_POINT('Ctrl Pts',(7.17869161910536,-6.54274009651675,5.26206473824985));
#3259=CARTESIAN_POINT('Ctrl Pts',(6.35700055599788,-6.41851316213782,6.68336856458441));
#3260=CARTESIAN_POINT('Ctrl Pts',(5.78845116769965,-6.3032189084286,7.38254072286884));
#3261=CARTESIAN_POINT('Ctrl Pts',(8.26203577283105,-7.27907902224206,0.0798919273751799));
#3262=CARTESIAN_POINT('Ctrl Pts',(8.12838331498658,-7.15202250487618,1.09767154620799));
#3263=CARTESIAN_POINT('Ctrl Pts',(7.72291722101532,-7.02023821917316,2.75867219286851));
#3264=CARTESIAN_POINT('Ctrl Pts',(6.78314581369131,-6.88995686126647,5.10210026317948));
#3265=CARTESIAN_POINT('Ctrl Pts',(5.99715538637367,-6.75504503879904,6.48367958545112));
#3266=CARTESIAN_POINT('Ctrl Pts',(5.46552209653644,-6.64736264696043,7.15158445436618));
#3267=CARTESIAN_POINT('Ctrl Pts',(7.70557214865206,-7.48361927284685,0.0332209171107194));
#3268=CARTESIAN_POINT('Ctrl Pts',(7.57399812111116,-7.36251708347687,1.00740959043987));
#3269=CARTESIAN_POINT('Ctrl Pts',(7.17987209925334,-7.23048346150071,2.60900438976017));
#3270=CARTESIAN_POINT('Ctrl Pts',(6.28477474724342,-7.09154431725333,4.88393585953002));
#3271=CARTESIAN_POINT('Ctrl Pts',(5.55139463634697,-6.95758090910686,6.21290713536237));
#3272=CARTESIAN_POINT('Ctrl Pts',(5.06675967069374,-6.86267710247447,6.83778318784966));
#3273=CARTESIAN_POINT('Ctrl Pts',(7.14721147948106,-7.49264843471025,-0.0383590897604088));
#3274=CARTESIAN_POINT('Ctrl Pts',(7.01767774503504,-7.37471874058683,0.896545881860611));
#3275=CARTESIAN_POINT('Ctrl Pts',(6.6348796657178,-7.24127806736574,2.4461675634591));
#3276=CARTESIAN_POINT('Ctrl Pts',(5.78486963075069,-7.10646271736486,4.65239004707945));
#3277=CARTESIAN_POINT('Ctrl Pts',(5.10442612562155,-6.98756215926816,5.92265444302178));
#3278=CARTESIAN_POINT('Ctrl Pts',(4.66696404477363,-6.90877342808655,6.49999999999999));
#3279=CARTESIAN_POINT('Ctrl Pts',(4.66696404477363,-6.90877342808655,6.49999999999999));
#3280=CARTESIAN_POINT('Ctrl Pts',(5.10442612562155,-6.98756215926816,5.92265444302178));
#3281=CARTESIAN_POINT('Ctrl Pts',(5.78486963075069,-7.10646271736486,4.65239004707945));
#3282=CARTESIAN_POINT('Ctrl Pts',(6.62989695619988,-7.24048778760435,2.45910031168037));
#3283=CARTESIAN_POINT('Ctrl Pts',(7.01137960249906,-7.37253102208317,0.921982268648136));
#3284=CARTESIAN_POINT('Ctrl Pts',(7.14184008776757,-7.48783054481854,5.78215104679938E-7));
#3285=CARTESIAN_POINT('Ctrl Pts',(-5.78845119419716,-6.30321891380195,7.38254069028362));
#3286=CARTESIAN_POINT('Ctrl Pts',(-6.35670537166914,-6.41845330209561,6.68373155951909));
#3287=CARTESIAN_POINT('Ctrl Pts',(-7.17908220988612,-6.54279358041752,5.26127218818467));
#3288=CARTESIAN_POINT('Ctrl Pts',(-8.1462452661316,-6.65593769140689,2.8632796191191));
#3289=CARTESIAN_POINT('Ctrl Pts',(-8.56121992582403,-6.78864509564359,1.14789805309365));
#3290=CARTESIAN_POINT('Ctrl Pts',(-8.69774133489589,-6.92271762267442,0.0916849807827122));
#3291=CARTESIAN_POINT('Ctrl Pts',(-5.46552212131128,-6.64736265197683,7.15158442324078));
#3292=CARTESIAN_POINT('Ctrl Pts',(-5.99687936874388,-6.75498913115552,6.48402634677794));
#3293=CARTESIAN_POINT('Ctrl Pts',(-6.78352173041153,-6.89001600768427,5.1013277858275));
#3294=CARTESIAN_POINT('Ctrl Pts',(-7.72261733897561,-7.02017965001019,2.75923651820067));
#3295=CARTESIAN_POINT('Ctrl Pts',(-8.12838577157967,-7.15202484023286,1.09765283895496));
#3296=CARTESIAN_POINT('Ctrl Pts',(-8.26203577283108,-7.27907902224207,0.0798919273751708));
#3297=CARTESIAN_POINT('Ctrl Pts',(-5.0667596932788,-6.86267710689536,6.83778315872931));
#3298=CARTESIAN_POINT('Ctrl Pts',(-5.55114301994346,-6.95753163626798,6.21323155655313));
#3299=CARTESIAN_POINT('Ctrl Pts',(-6.28512846710888,-7.09160449024297,4.8831892506869));
#3300=CARTESIAN_POINT('Ctrl Pts',(-7.17959294799023,-7.23042736851195,2.60954485980813));
#3301=CARTESIAN_POINT('Ctrl Pts',(-7.57400053950176,-7.36251930939028,1.00739168440827));
#3302=CARTESIAN_POINT('Ctrl Pts',(-7.7055721486521,-7.48361927284685,0.0332209171107093));
#3303=CARTESIAN_POINT('Ctrl Pts',(-4.66696406516179,-6.90877343175852,6.49999997309255));
#3304=CARTESIAN_POINT('Ctrl Pts',(-5.10419900107281,-6.98752125330454,5.92295418684526));
#3305=CARTESIAN_POINT('Ctrl Pts',(-5.78520097222388,-7.10651790816136,4.65167112658295));
#3306=CARTESIAN_POINT('Ctrl Pts',(-6.63462135905856,-7.24122800035766,2.44668255668182));
#3307=CARTESIAN_POINT('Ctrl Pts',(-7.01768012592415,-7.37472090818834,0.896528697881348));
#3308=CARTESIAN_POINT('Ctrl Pts',(-7.14721147948111,-7.49264843471025,-0.0383590897604187));
#3309=CARTESIAN_POINT('Ctrl Pts',(-7.14184002515341,-7.48783055133212,5.70178084956588E-7));
#3310=CARTESIAN_POINT('Ctrl Pts',(-7.01137766647015,-7.3725323118281,0.921974062929905));
#3311=CARTESIAN_POINT('Ctrl Pts',(-6.6296420397674,-7.24043832710377,2.45960824376569));
#3312=CARTESIAN_POINT('Ctrl Pts',(-5.78520097508233,-7.10651790861468,4.65167111916276));
#3313=CARTESIAN_POINT('Ctrl Pts',(-5.10419900909375,-6.9875212547061,5.92295417187191));
#3314=CARTESIAN_POINT('Ctrl Pts',(-4.66696408061124,-6.90877343454103,6.49999995270297));
#3315=CARTESIAN_POINT('Ctrl Pts',(-6.42238519294052,-6.42238519294067,6.49999999999999));
#3316=CARTESIAN_POINT('Ctrl Pts',(-6.44145510526048,-6.44145510526063,6.44031800823518));
#3317=CARTESIAN_POINT('Ctrl Pts',(-6.46004382072926,-6.46004382072939,6.38033016059073));
#3318=CARTESIAN_POINT('Ctrl Pts',(-6.69024340946455,-6.69024340946475,5.61511060382861));
#3319=CARTESIAN_POINT('Ctrl Pts',(-6.84182773018875,-6.84182773018911,4.86489194724029));
#3320=CARTESIAN_POINT('Ctrl Pts',(-7.099977966798,-7.0999779667984,3.23175910134885));
#3321=CARTESIAN_POINT('Ctrl Pts',(-7.19693487725976,-7.19693487727489,2.3278592752747));
#3322=CARTESIAN_POINT('Ctrl Pts',(-7.35302079566965,-7.35302079568341,0.939575506368792));
#3323=CARTESIAN_POINT('Ctrl Pts',(-7.39673436430211,-7.39673436430228,0.56043232491535));
#3324=CARTESIAN_POINT('Ctrl Pts',(-7.45630399197561,-7.45630399197567,0.0830799633752041));
#3325=CARTESIAN_POINT('Ctrl Pts',(-7.4616732248494,-7.46167322484945,0.040415857167365));
#3326=CARTESIAN_POINT('Ctrl Pts',(-7.46679038437109,-7.46679038437113,-3.39415995309622E-13));
#3327=CARTESIAN_POINT('Ctrl Pts',(-6.92271762267438,-8.697741334896,0.091684980782364));
#3328=CARTESIAN_POINT('Ctrl Pts',(-6.78864263128385,-8.56121741645257,1.14791746712755));
#3329=CARTESIAN_POINT('Ctrl Pts',(-6.65599539695819,-8.14656015347303,2.86269695282597));
#3330=CARTESIAN_POINT('Ctrl Pts',(-6.54274009651655,-7.1786916191056,5.26206473824984));
#3331=CARTESIAN_POINT('Ctrl Pts',(-6.41851316213771,-6.35700055599794,6.68336856458454));
#3332=CARTESIAN_POINT('Ctrl Pts',(-6.3032189084285,-5.78845116769959,7.38254072286904));
#3333=CARTESIAN_POINT('Ctrl Pts',(-7.27907902224202,-8.26203577283119,0.0798919273749954));
#3334=CARTESIAN_POINT('Ctrl Pts',(-7.1520225048759,-8.12838331498695,1.09767154620772));
#3335=CARTESIAN_POINT('Ctrl Pts',(-7.02023821917281,-7.72291722101574,2.75867219286836));
#3336=CARTESIAN_POINT('Ctrl Pts',(-6.8899568612663,-6.78314581369154,5.1021002631794));
#3337=CARTESIAN_POINT('Ctrl Pts',(-6.75504503879895,-5.99715538637374,6.48367958545119));
#3338=CARTESIAN_POINT('Ctrl Pts',(-6.64736264696035,-5.46552209653639,7.15158445436634));
#3339=CARTESIAN_POINT('Ctrl Pts',(-7.48361927284679,-7.7055721486522,0.0332209171106946));
#3340=CARTESIAN_POINT('Ctrl Pts',(-7.3625170834766,-7.5739981211115,1.00740959043969));
#3341=CARTESIAN_POINT('Ctrl Pts',(-7.23048346150038,-7.17987209925373,2.60900438975998));
#3342=CARTESIAN_POINT('Ctrl Pts',(-7.09154431725317,-6.28477474724364,4.88393585952988));
#3343=CARTESIAN_POINT('Ctrl Pts',(-6.95758090910678,-5.55139463634704,6.21290713536236));
#3344=CARTESIAN_POINT('Ctrl Pts',(-6.86267710247439,-5.06675967069371,6.83778318784977));
#3345=CARTESIAN_POINT('Ctrl Pts',(-7.49264843471019,-7.14721147948121,-0.0383590897603191));
#3346=CARTESIAN_POINT('Ctrl Pts',(-7.37471874058658,-7.01767774503538,0.896545881860488));
#3347=CARTESIAN_POINT('Ctrl Pts',(-7.24127806736541,-6.63487966571816,2.44616756345889));
#3348=CARTESIAN_POINT('Ctrl Pts',(-7.10646271736468,-5.7848696307509,4.65239004707926));
#3349=CARTESIAN_POINT('Ctrl Pts',(-6.98756215926806,-5.10442612562162,5.9226544430217));
#3350=CARTESIAN_POINT('Ctrl Pts',(-6.90877342808646,-4.66696404477361,6.50000000000005));
#3351=CARTESIAN_POINT('Ctrl Pts',(-6.90877342808646,-4.66696404477361,6.50000000000005));
#3352=CARTESIAN_POINT('Ctrl Pts',(-6.98756215926806,-5.10442612562162,5.9226544430217));
#3353=CARTESIAN_POINT('Ctrl Pts',(-7.10646271736468,-5.7848696307509,4.65239004707926));
#3354=CARTESIAN_POINT('Ctrl Pts',(-7.24048778760403,-6.62989695620026,2.45910031168011));
#3355=CARTESIAN_POINT('Ctrl Pts',(-7.37253102208292,-7.01137960249942,0.921982268647929));
#3356=CARTESIAN_POINT('Ctrl Pts',(-7.48783054481849,-7.14184008776774,5.78215061610224E-7));
#3357=CARTESIAN_POINT('Ctrl Pts',(-6.30321891380181,5.7884511941971,7.3825406902838));
#3358=CARTESIAN_POINT('Ctrl Pts',(-6.41845330209549,6.35670537166924,6.68373155951912));
#3359=CARTESIAN_POINT('Ctrl Pts',(-6.51304189205995,6.97622776245187,5.61554861729901));
#3360=CARTESIAN_POINT('Ctrl Pts',(-6.6480830568398,8.05294504821805,3.1985380288139));
#3361=CARTESIAN_POINT('Ctrl Pts',(-6.74395425329953,8.51571278946719,1.49996907719693));
#3362=CARTESIAN_POINT('Ctrl Pts',(-6.92271762267435,8.69774133489601,0.0916849807823272));
#3363=CARTESIAN_POINT('Ctrl Pts',(-6.64736265197675,5.46552212131122,7.15158442324092));
#3364=CARTESIAN_POINT('Ctrl Pts',(-6.75498913115543,5.99687936874396,6.48402634677795));
#3365=CARTESIAN_POINT('Ctrl Pts',(-6.85759150464438,6.58931444058605,5.44623579607423));
#3366=CARTESIAN_POINT('Ctrl Pts',(-7.01018080668607,7.63024363549029,3.08685493254597));
#3367=CARTESIAN_POINT('Ctrl Pts',(-7.1096734462294,8.08383577116294,1.43690647614791));
#3368=CARTESIAN_POINT('Ctrl Pts',(-7.27907902224201,8.26203577283119,0.0798919273749619));
#3369=CARTESIAN_POINT('Ctrl Pts',(-6.86267710689532,5.0667596932787,6.83778315872937));
#3370=CARTESIAN_POINT('Ctrl Pts',(-6.95753163626791,5.55114301994348,6.21323155655311));
#3371=CARTESIAN_POINT('Ctrl Pts',(-7.05937126962239,6.10379348574028,5.21546278814645));
#3372=CARTESIAN_POINT('Ctrl Pts',(-7.21822751692316,7.08907891479561,2.92889218194501));
#3373=CARTESIAN_POINT('Ctrl Pts',(-7.32215265490442,7.530143336452,1.3321152735072));
#3374=CARTESIAN_POINT('Ctrl Pts',(-7.4836192728468,7.70557214865218,0.0332209171106614));
#3375=CARTESIAN_POINT('Ctrl Pts',(-6.90877343175846,4.66696406516168,6.49999997309255));
#3376=CARTESIAN_POINT('Ctrl Pts',(-6.98752125330446,5.10419900107279,5.92295418684522));
#3377=CARTESIAN_POINT('Ctrl Pts',(-7.077957816494,5.61682908418922,4.96969773273321));
#3378=CARTESIAN_POINT('Ctrl Pts',(-7.22738519483096,6.54597956473282,2.75901836905976));
#3379=CARTESIAN_POINT('Ctrl Pts',(-7.33541173268071,6.97450300807212,1.20815796042836));
#3380=CARTESIAN_POINT('Ctrl Pts',(-7.4926484347102,7.14721147948116,-0.0383590897603545));
#3381=CARTESIAN_POINT('Ctrl Pts',(-7.48783170307524,7.14184263360972,1.08241195504594E-6));
#3382=CARTESIAN_POINT('Ctrl Pts',(-7.3336387245569,6.96745359422705,1.23361492988906));
#3383=CARTESIAN_POINT('Ctrl Pts',(-7.22650925608095,6.54053291285714,2.77197730429663));
#3384=CARTESIAN_POINT('Ctrl Pts',(-7.07795781699685,5.61682908731598,4.96969772529387));
#3385=CARTESIAN_POINT('Ctrl Pts',(-6.9875212547247,5.10419900912322,5.92295417187511));
#3386=CARTESIAN_POINT('Ctrl Pts',(-6.90877343454097,4.66696408061112,6.49999995270298));
#3387=CARTESIAN_POINT('Ctrl Pts',(-7.51255622063509,-7.16774950703982,-0.193677575440834));
#3388=CARTESIAN_POINT('Ctrl Pts',(-7.51255622063509,7.16774950703759,-0.193677575440834));
#3389=CARTESIAN_POINT('Ctrl Pts',(-7.2272590827534,-7.16774950703982,1.99740444346005));
#3390=CARTESIAN_POINT('Ctrl Pts',(-7.2272590827534,7.16774950703759,1.99740444346005));
#3391=CARTESIAN_POINT('Ctrl Pts',(-7.1908124724699,-7.16774950703982,4.14800908032628));
#3392=CARTESIAN_POINT('Ctrl Pts',(-7.1908124724699,7.16774950703759,4.14800908032628));
#3393=CARTESIAN_POINT('Ctrl Pts',(-6.95927900642757,-7.16774950703982,6.10295273037456));
#3394=CARTESIAN_POINT('Ctrl Pts',(-6.95927900642757,7.16774950703759,6.10295273037456));
#3395=CARTESIAN_POINT('Ctrl Pts',(-6.8789477481784,-7.16774950703982,6.7812265276747));
#3396=CARTESIAN_POINT('Ctrl Pts',(-6.8789477481784,7.16774950703759,6.7812265276747));
#3397=CARTESIAN_POINT('Ctrl Pts',(-6.77181407064234,-7.16774950703982,7.43813200919631));
#3398=CARTESIAN_POINT('Ctrl Pts',(-6.77181407064234,7.16774950703759,7.43813200919631));
#3399=CARTESIAN_POINT('Ctrl Pts',(-6.61909292235721,-7.16774950703982,8.08161954859853));
#3400=CARTESIAN_POINT('Ctrl Pts',(-6.61909292235721,7.16774950703759,8.08161954859853));
#3401=CARTESIAN_POINT('Ctrl Pts',(-6.55195777790388,-7.16774950703982,8.36449215266666));
#3402=CARTESIAN_POINT('Ctrl Pts',(-6.55195777790388,7.16774950703759,8.36449215266666));
#3403=CARTESIAN_POINT('Ctrl Pts',(-6.47607039232249,-7.16774950703982,8.64498084542484));
#3404=CARTESIAN_POINT('Ctrl Pts',(-6.47607039232249,7.16774950703759,8.64498084542484));
#3405=CARTESIAN_POINT('Ctrl Pts',(-6.39025727848437,-7.16774950703982,8.92480356728918));
#3406=CARTESIAN_POINT('Ctrl Pts',(-6.39025727848437,7.16774950703759,8.92480356728918));
#3407=CARTESIAN_POINT('Ctrl Pts',(-7.16774950703751,-7.51255622063504,-0.193677575440431));
#3408=CARTESIAN_POINT('Ctrl Pts',(7.16774950703964,-7.51255622063504,-0.193677575440431));
#3409=CARTESIAN_POINT('Ctrl Pts',(-7.16774950703751,-7.22725908275393,1.99740444346064));
#3410=CARTESIAN_POINT('Ctrl Pts',(7.16774950703964,-7.22725908275393,1.99740444346064));
#3411=CARTESIAN_POINT('Ctrl Pts',(-7.16774950703751,-7.1908124724701,4.14800908032729));
#3412=CARTESIAN_POINT('Ctrl Pts',(7.16774950703964,-7.1908124724701,4.14800908032729));
#3413=CARTESIAN_POINT('Ctrl Pts',(-7.16774950703751,-6.95927900642748,6.10295273037603));
#3414=CARTESIAN_POINT('Ctrl Pts',(7.16774950703964,-6.95927900642748,6.10295273037603));
#3415=CARTESIAN_POINT('Ctrl Pts',(-7.16774950703751,-6.87894774817829,6.78122652767564));
#3416=CARTESIAN_POINT('Ctrl Pts',(7.16774950703964,-6.87894774817829,6.78122652767564));
#3417=CARTESIAN_POINT('Ctrl Pts',(-7.16774950703751,-6.77181407064225,7.43813200919675));
#3418=CARTESIAN_POINT('Ctrl Pts',(7.16774950703964,-6.77181407064225,7.43813200919675));
#3419=CARTESIAN_POINT('Ctrl Pts',(-7.16774950703751,-6.61909292235723,8.0816195485985));
#3420=CARTESIAN_POINT('Ctrl Pts',(7.16774950703964,-6.61909292235723,8.0816195485985));
#3421=CARTESIAN_POINT('Ctrl Pts',(-7.16774950703751,-6.55195777790389,8.36449215266664));
#3422=CARTESIAN_POINT('Ctrl Pts',(7.16774950703964,-6.55195777790389,8.36449215266664));
#3423=CARTESIAN_POINT('Ctrl Pts',(-7.16774950703751,-6.47607039232249,8.64498084542482));
#3424=CARTESIAN_POINT('Ctrl Pts',(7.16774950703964,-6.47607039232249,8.64498084542482));
#3425=CARTESIAN_POINT('Ctrl Pts',(-7.16774950703751,-6.39025727848437,8.92480356728918));
#3426=CARTESIAN_POINT('Ctrl Pts',(7.16774950703964,-6.39025727848437,8.92480356728918));
#3427=CARTESIAN_POINT('Ctrl Pts',(-6.54730536002628,-6.50145004582453,9.08217834286458));
#3428=CARTESIAN_POINT('Ctrl Pts',(-6.53207403216654,-6.51678880161494,9.08217834286458));
#3429=CARTESIAN_POINT('Ctrl Pts',(-6.51678880158275,-6.53207403219864,9.08217834286459));
#3430=CARTESIAN_POINT('Ctrl Pts',(-6.50145004579227,-6.54730536005831,9.08217834286459));
#3431=CARTESIAN_POINT('Ctrl Pts',(-6.45557904539398,-6.41036615410468,9.23450834116353));
#3432=CARTESIAN_POINT('Ctrl Pts',(-6.44056034419288,-6.42549078356143,9.23450834116353));
#3433=CARTESIAN_POINT('Ctrl Pts',(-6.42549078352969,-6.44056034422453,9.23450834116353));
#3434=CARTESIAN_POINT('Ctrl Pts',(-6.41036615407287,-6.45557904542556,9.23450834116353));
#3435=CARTESIAN_POINT('Ctrl Pts',(-6.20557410253216,-6.16211216901502,9.45894637940766));
#3436=CARTESIAN_POINT('Ctrl Pts',(-6.191138006255,-6.17665008438269,9.45894637940766));
#3437=CARTESIAN_POINT('Ctrl Pts',(-6.17665008435218,-6.19113800628542,9.45894637940765));
#3438=CARTESIAN_POINT('Ctrl Pts',(-6.16211216898444,-6.20557410256251,9.45894637940765));
#3439=CARTESIAN_POINT('Ctrl Pts',(-5.90930134881409,-5.86791441859436,9.44571442449353));
#3440=CARTESIAN_POINT('Ctrl Pts',(-5.89555443858663,-5.88175828702089,9.44571442449353));
#3441=CARTESIAN_POINT('Ctrl Pts',(-5.88175828699184,-5.89555443861561,9.44571442449353));
#3442=CARTESIAN_POINT('Ctrl Pts',(-5.86791441856524,-5.909301348843,9.44571442449353));
#3443=CARTESIAN_POINT('Ctrl Pts',(-5.77525878245478,-5.73481064516723,9.38067292687944));
#3444=CARTESIAN_POINT('Ctrl Pts',(-5.76182350562662,-5.74834068221595,9.38067292687944));
#3445=CARTESIAN_POINT('Ctrl Pts',(-5.74834068218757,-5.76182350565495,9.38067292687944));
#3446=CARTESIAN_POINT('Ctrl Pts',(-5.73481064513878,-5.77525878248304,9.38067292687944));
#3447=CARTESIAN_POINT('',(-5.73481064513878,-5.77525878248304,9.38067292687943));
#3448=CARTESIAN_POINT('Origin',(-5.96420307094433,-6.00626913378236,8.43515014419485));
#3449=CARTESIAN_POINT('',(-5.77525878245478,-5.73481064516723,9.38067292687943));
#3450=CARTESIAN_POINT('Ctrl Pts',(-5.73481064513878,-5.77525878248304,9.38067292687944));
#3451=CARTESIAN_POINT('Ctrl Pts',(-5.74834068218757,-5.76182350565495,9.38067292687944));
#3452=CARTESIAN_POINT('Ctrl Pts',(-5.76182350562662,-5.74834068221595,9.38067292687944));
#3453=CARTESIAN_POINT('Ctrl Pts',(-5.77525878245478,-5.73481064516723,9.38067292687944));
#3454=CARTESIAN_POINT('',(-6.54730536008644,-6.50145004588428,9.08217834276467));
#3455=CARTESIAN_POINT('Origin',(-6.00626913375297,-5.96420307097392,8.43515014419485));
#3456=CARTESIAN_POINT('Ctrl Pts',(-6.54730536002628,-6.50145004582453,9.08217834286458));
#3457=CARTESIAN_POINT('Ctrl Pts',(-6.53207403216654,-6.51678880161494,9.08217834286458));
#3458=CARTESIAN_POINT('Ctrl Pts',(-6.51678880158275,-6.53207403219864,9.08217834286459));
#3459=CARTESIAN_POINT('Ctrl Pts',(-6.50145004579227,-6.54730536005831,9.08217834286459));
#3460=CARTESIAN_POINT('Ctrl Pts',(-2.9473572549135,-6.83228788680573,9.15175844816809));
#3461=CARTESIAN_POINT('Ctrl Pts',(-3.57272949731098,-6.81512517577859,9.22407319181908));
#3462=CARTESIAN_POINT('Ctrl Pts',(-4.21035118584548,-6.68517148552316,9.29152313315596));
#3463=CARTESIAN_POINT('Ctrl Pts',(-5.13159422616421,-6.26546085709509,9.3637666437312));
#3464=CARTESIAN_POINT('Ctrl Pts',(-5.4620458802517,-6.04611318679461,9.38067292687946));
#3465=CARTESIAN_POINT('Ctrl Pts',(-5.73481064510335,-5.77525878251822,9.38067292687944));
#3466=CARTESIAN_POINT('Ctrl Pts',(-2.94570588759335,-7.12830891304795,9.23629504895975));
#3467=CARTESIAN_POINT('Ctrl Pts',(-3.60587289917899,-7.0917233348816,9.3064595412969));
#3468=CARTESIAN_POINT('Ctrl Pts',(-4.27613625363439,-6.93629390013686,9.3728666890385));
#3469=CARTESIAN_POINT('Ctrl Pts',(-5.24372832317459,-6.46562798379955,9.44048464340659));
#3470=CARTESIAN_POINT('Ctrl Pts',(-5.59697391486253,-6.22477939920956,9.45718720779527));
#3471=CARTESIAN_POINT('Ctrl Pts',(-5.88692924330411,-5.92845028693049,9.45500606700982));
#3472=CARTESIAN_POINT('Ctrl Pts',(-2.97429470137472,-7.7131507736306,9.12786378949172));
#3473=CARTESIAN_POINT('Ctrl Pts',(-3.69659771588507,-7.63545965760823,9.23172324291316));
#3474=CARTESIAN_POINT('Ctrl Pts',(-4.42459645365679,-7.42624492760579,9.32469305987634));
#3475=CARTESIAN_POINT('Ctrl Pts',(-5.47176152070183,-6.8542537224131,9.42473722502561));
#3476=CARTESIAN_POINT('Ctrl Pts',(-5.86519166681217,-6.57247658901017,9.44778780396794));
#3477=CARTESIAN_POINT('Ctrl Pts',(-6.18486028158286,-6.22848265972951,9.44996973357683));
#3478=CARTESIAN_POINT('Ctrl Pts',(-3.03800220604154,-8.02560695359035,8.6510825940533));
#3479=CARTESIAN_POINT('Ctrl Pts',(-3.78692430000784,-7.96249656211493,8.81627333775255));
#3480=CARTESIAN_POINT('Ctrl Pts',(-4.5507641395722,-7.75246581664556,8.97112142610001));
#3481=CARTESIAN_POINT('Ctrl Pts',(-5.65744501904279,-7.14563384144374,9.15419946733946));
#3482=CARTESIAN_POINT('Ctrl Pts',(-6.08000852697433,-6.84164600704038,9.19478493610745));
#3483=CARTESIAN_POINT('Ctrl Pts',(-6.42337813856463,-6.46868280469805,9.21274691283515));
#3484=CARTESIAN_POINT('Ctrl Pts',(-3.06525154511004,-8.07855236211937,8.42799816180836));
#3485=CARTESIAN_POINT('Ctrl Pts',(-3.81699646892857,-8.0347353373259,8.6126203296278));
#3486=CARTESIAN_POINT('Ctrl Pts',(-4.59059744010622,-7.83760660278547,8.79090324815995));
#3487=CARTESIAN_POINT('Ctrl Pts',(-5.71765203662639,-7.23495730160683,9.00864241135844));
#3488=CARTESIAN_POINT('Ctrl Pts',(-6.14962281444013,-6.92684020885318,9.05694916946071));
#3489=CARTESIAN_POINT('Ctrl Pts',(-6.50145004575221,-6.54730536009801,9.08217834286465));
#3490=CARTESIAN_POINT('',(-2.9473572549135,-6.83228788680573,9.15175844816809));
#3491=CARTESIAN_POINT('Origin',(-3.06525154511004,-7.10557940227796,8.19707908633504));
#3492=CARTESIAN_POINT('Ctrl Pts',(-2.9473572549135,-6.83228788680573,9.15175844816809));
#3493=CARTESIAN_POINT('Ctrl Pts',(-3.57272949731098,-6.81512517577859,9.22407319181908));
#3494=CARTESIAN_POINT('Ctrl Pts',(-4.21035118584548,-6.68517148552316,9.29152313315596));
#3495=CARTESIAN_POINT('Ctrl Pts',(-5.13159422616421,-6.26546085709509,9.3637666437312));
#3496=CARTESIAN_POINT('Ctrl Pts',(-5.4620458802517,-6.04611318679461,9.38067292687946));
#3497=CARTESIAN_POINT('Ctrl Pts',(-5.73481064510335,-5.77525878251822,9.38067292687944));
#3498=CARTESIAN_POINT('Ctrl Pts',(2.94735725491353,-6.83228788680573,9.15175844816809));
#3499=CARTESIAN_POINT('Ctrl Pts',(0.99162717453941,-6.88596092814166,8.92560814947462));
#3500=CARTESIAN_POINT('Ctrl Pts',(-0.991627174539376,-6.88596092814166,
8.92560814947462));
#3501=CARTESIAN_POINT('Ctrl Pts',(-2.9473572549135,-6.83228788680573,9.15175844816809));
#3502=CARTESIAN_POINT('Ctrl Pts',(2.94570588759339,-7.12830891304794,9.23629504895975));
#3503=CARTESIAN_POINT('Ctrl Pts',(0.990719218985364,-7.18501742747384,9.01125227632885));
#3504=CARTESIAN_POINT('Ctrl Pts',(-0.990719218985334,-7.18501742747384,
9.01125227632885));
#3505=CARTESIAN_POINT('Ctrl Pts',(-2.94570588759335,-7.12830891304795,9.23629504895975));
#3506=CARTESIAN_POINT('Ctrl Pts',(2.97429137449411,-7.71317592662772,9.12789852974393));
#3507=CARTESIAN_POINT('Ctrl Pts',(0.999602575922989,-7.77694467168139,8.89619094257366));
#3508=CARTESIAN_POINT('Ctrl Pts',(-0.999602575922949,-7.77694467168138,
8.89619094257366));
#3509=CARTESIAN_POINT('Ctrl Pts',(-2.97429137449407,-7.71317592662772,9.12789852974393));
#3510=CARTESIAN_POINT('Ctrl Pts',(3.03800220604158,-8.02560695359035,8.6510825940533));
#3511=CARTESIAN_POINT('Ctrl Pts',(1.02178783661307,-8.08798178711542,8.40493410892554));
#3512=CARTESIAN_POINT('Ctrl Pts',(-1.02178783661304,-8.08798178711541,8.40493410892554));
#3513=CARTESIAN_POINT('Ctrl Pts',(-3.03800220604154,-8.02560695359035,8.6510825940533));
#3514=CARTESIAN_POINT('Ctrl Pts',(3.06525154511008,-8.07855236211937,8.42799816180836));
#3515=CARTESIAN_POINT('Ctrl Pts',(1.03129226152093,-8.13820891353905,8.1766364616553));
#3516=CARTESIAN_POINT('Ctrl Pts',(-1.0312922615209,-8.13820891353906,8.17663646165531));
#3517=CARTESIAN_POINT('Ctrl Pts',(-3.06525154511004,-8.07855236211937,8.42799816180836));
#3518=CARTESIAN_POINT('',(3.06525154511008,-8.07855236211938,8.42799816180832));
#3519=CARTESIAN_POINT('Ctrl Pts',(-3.06525154511004,-8.07855236211937,8.42799816180836));
#3520=CARTESIAN_POINT('Ctrl Pts',(-1.0312922615209,-8.13820891353906,8.17663646165531));
#3521=CARTESIAN_POINT('Ctrl Pts',(1.03129226152093,-8.13820891353905,8.1766364616553));
#3522=CARTESIAN_POINT('Ctrl Pts',(3.06525154511008,-8.07855236211937,8.42799816180836));
#3523=CARTESIAN_POINT('',(2.94735725491353,-6.83228788680573,9.15175844816809));
#3524=CARTESIAN_POINT('Origin',(3.06525154511008,-7.10557940227796,8.19707908633505));
#3525=CARTESIAN_POINT('Ctrl Pts',(2.94735725491353,-6.83228788680573,9.15175844816809));
#3526=CARTESIAN_POINT('Ctrl Pts',(0.99162717453941,-6.88596092814166,8.92560814947462));
#3527=CARTESIAN_POINT('Ctrl Pts',(-0.991627174539376,-6.88596092814166,
8.92560814947462));
#3528=CARTESIAN_POINT('Ctrl Pts',(-2.9473572549135,-6.83228788680573,9.15175844816809));
#3529=CARTESIAN_POINT('Ctrl Pts',(5.73481064510265,-5.77525878251887,9.38067292687942));
#3530=CARTESIAN_POINT('Ctrl Pts',(5.46182159172167,-6.0463359044765,9.38067292687942));
#3531=CARTESIAN_POINT('Ctrl Pts',(5.13124290284455,-6.26566190113806,9.36374194542215));
#3532=CARTESIAN_POINT('Ctrl Pts',(4.20916973371901,-6.68557029023139,9.2914177455919));
#3533=CARTESIAN_POINT('Ctrl Pts',(3.57469131975374,-6.81507133553849,9.22430004660639));
#3534=CARTESIAN_POINT('Ctrl Pts',(2.94735725491351,-6.83228788680575,9.1517584481681));
#3535=CARTESIAN_POINT('Ctrl Pts',(5.88692924330337,-5.9284502869312,9.45500606700981));
#3536=CARTESIAN_POINT('Ctrl Pts',(5.59673549090604,-6.22502306418955,9.45718900129983));
#3537=CARTESIAN_POINT('Ctrl Pts',(5.24537819714066,-6.46648498709979,9.44108294927593));
#3538=CARTESIAN_POINT('Ctrl Pts',(4.27116126922172,-6.9355784245835,9.37162481135913));
#3539=CARTESIAN_POINT('Ctrl Pts',(3.60794387445884,-7.09160856418449,9.3066796506428));
#3540=CARTESIAN_POINT('Ctrl Pts',(2.94570588759338,-7.12830891304796,9.23629504895976));
#3541=CARTESIAN_POINT('Ctrl Pts',(6.18486028158205,-6.22848265973033,9.44996973357681));
#3542=CARTESIAN_POINT('Ctrl Pts',(5.86492881026675,-6.57275944773207,9.44778600981466));
#3543=CARTESIAN_POINT('Ctrl Pts',(5.47727966035503,-6.85674938698884,9.42422528223698));
#3544=CARTESIAN_POINT('Ctrl Pts',(4.4123116155641,-7.42269186744019,9.32542857473186));
#3545=CARTESIAN_POINT('Ctrl Pts',(3.69886361474626,-7.63521593688583,9.23204905495176));
#3546=CARTESIAN_POINT('Ctrl Pts',(2.97429470137478,-7.71315077363061,9.12786378949174));
#3547=CARTESIAN_POINT('Ctrl Pts',(6.42337813856375,-6.46868280469894,9.21274691283509));
#3548=CARTESIAN_POINT('Ctrl Pts',(6.07972618161488,-6.84195268656518,9.19477016636484));
#3549=CARTESIAN_POINT('Ctrl Pts',(5.66471497504362,-7.14775352055809,9.14973512087137));
#3550=CARTESIAN_POINT('Ctrl Pts',(4.53512295646574,-7.74967142627115,8.97899947814506));
#3551=CARTESIAN_POINT('Ctrl Pts',(3.78927370418221,-7.96229858181843,8.8167915489628));
#3552=CARTESIAN_POINT('Ctrl Pts',(3.03800220604161,-8.02560695359037,8.65108259405332));
#3553=CARTESIAN_POINT('Ctrl Pts',(6.50145004575132,-6.54730536009892,9.08217834286457));
#3554=CARTESIAN_POINT('Ctrl Pts',(6.14933351456401,-6.92715229209984,9.05692842406043));
#3555=CARTESIAN_POINT('Ctrl Pts',(5.72502817985825,-7.23631571540461,9.00246144011202));
#3556=CARTESIAN_POINT('Ctrl Pts',(4.57472123054851,-7.83620532948136,8.80188735191309));
#3557=CARTESIAN_POINT('Ctrl Pts',(3.81935472845459,-8.03459788123752,8.61319949813895));
#3558=CARTESIAN_POINT('Ctrl Pts',(3.06525154511011,-8.07855236211939,8.42799816180838));
#3559=CARTESIAN_POINT('',(5.28764140488914,-7.46300671665641,8.92825890226953));
#3560=CARTESIAN_POINT('Ctrl Pts',(3.06491696780244,-8.07789821700158,8.43073630962619));
#3561=CARTESIAN_POINT('Ctrl Pts',(3.81850251826413,-8.03373503346252,8.6155796349631));
#3562=CARTESIAN_POINT('Ctrl Pts',(4.57326800217192,-7.83539416178275,8.80381952620508));
#3563=CARTESIAN_POINT('Ctrl Pts',(5.28763852345271,-7.46299953348387,8.92825394735739));
#3564=CARTESIAN_POINT('',(6.50145004575131,-6.54730536009894,9.08217834286458));
#3565=CARTESIAN_POINT('Ctrl Pts',(5.28965560534621,-7.46336423133364,8.92654739194255));
#3566=CARTESIAN_POINT('Ctrl Pts',(5.72502817985825,-7.23631571540461,9.00246144011202));
#3567=CARTESIAN_POINT('Ctrl Pts',(6.14933351456401,-6.92715229209984,9.05692842406043));
#3568=CARTESIAN_POINT('Ctrl Pts',(6.50145004575132,-6.54730536009892,9.08217834286457));
#3569=CARTESIAN_POINT('',(5.73481064510265,-5.77525878251887,9.38067292687942));
#3570=CARTESIAN_POINT('Origin',(5.96420307090676,-6.00626913381962,8.43515014419484));
#3571=CARTESIAN_POINT('Ctrl Pts',(5.73481064510265,-5.77525878251887,9.38067292687942));
#3572=CARTESIAN_POINT('Ctrl Pts',(5.46182159172167,-6.0463359044765,9.38067292687942));
#3573=CARTESIAN_POINT('Ctrl Pts',(5.13124290284455,-6.26566190113806,9.36374194542215));
#3574=CARTESIAN_POINT('Ctrl Pts',(4.20916973371901,-6.68557029023139,9.2914177455919));
#3575=CARTESIAN_POINT('Ctrl Pts',(3.57469131975374,-6.81507133553849,9.22430004660639));
#3576=CARTESIAN_POINT('Ctrl Pts',(2.94735725491351,-6.83228788680575,9.1517584481681));
#3577=CARTESIAN_POINT('Ctrl Pts',(6.50145004575131,-6.54730536009893,9.08217834286458));
#3578=CARTESIAN_POINT('Ctrl Pts',(6.51678880156629,-6.53207403221513,9.08217834286458));
#3579=CARTESIAN_POINT('Ctrl Pts',(6.5320740321744,-6.51678880160712,9.08217834286457));
#3580=CARTESIAN_POINT('Ctrl Pts',(6.5473053600583,-6.50145004579224,9.08217834286457));
#3581=CARTESIAN_POINT('Ctrl Pts',(6.41036615403248,-6.45557904546562,9.23450834116352));
#3582=CARTESIAN_POINT('Ctrl Pts',(6.42549078351346,-6.44056034424079,9.23450834116352));
#3583=CARTESIAN_POINT('Ctrl Pts',(6.44056034420063,-6.42549078355372,9.23450834116351));
#3584=CARTESIAN_POINT('Ctrl Pts',(6.45557904542556,-6.41036615407284,9.23450834116351));
#3585=CARTESIAN_POINT('Ctrl Pts',(6.16211216894562,-6.20557410260102,9.45894637940765));
#3586=CARTESIAN_POINT('Ctrl Pts',(6.17665008433658,-6.19113800630105,9.45894637940765));
#3587=CARTESIAN_POINT('Ctrl Pts',(6.19113800626245,-6.17665008437528,9.45894637940764));
#3588=CARTESIAN_POINT('Ctrl Pts',(6.20557410256251,-6.16211216898442,9.45894637940764));
#3589=CARTESIAN_POINT('Ctrl Pts',(5.86791441852827,-5.90930134887966,9.44571442449352));
#3590=CARTESIAN_POINT('Ctrl Pts',(5.88175828697698,-5.89555443863049,9.44571442449352));
#3591=CARTESIAN_POINT('Ctrl Pts',(5.89555443859373,-5.88175828701383,9.44571442449351));
#3592=CARTESIAN_POINT('Ctrl Pts',(5.90930134884299,-5.86791441856521,9.44571442449351));
#3593=CARTESIAN_POINT('Ctrl Pts',(5.73481064510264,-5.77525878251887,9.38067292687943));
#3594=CARTESIAN_POINT('Ctrl Pts',(5.74834068217304,-5.76182350566949,9.38067292687943));
#3595=CARTESIAN_POINT('Ctrl Pts',(5.76182350563356,-5.74834068220906,9.38067292687943));
#3596=CARTESIAN_POINT('Ctrl Pts',(5.77525878248303,-5.73481064513875,9.38067292687943));
#3597=CARTESIAN_POINT('',(5.77525878248302,-5.73481064513875,9.38067292687943));
#3598=CARTESIAN_POINT('Origin',(6.00626913378235,-5.9642030709443,8.43515014419484));
#3599=CARTESIAN_POINT('Ctrl Pts',(5.77525878248303,-5.73481064513875,9.38067292687943));
#3600=CARTESIAN_POINT('Ctrl Pts',(5.76182350563356,-5.74834068220906,9.38067292687943));
#3601=CARTESIAN_POINT('Ctrl Pts',(5.74834068217304,-5.76182350566949,9.38067292687943));
#3602=CARTESIAN_POINT('Ctrl Pts',(5.73481064510264,-5.77525878251887,9.38067292687943));
#3603=CARTESIAN_POINT('Ctrl Pts',(6.50145004575131,-6.54730536009893,9.08217834286458));
#3604=CARTESIAN_POINT('Ctrl Pts',(6.51678880156629,-6.53207403221513,9.08217834286458));
#3605=CARTESIAN_POINT('Ctrl Pts',(6.5320740321744,-6.51678880160712,9.08217834286457));
#3606=CARTESIAN_POINT('Ctrl Pts',(6.5473053600583,-6.50145004579224,9.08217834286457));
#3607=CARTESIAN_POINT('Ctrl Pts',(6.83228788680573,-2.94735725491339,9.15175844816808));
#3608=CARTESIAN_POINT('Ctrl Pts',(6.81512517577859,-3.57272949731097,9.22407319181908));
#3609=CARTESIAN_POINT('Ctrl Pts',(6.68517148552312,-4.21035118584557,9.29152313315596));
#3610=CARTESIAN_POINT('Ctrl Pts',(6.26546085709498,-5.13159422616431,9.36376664373119));
#3611=CARTESIAN_POINT('Ctrl Pts',(6.04611318679453,-5.46204588025174,9.38067292687945));
#3612=CARTESIAN_POINT('Ctrl Pts',(5.77525878251818,-5.73481064510335,9.38067292687943));
#3613=CARTESIAN_POINT('Ctrl Pts',(7.12830891304795,-2.94570588759324,9.23629504895974));
#3614=CARTESIAN_POINT('Ctrl Pts',(7.0917233348816,-3.60587289917892,9.30645954129689));
#3615=CARTESIAN_POINT('Ctrl Pts',(6.93629390013683,-4.27613625363447,9.3728666890385));
#3616=CARTESIAN_POINT('Ctrl Pts',(6.46562798379944,-5.24372832317468,9.44048464340658));
#3617=CARTESIAN_POINT('Ctrl Pts',(6.22477939920951,-5.59697391486253,9.45718720779526));
#3618=CARTESIAN_POINT('Ctrl Pts',(5.92845028693045,-5.88692924330411,9.45500606700981));
#3619=CARTESIAN_POINT('Ctrl Pts',(7.7131507736306,-2.97429470137461,9.12786378949171));
#3620=CARTESIAN_POINT('Ctrl Pts',(7.63545965760824,-3.69659771588489,9.23172324291314));
#3621=CARTESIAN_POINT('Ctrl Pts',(7.42624492760577,-4.42459645365686,9.32469305987635));
#3622=CARTESIAN_POINT('Ctrl Pts',(6.85425372241299,-5.47176152070191,9.4247372250256));
#3623=CARTESIAN_POINT('Ctrl Pts',(6.57247658901018,-5.86519166681212,9.44778780396793));
#3624=CARTESIAN_POINT('Ctrl Pts',(6.22848265972947,-6.18486028158286,9.44996973357681));
#3625=CARTESIAN_POINT('Ctrl Pts',(8.02560695359036,-3.03800220604143,8.65108259405327));
#3626=CARTESIAN_POINT('Ctrl Pts',(7.96249656211494,-3.78692430000763,8.81627333775251));
#3627=CARTESIAN_POINT('Ctrl Pts',(7.75246581664555,-4.55076413957225,8.97112142610002));
#3628=CARTESIAN_POINT('Ctrl Pts',(7.14563384144363,-5.65744501904287,9.15419946733945));
#3629=CARTESIAN_POINT('Ctrl Pts',(6.84164600704042,-6.08000852697425,9.19478493610744));
#3630=CARTESIAN_POINT('Ctrl Pts',(6.46868280469801,-6.42337813856462,9.21274691283514));
#3631=CARTESIAN_POINT('Ctrl Pts',(8.07855236211937,-3.06525154510993,8.42799816180833));
#3632=CARTESIAN_POINT('Ctrl Pts',(8.03473533732591,-3.81699646892835,8.61262032962777));
#3633=CARTESIAN_POINT('Ctrl Pts',(7.83760660278547,-4.59059744010627,8.79090324815997));
#3634=CARTESIAN_POINT('Ctrl Pts',(7.23495730160672,-5.71765203662647,9.00864241135844));
#3635=CARTESIAN_POINT('Ctrl Pts',(6.92684020885323,-6.14962281444004,9.0569491694607));
#3636=CARTESIAN_POINT('Ctrl Pts',(6.54730536009797,-6.50145004575221,9.08217834286464));
#3637=CARTESIAN_POINT('',(6.83228788680573,-2.94735725491339,9.15175844816808));
#3638=CARTESIAN_POINT('Origin',(7.10557940227796,-3.06525154510993,8.19707908633503));
#3639=CARTESIAN_POINT('Ctrl Pts',(6.83228788680573,-2.94735725491339,9.15175844816808));
#3640=CARTESIAN_POINT('Ctrl Pts',(6.81512517577859,-3.57272949731097,9.22407319181908));
#3641=CARTESIAN_POINT('Ctrl Pts',(6.68517148552312,-4.21035118584557,9.29152313315596));
#3642=CARTESIAN_POINT('Ctrl Pts',(6.26546085709498,-5.13159422616431,9.36376664373119));
#3643=CARTESIAN_POINT('Ctrl Pts',(6.04611318679453,-5.46204588025174,9.38067292687945));
#3644=CARTESIAN_POINT('Ctrl Pts',(5.77525878251818,-5.73481064510335,9.38067292687943));
#3645=CARTESIAN_POINT('Ctrl Pts',(6.83228788680573,2.94735725491338,9.15175844816807));
#3646=CARTESIAN_POINT('Ctrl Pts',(6.88596092814165,0.991627174539337,8.92560814947463));
#3647=CARTESIAN_POINT('Ctrl Pts',(6.88596092814165,-0.991627174539358,8.92560814947463));
#3648=CARTESIAN_POINT('Ctrl Pts',(6.83228788680573,-2.9473572549134,9.15175844816807));
#3649=CARTESIAN_POINT('Ctrl Pts',(7.12830891304795,2.94570588759323,9.23629504895974));
#3650=CARTESIAN_POINT('Ctrl Pts',(7.18501742747383,0.990719218985316,9.01125227632886));
#3651=CARTESIAN_POINT('Ctrl Pts',(7.18501742747383,-0.990719218985334,9.01125227632886));
#3652=CARTESIAN_POINT('Ctrl Pts',(7.12830891304795,-2.94570588759325,9.23629504895974));
#3653=CARTESIAN_POINT('Ctrl Pts',(7.71317592662773,2.97429137449394,9.12789852974391));
#3654=CARTESIAN_POINT('Ctrl Pts',(7.77694467168139,0.99960257592296,8.89619094257366));
#3655=CARTESIAN_POINT('Ctrl Pts',(7.77694467168139,-0.999602575922987,8.89619094257367));
#3656=CARTESIAN_POINT('Ctrl Pts',(7.71317592662773,-2.97429137449397,9.12789852974391));
#3657=CARTESIAN_POINT('Ctrl Pts',(8.02560695359035,3.03800220604141,8.65108259405327));
#3658=CARTESIAN_POINT('Ctrl Pts',(8.08798178711541,1.02178783661307,8.40493410892553));
#3659=CARTESIAN_POINT('Ctrl Pts',(8.08798178711541,-1.02178783661309,8.40493410892553));
#3660=CARTESIAN_POINT('Ctrl Pts',(8.02560695359035,-3.03800220604143,8.65108259405327));
#3661=CARTESIAN_POINT('Ctrl Pts',(8.07855236211937,3.06525154510991,8.42799816180833));
#3662=CARTESIAN_POINT('Ctrl Pts',(8.13820891353905,1.03129226152092,8.1766364616553));
#3663=CARTESIAN_POINT('Ctrl Pts',(8.13820891353904,-1.03129226152094,8.1766364616553));
#3664=CARTESIAN_POINT('Ctrl Pts',(8.07855236211937,-3.06525154510993,8.42799816180833));
#3665=CARTESIAN_POINT('',(6.83228788680573,2.94735725491338,9.15175844816807));
#3666=CARTESIAN_POINT('Origin',(7.10557940227796,3.06525154510991,8.19707908633503));
#3667=CARTESIAN_POINT('Ctrl Pts',(6.83228788680573,2.94735725491338,9.15175844816807));
#3668=CARTESIAN_POINT('Ctrl Pts',(6.88596092814165,0.991627174539337,8.92560814947463));
#3669=CARTESIAN_POINT('Ctrl Pts',(6.88596092814165,-0.991627174539358,8.92560814947463));
#3670=CARTESIAN_POINT('Ctrl Pts',(6.83228788680573,-2.9473572549134,9.15175844816807));
#3671=CARTESIAN_POINT('Ctrl Pts',(5.77525878251886,5.73481064510261,9.38067292687942));
#3672=CARTESIAN_POINT('Ctrl Pts',(6.04633615877184,5.46182133563272,9.38067292687942));
#3673=CARTESIAN_POINT('Ctrl Pts',(6.26566188388473,5.13124286163347,9.36374193849419));
#3674=CARTESIAN_POINT('Ctrl Pts',(6.68557009663842,4.20917024607385,9.29141778948292));
#3675=CARTESIAN_POINT('Ctrl Pts',(6.81507134675947,3.57469091088564,9.22429999932704));
#3676=CARTESIAN_POINT('Ctrl Pts',(6.83228788680574,2.94735725491336,9.15175844816808));
#3677=CARTESIAN_POINT('Ctrl Pts',(5.9284502869312,5.88692924330333,9.4550060670098));
#3678=CARTESIAN_POINT('Ctrl Pts',(6.22502334240222,5.59673521867744,9.45718900334762));
#3679=CARTESIAN_POINT('Ctrl Pts',(6.46648497005894,5.24537815460117,9.44108294140556));
#3680=CARTESIAN_POINT('Ctrl Pts',(6.93557820556398,4.27116181153391,9.37162485217502));
#3681=CARTESIAN_POINT('Ctrl Pts',(7.09160858810412,3.60794344284194,9.30667960476928));
#3682=CARTESIAN_POINT('Ctrl Pts',(7.12830891304796,2.94570588759322,9.23629504895974));
#3683=CARTESIAN_POINT('Ctrl Pts',(6.22848265973034,6.18486028158201,9.4499697335768));
#3684=CARTESIAN_POINT('Ctrl Pts',(6.5727597706956,5.86492851014133,9.44778600776612));
#3685=CARTESIAN_POINT('Ctrl Pts',(6.85674937181839,5.47727961489487,9.42422527259472));
#3686=CARTESIAN_POINT('Ctrl Pts',(7.42269159918629,4.41231220954587,9.32542863578213));
#3687=CARTESIAN_POINT('Ctrl Pts',(7.63521598768024,3.69886314250487,9.23204898704849));
#3688=CARTESIAN_POINT('Ctrl Pts',(7.71315077363062,2.97429470137462,9.12786378949171));
#3689=CARTESIAN_POINT('Ctrl Pts',(6.46868280469895,6.42337813856372,9.21274691283508));
#3690=CARTESIAN_POINT('Ctrl Pts',(6.84195303672697,6.07972585923741,9.19477014950098));
#3691=CARTESIAN_POINT('Ctrl Pts',(7.14775350111686,5.66471492921595,9.14973510457367));
#3692=CARTESIAN_POINT('Ctrl Pts',(7.74967114297426,4.53512358515343,8.97899957954827));
#3693=CARTESIAN_POINT('Ctrl Pts',(7.96229862307998,3.78927321453727,8.81679144096116));
#3694=CARTESIAN_POINT('Ctrl Pts',(8.02560695359037,3.03800220604144,8.65108259405328));
#3695=CARTESIAN_POINT('Ctrl Pts',(6.54730536009893,6.50145004575128,9.08217834286456));
#3696=CARTESIAN_POINT('Ctrl Pts',(6.92715264843152,6.14933318424598,9.05692840037366));
#3697=CARTESIAN_POINT('Ctrl Pts',(7.23631569359286,5.72502813425071,9.00246142162471));
#3698=CARTESIAN_POINT('Ctrl Pts',(7.83620505040724,4.57472186932559,8.80188746913762));
#3699=CARTESIAN_POINT('Ctrl Pts',(8.03459790988507,3.81935423696409,8.61319937743305));
#3700=CARTESIAN_POINT('Ctrl Pts',(8.07855236211939,3.06525154510994,8.42799816180834));
#3701=CARTESIAN_POINT('',(5.77525878251886,5.73481064510261,9.38067292687942));
#3702=CARTESIAN_POINT('Origin',(6.00626913381962,5.96420307090672,8.43515014419483));
#3703=CARTESIAN_POINT('Ctrl Pts',(5.77525878251886,5.73481064510261,9.38067292687942));
#3704=CARTESIAN_POINT('Ctrl Pts',(6.04633615877184,5.46182133563272,9.38067292687942));
#3705=CARTESIAN_POINT('Ctrl Pts',(6.26566188388473,5.13124286163347,9.36374193849419));
#3706=CARTESIAN_POINT('Ctrl Pts',(6.68557009663842,4.20917024607385,9.29141778948292));
#3707=CARTESIAN_POINT('Ctrl Pts',(6.81507134675947,3.57469091088564,9.22429999932704));
#3708=CARTESIAN_POINT('Ctrl Pts',(6.83228788680574,2.94735725491336,9.15175844816808));
#3709=CARTESIAN_POINT('Ctrl Pts',(6.54730536009892,6.50145004575129,9.08217834286457));
#3710=CARTESIAN_POINT('Ctrl Pts',(6.53207403222603,6.51678880155528,9.08217834286457));
#3711=CARTESIAN_POINT('Ctrl Pts',(6.51678880162901,6.53207403215249,9.08217834286456));
#3712=CARTESIAN_POINT('Ctrl Pts',(6.50145004582519,6.54730536002556,9.08217834286456));
#3713=CARTESIAN_POINT('Ctrl Pts',(6.45557904546561,6.41036615403246,9.23450834116351));
#3714=CARTESIAN_POINT('Ctrl Pts',(6.44056034425153,6.4254907835026,9.23450834116351));
#3715=CARTESIAN_POINT('Ctrl Pts',(6.4254907835753,6.44056034417902,9.2345083411635));
#3716=CARTESIAN_POINT('Ctrl Pts',(6.41036615410532,6.45557904539327,9.2345083411635));
#3717=CARTESIAN_POINT('Ctrl Pts',(6.205574102601,6.1621121689456,9.45894637940763));
#3718=CARTESIAN_POINT('Ctrl Pts',(6.19113800631138,6.17665008432614,9.45894637940763));
#3719=CARTESIAN_POINT('Ctrl Pts',(6.17665008439602,6.19113800624168,9.45894637940763));
#3720=CARTESIAN_POINT('Ctrl Pts',(6.16211216901564,6.20557410253147,9.45894637940763));
#3721=CARTESIAN_POINT('Ctrl Pts',(5.90930134887965,5.86791441852825,9.44571442449351));
#3722=CARTESIAN_POINT('Ctrl Pts',(5.89555443864032,5.88175828696704,9.44571442449351));
#3723=CARTESIAN_POINT('Ctrl Pts',(5.88175828703358,5.89555443857394,9.44571442449351));
#3724=CARTESIAN_POINT('Ctrl Pts',(5.86791441859494,5.90930134881343,9.44571442449351));
#3725=CARTESIAN_POINT('Ctrl Pts',(5.77525878251886,5.73481064510262,9.38067292687942));
#3726=CARTESIAN_POINT('Ctrl Pts',(5.7618235056791,5.74834068216333,9.38067292687942));
#3727=CARTESIAN_POINT('Ctrl Pts',(5.74834068222836,5.76182350561423,9.38067292687942));
#3728=CARTESIAN_POINT('Ctrl Pts',(5.7348106451678,5.77525878245414,9.38067292687942));
#3729=CARTESIAN_POINT('',(5.7348106451678,5.77525878245414,9.38067292687942));
#3730=CARTESIAN_POINT('Origin',(5.96420307097451,6.0062691337523,8.43515014419483));
#3731=CARTESIAN_POINT('Ctrl Pts',(5.7348106451678,5.77525878245414,9.38067292687942));
#3732=CARTESIAN_POINT('Ctrl Pts',(5.74834068222836,5.76182350561423,9.38067292687942));
#3733=CARTESIAN_POINT('Ctrl Pts',(5.7618235056791,5.74834068216333,9.38067292687942));
#3734=CARTESIAN_POINT('Ctrl Pts',(5.77525878251886,5.73481064510262,9.38067292687942));
#3735=CARTESIAN_POINT('Ctrl Pts',(6.54730536009892,6.50145004575129,9.08217834286457));
#3736=CARTESIAN_POINT('Ctrl Pts',(6.53207403222603,6.51678880155528,9.08217834286457));
#3737=CARTESIAN_POINT('Ctrl Pts',(6.51678880162901,6.53207403215249,9.08217834286456));
#3738=CARTESIAN_POINT('Ctrl Pts',(6.50145004582519,6.54730536002556,9.08217834286456));
#3739=CARTESIAN_POINT('Ctrl Pts',(2.94735725491337,6.83228788680574,9.15175844816808));
#3740=CARTESIAN_POINT('Ctrl Pts',(3.57272939575253,6.81512517856576,9.2240731800754));
#3741=CARTESIAN_POINT('Ctrl Pts',(4.21035146042413,6.68517136042274,9.29152315449102));
#3742=CARTESIAN_POINT('Ctrl Pts',(5.13159412513633,6.26546090287582,9.36376663584464));
#3743=CARTESIAN_POINT('Ctrl Pts',(5.46204582850824,6.04611323817572,9.38067292687946));
#3744=CARTESIAN_POINT('Ctrl Pts',(5.7348106451038,5.77525878251767,9.38067292687941));
#3745=CARTESIAN_POINT('Ctrl Pts',(2.94570588759322,7.12830891304795,9.23629504895974));
#3746=CARTESIAN_POINT('Ctrl Pts',(3.60587279196986,7.09172334082298,9.3064595299024));
#3747=CARTESIAN_POINT('Ctrl Pts',(4.27613654216303,6.93629375967376,9.37286670847263));
#3748=CARTESIAN_POINT('Ctrl Pts',(5.24372821663458,6.46562803500746,9.4404846356949));
#3749=CARTESIAN_POINT('Ctrl Pts',(5.59697385985787,6.22477945542336,9.45718720820903));
#3750=CARTESIAN_POINT('Ctrl Pts',(5.88692924330459,5.92845028692988,9.45500606700979));
#3751=CARTESIAN_POINT('Ctrl Pts',(2.97429470137459,7.7131507736306,9.12786378949171));
#3752=CARTESIAN_POINT('Ctrl Pts',(3.69659759858502,7.63545967022502,9.23172322604669));
#3753=CARTESIAN_POINT('Ctrl Pts',(4.42459676591772,7.426244756962,9.32469308972622));
#3754=CARTESIAN_POINT('Ctrl Pts',(5.47176140450532,6.85425378448247,9.42473721421201));
#3755=CARTESIAN_POINT('Ctrl Pts',(5.86519160617065,6.57247665426622,9.44778780355403));
#3756=CARTESIAN_POINT('Ctrl Pts',(6.18486028158339,6.2284826597288,9.4499697335768));
#3757=CARTESIAN_POINT('Ctrl Pts',(3.0380022060414,8.02560695359035,8.65108259405329));
#3758=CARTESIAN_POINT('Ctrl Pts',(3.78692417838487,7.96249657236386,8.81627331092607));
#3759=CARTESIAN_POINT('Ctrl Pts',(4.5507644695486,7.75246563546107,8.97112148067003));
#3760=CARTESIAN_POINT('Ctrl Pts',(5.65744489599653,7.14563390726675,9.15419944815866));
#3761=CARTESIAN_POINT('Ctrl Pts',(6.08000846183658,6.84164607779205,9.19478493270008));
#3762=CARTESIAN_POINT('Ctrl Pts',(6.42337813856519,6.46868280469727,9.21274691283517));
#3763=CARTESIAN_POINT('Ctrl Pts',(3.0652515451099,8.07855236211937,8.42799816180835));
#3764=CARTESIAN_POINT('Ctrl Pts',(3.81699634684717,8.03473534444165,8.61262029964573));
#3765=CARTESIAN_POINT('Ctrl Pts',(4.59059777605985,7.83760642306456,8.79090331296742));
#3766=CARTESIAN_POINT('Ctrl Pts',(5.71765191134269,7.23495736717101,9.00864238871949));
#3767=CARTESIAN_POINT('Ctrl Pts',(6.14962274769793,6.92684028085153,9.05694916467477));
#3768=CARTESIAN_POINT('Ctrl Pts',(6.50145004575279,6.54730536009722,9.08217834286469));
#3769=CARTESIAN_POINT('',(2.94735725491337,6.83228788680574,9.15175844816808));
#3770=CARTESIAN_POINT('Origin',(3.06525154510991,7.10557940227796,8.19707908633504));
#3771=CARTESIAN_POINT('Ctrl Pts',(2.94735725491337,6.83228788680574,9.15175844816808));
#3772=CARTESIAN_POINT('Ctrl Pts',(3.57272939575253,6.81512517856576,9.2240731800754));
#3773=CARTESIAN_POINT('Ctrl Pts',(4.21035146042413,6.68517136042274,9.29152315449102));
#3774=CARTESIAN_POINT('Ctrl Pts',(5.13159412513633,6.26546090287582,9.36376663584464));
#3775=CARTESIAN_POINT('Ctrl Pts',(5.46204582850824,6.04611323817572,9.38067292687946));
#3776=CARTESIAN_POINT('Ctrl Pts',(5.7348106451038,5.77525878251767,9.38067292687941));
#3777=CARTESIAN_POINT('Ctrl Pts',(-2.94735725491352,6.83228788680573,9.1517584481681));
#3778=CARTESIAN_POINT('Ctrl Pts',(-0.991627174539445,6.88596092814166,8.92560814947463));
#3779=CARTESIAN_POINT('Ctrl Pts',(0.99162717453929,6.88596092814166,8.92560814947463));
#3780=CARTESIAN_POINT('Ctrl Pts',(2.94735725491337,6.83228788680573,9.15175844816808));
#3781=CARTESIAN_POINT('Ctrl Pts',(-2.94570588759337,7.12830891304794,9.23629504895975));
#3782=CARTESIAN_POINT('Ctrl Pts',(-0.990719218985435,7.18501742747383,9.01125227632886));
#3783=CARTESIAN_POINT('Ctrl Pts',(0.990719218985264,7.18501742747383,9.01125227632886));
#3784=CARTESIAN_POINT('Ctrl Pts',(2.94570588759322,7.12830891304795,9.23629504895974));
#3785=CARTESIAN_POINT('Ctrl Pts',(-2.97429137449409,7.71317592662772,9.12789852974393));
#3786=CARTESIAN_POINT('Ctrl Pts',(-0.999602575923104,7.77694467168138,8.89619094257368));
#3787=CARTESIAN_POINT('Ctrl Pts',(0.999602575922914,7.77694467168138,8.89619094257367));
#3788=CARTESIAN_POINT('Ctrl Pts',(2.97429137449394,7.71317592662773,9.12789852974392));
#3789=CARTESIAN_POINT('Ctrl Pts',(-3.03800220604156,8.02560695359035,8.65108259405331));
#3790=CARTESIAN_POINT('Ctrl Pts',(-1.02178783661321,8.08798178711541,8.40493410892556));
#3791=CARTESIAN_POINT('Ctrl Pts',(1.02178783661301,8.08798178711541,8.40493410892555));
#3792=CARTESIAN_POINT('Ctrl Pts',(3.0380022060414,8.02560695359035,8.65108259405329));
#3793=CARTESIAN_POINT('Ctrl Pts',(-3.06525154511006,8.07855236211937,8.42799816180837));
#3794=CARTESIAN_POINT('Ctrl Pts',(-1.03129226152107,8.13820891353905,8.17663646165533));
#3795=CARTESIAN_POINT('Ctrl Pts',(1.03129226152087,8.13820891353905,8.17663646165532));
#3796=CARTESIAN_POINT('Ctrl Pts',(3.0652515451099,8.07855236211937,8.42799816180835));
#3797=CARTESIAN_POINT('',(-2.94735725491352,6.83228788680573,9.1517584481681));
#3798=CARTESIAN_POINT('Origin',(-3.06525154511006,7.10557940227796,8.19707908633505));
#3799=CARTESIAN_POINT('Ctrl Pts',(-2.94735725491352,6.83228788680573,9.1517584481681));
#3800=CARTESIAN_POINT('Ctrl Pts',(-0.991627174539445,6.88596092814166,8.92560814947463));
#3801=CARTESIAN_POINT('Ctrl Pts',(0.99162717453929,6.88596092814166,8.92560814947463));
#3802=CARTESIAN_POINT('Ctrl Pts',(2.94735725491337,6.83228788680573,9.15175844816808));
#3803=CARTESIAN_POINT('Ctrl Pts',(-5.7348106451026,5.77525878251891,9.38067292687943));
#3804=CARTESIAN_POINT('Ctrl Pts',(-5.46182159172164,6.04633590447652,9.38067292687943));
#3805=CARTESIAN_POINT('Ctrl Pts',(-5.13124290284453,6.26566190113806,9.36374194542215));
#3806=CARTESIAN_POINT('Ctrl Pts',(-4.20916973371901,6.68557029023139,9.29141774559191));
#3807=CARTESIAN_POINT('Ctrl Pts',(-3.57469131975373,6.81507133553849,9.22430004660639));
#3808=CARTESIAN_POINT('Ctrl Pts',(-2.94735725491349,6.83228788680575,9.1517584481681));
#3809=CARTESIAN_POINT('Ctrl Pts',(-5.88692924330331,5.92845028693125,9.45500606700981));
#3810=CARTESIAN_POINT('Ctrl Pts',(-5.59673549090605,6.22502306418953,9.45718900129983));
#3811=CARTESIAN_POINT('Ctrl Pts',(-5.24537819714065,6.46648498709979,9.44108294927593));
#3812=CARTESIAN_POINT('Ctrl Pts',(-4.27116126922174,6.93557842458349,9.37162481135913));
#3813=CARTESIAN_POINT('Ctrl Pts',(-3.60794387445894,7.09160856418448,9.30667965064281));
#3814=CARTESIAN_POINT('Ctrl Pts',(-2.94570588759336,7.12830891304796,9.23629504895976));
#3815=CARTESIAN_POINT('Ctrl Pts',(-6.18486028158198,6.22848265973039,9.44996973357681));
#3816=CARTESIAN_POINT('Ctrl Pts',(-5.86492881026682,6.57275944773197,9.44778600981466));
#3817=CARTESIAN_POINT('Ctrl Pts',(-5.47727966035503,6.85674938698883,9.42422528223698));
#3818=CARTESIAN_POINT('Ctrl Pts',(-4.41231161556416,7.42269186744015,9.32542857473187));
#3819=CARTESIAN_POINT('Ctrl Pts',(-3.69886361474656,7.63521593688581,9.23204905495179));
#3820=CARTESIAN_POINT('Ctrl Pts',(-2.97429470137476,7.7131507736306,9.12786378949174));
#3821=CARTESIAN_POINT('Ctrl Pts',(-6.42337813856368,6.46868280469899,9.2127469128351));
#3822=CARTESIAN_POINT('Ctrl Pts',(-6.07972618161499,6.84195268656504,9.19477016636485));
#3823=CARTESIAN_POINT('Ctrl Pts',(-5.66471497504362,7.14775352055809,9.14973512087138));
#3824=CARTESIAN_POINT('Ctrl Pts',(-4.53512295646583,7.7496714262711,8.97899947814507));
#3825=CARTESIAN_POINT('Ctrl Pts',(-3.78927370418256,7.96229858181842,8.81679154896284));
#3826=CARTESIAN_POINT('Ctrl Pts',(-3.03800220604159,8.02560695359036,8.65108259405332));
#3827=CARTESIAN_POINT('Ctrl Pts',(-6.50145004575125,6.54730536009898,9.08217834286459));
#3828=CARTESIAN_POINT('Ctrl Pts',(-6.14933351456413,6.92715229209969,9.05692842406044));
#3829=CARTESIAN_POINT('Ctrl Pts',(-5.72502817985826,7.23631571540461,9.00246144011204));
#3830=CARTESIAN_POINT('Ctrl Pts',(-4.5747212305486,7.83620532948131,8.80188735191309));
#3831=CARTESIAN_POINT('Ctrl Pts',(-3.81935472845494,8.0345978812375,8.613199498139));
#3832=CARTESIAN_POINT('Ctrl Pts',(-3.06525154511009,8.07855236211938,8.42799816180839));
#3833=CARTESIAN_POINT('',(-5.7348106451026,5.77525878251891,9.38067292687943));
#3834=CARTESIAN_POINT('Origin',(-5.9642030709067,6.00626913381967,8.43515014419484));
#3835=CARTESIAN_POINT('Ctrl Pts',(-5.7348106451026,5.77525878251891,9.38067292687943));
#3836=CARTESIAN_POINT('Ctrl Pts',(-5.46182159172164,6.04633590447652,9.38067292687943));
#3837=CARTESIAN_POINT('Ctrl Pts',(-5.13124290284453,6.26566190113806,9.36374194542215));
#3838=CARTESIAN_POINT('Ctrl Pts',(-4.20916973371901,6.68557029023139,9.29141774559191));
#3839=CARTESIAN_POINT('Ctrl Pts',(-3.57469131975373,6.81507133553849,9.22430004660639));
#3840=CARTESIAN_POINT('Ctrl Pts',(-2.94735725491349,6.83228788680575,9.1517584481681));
#3841=CARTESIAN_POINT('Ctrl Pts',(-6.50145004575127,6.54730536009899,9.08217834286458));
#3842=CARTESIAN_POINT('Ctrl Pts',(-6.51678880156624,6.53207403221518,9.08217834286458));
#3843=CARTESIAN_POINT('Ctrl Pts',(-6.53207403217435,6.51678880160716,9.08217834286458));
#3844=CARTESIAN_POINT('Ctrl Pts',(-6.54730536005825,6.50145004579228,9.08217834286458));
#3845=CARTESIAN_POINT('Ctrl Pts',(-6.41036615403244,6.45557904546567,9.23450834116352));
#3846=CARTESIAN_POINT('Ctrl Pts',(-6.42549078351341,6.44056034424084,9.23450834116352));
#3847=CARTESIAN_POINT('Ctrl Pts',(-6.44056034420058,6.42549078355376,9.23450834116352));
#3848=CARTESIAN_POINT('Ctrl Pts',(-6.45557904542551,6.41036615407287,9.23450834116352));
#3849=CARTESIAN_POINT('Ctrl Pts',(-6.16211216894558,6.20557410260107,9.45894637940764));
#3850=CARTESIAN_POINT('Ctrl Pts',(-6.17665008433654,6.1911380063011,9.45894637940764));
#3851=CARTESIAN_POINT('Ctrl Pts',(-6.1911380062624,6.17665008437532,9.45894637940764));
#3852=CARTESIAN_POINT('Ctrl Pts',(-6.20557410256246,6.16211216898445,9.45894637940764));
#3853=CARTESIAN_POINT('Ctrl Pts',(-5.86791441852824,5.90930134887971,9.44571442449351));
#3854=CARTESIAN_POINT('Ctrl Pts',(-5.88175828697694,5.89555443863054,9.44571442449351));
#3855=CARTESIAN_POINT('Ctrl Pts',(-5.89555443859369,5.88175828701387,9.44571442449352));
#3856=CARTESIAN_POINT('Ctrl Pts',(-5.90930134884295,5.86791441856524,9.44571442449352));
#3857=CARTESIAN_POINT('Ctrl Pts',(-5.73481064510261,5.77525878251892,9.38067292687943));
#3858=CARTESIAN_POINT('Ctrl Pts',(-5.74834068217301,5.76182350566954,9.38067292687943));
#3859=CARTESIAN_POINT('Ctrl Pts',(-5.76182350563352,5.74834068220909,9.38067292687943));
#3860=CARTESIAN_POINT('Ctrl Pts',(-5.77525878248299,5.73481064513878,9.38067292687943));
#3861=CARTESIAN_POINT('',(-5.77525878248299,5.73481064513878,9.38067292687943));
#3862=CARTESIAN_POINT('Origin',(-6.00626913378231,5.96420307094433,8.43515014419484));
#3863=CARTESIAN_POINT('Ctrl Pts',(-5.77525878248299,5.73481064513878,9.38067292687943));
#3864=CARTESIAN_POINT('Ctrl Pts',(-5.76182350563352,5.74834068220909,9.38067292687943));
#3865=CARTESIAN_POINT('Ctrl Pts',(-5.74834068217301,5.76182350566954,9.38067292687943));
#3866=CARTESIAN_POINT('Ctrl Pts',(-5.73481064510261,5.77525878251892,9.38067292687943));
#3867=CARTESIAN_POINT('Ctrl Pts',(-6.50145004575127,6.54730536009899,9.08217834286458));
#3868=CARTESIAN_POINT('Ctrl Pts',(-6.51678880156624,6.53207403221518,9.08217834286458));
#3869=CARTESIAN_POINT('Ctrl Pts',(-6.53207403217435,6.51678880160716,9.08217834286458));
#3870=CARTESIAN_POINT('Ctrl Pts',(-6.54730536005825,6.50145004579228,9.08217834286458));
#3871=CARTESIAN_POINT('Ctrl Pts',(-6.83228788680573,2.94735725491341,9.15175844816808));
#3872=CARTESIAN_POINT('Ctrl Pts',(-6.81512517577859,3.57272949731095,9.22407319181908));
#3873=CARTESIAN_POINT('Ctrl Pts',(-6.68517148552314,4.21035118584549,9.29152313315595));
#3874=CARTESIAN_POINT('Ctrl Pts',(-6.26546085709502,5.13159422616426,9.36376664373119));
#3875=CARTESIAN_POINT('Ctrl Pts',(-6.04611318679455,5.46204588025172,9.38067292687946));
#3876=CARTESIAN_POINT('Ctrl Pts',(-5.77525878251816,5.73481064510336,9.38067292687943));
#3877=CARTESIAN_POINT('Ctrl Pts',(-7.12830891304794,2.94570588759326,9.23629504895974));
#3878=CARTESIAN_POINT('Ctrl Pts',(-7.0917233348816,3.60587289917906,9.30645954129691));
#3879=CARTESIAN_POINT('Ctrl Pts',(-6.93629390013688,4.27613625363436,9.3728666890385));
#3880=CARTESIAN_POINT('Ctrl Pts',(-6.46562798379948,5.24372832317464,9.44048464340658));
#3881=CARTESIAN_POINT('Ctrl Pts',(-6.22477939920961,5.59697391486243,9.45718720779526));
#3882=CARTESIAN_POINT('Ctrl Pts',(-5.92845028693043,5.88692924330412,9.45500606700981));
#3883=CARTESIAN_POINT('Ctrl Pts',(-7.7131507736306,2.97429470137463,9.12786378949171));
#3884=CARTESIAN_POINT('Ctrl Pts',(-7.63545965760823,3.6965977158853,9.23172324291319));
#3885=CARTESIAN_POINT('Ctrl Pts',(-7.4262449276059,4.4245964536567,9.32469305987633));
#3886=CARTESIAN_POINT('Ctrl Pts',(-6.85425372241304,5.47176152070189,9.42473722502561));
#3887=CARTESIAN_POINT('Ctrl Pts',(-6.57247658901043,5.86519166681186,9.44778780396793));
#3888=CARTESIAN_POINT('Ctrl Pts',(-6.22848265972944,6.18486028158288,9.44996973357682));
#3889=CARTESIAN_POINT('Ctrl Pts',(-8.02560695359035,3.03800220604145,8.65108259405328));
#3890=CARTESIAN_POINT('Ctrl Pts',(-7.96249656211493,3.78692430000813,8.81627333775257));
#3891=CARTESIAN_POINT('Ctrl Pts',(-7.75246581664571,4.55076413957206,8.97112142609997));
#3892=CARTESIAN_POINT('Ctrl Pts',(-7.14563384144368,5.65744501904285,9.15419946733947));
#3893=CARTESIAN_POINT('Ctrl Pts',(-6.84164600704077,6.08000852697389,9.19478493610744));
#3894=CARTESIAN_POINT('Ctrl Pts',(-6.46868280469797,6.42337813856464,9.21274691283514));
#3895=CARTESIAN_POINT('Ctrl Pts',(-8.07855236211937,3.06525154510995,8.42799816180834));
#3896=CARTESIAN_POINT('Ctrl Pts',(-8.03473533732589,3.81699646892885,8.61262032962782));
#3897=CARTESIAN_POINT('Ctrl Pts',(-7.83760660278563,4.59059744010607,8.7909032481599));
#3898=CARTESIAN_POINT('Ctrl Pts',(-7.23495730160678,5.71765203662644,9.00864241135847));
#3899=CARTESIAN_POINT('Ctrl Pts',(-6.9268402088536,6.14962281443966,9.0569491694607));
#3900=CARTESIAN_POINT('Ctrl Pts',(-6.54730536009794,6.50145004575223,9.08217834286464));
#3901=CARTESIAN_POINT('',(-6.83228788680573,2.94735725491342,9.15175844816808));
#3902=CARTESIAN_POINT('Origin',(-7.10557940227795,3.06525154510996,8.19707908633504));
#3903=CARTESIAN_POINT('Ctrl Pts',(-6.83228788680573,2.94735725491341,9.15175844816808));
#3904=CARTESIAN_POINT('Ctrl Pts',(-6.81512517577859,3.57272949731095,9.22407319181908));
#3905=CARTESIAN_POINT('Ctrl Pts',(-6.68517148552314,4.21035118584549,9.29152313315595));
#3906=CARTESIAN_POINT('Ctrl Pts',(-6.26546085709502,5.13159422616426,9.36376664373119));
#3907=CARTESIAN_POINT('Ctrl Pts',(-6.04611318679455,5.46204588025172,9.38067292687946));
#3908=CARTESIAN_POINT('Ctrl Pts',(-5.77525878251816,5.73481064510336,9.38067292687943));
#3909=CARTESIAN_POINT('Ctrl Pts',(-6.83228788680572,-2.94735725491354,9.15175844816809));
#3910=CARTESIAN_POINT('Ctrl Pts',(-6.88596092814165,-0.991627174539435,
8.92560814947463));
#3911=CARTESIAN_POINT('Ctrl Pts',(-6.88596092814165,0.991627174539321,8.92560814947462));
#3912=CARTESIAN_POINT('Ctrl Pts',(-6.83228788680573,2.94735725491342,9.15175844816808));
#3913=CARTESIAN_POINT('Ctrl Pts',(-7.12830891304794,-2.94570588759339,9.23629504895975));
#3914=CARTESIAN_POINT('Ctrl Pts',(-7.18501742747383,-0.990719218985417,
9.01125227632886));
#3915=CARTESIAN_POINT('Ctrl Pts',(-7.18501742747383,0.990719218985284,9.01125227632885));
#3916=CARTESIAN_POINT('Ctrl Pts',(-7.12830891304794,2.94570588759327,9.23629504895974));
#3917=CARTESIAN_POINT('Ctrl Pts',(-7.71317592662773,-2.97429137449411,9.12789852974393));
#3918=CARTESIAN_POINT('Ctrl Pts',(-7.77694467168139,-0.999602575923088,
8.89619094257367));
#3919=CARTESIAN_POINT('Ctrl Pts',(-7.77694467168139,0.999602575922929,8.89619094257366));
#3920=CARTESIAN_POINT('Ctrl Pts',(-7.71317592662773,2.97429137449399,9.12789852974392));
#3921=CARTESIAN_POINT('Ctrl Pts',(-8.02560695359035,-3.03800220604158,8.65108259405329));
#3922=CARTESIAN_POINT('Ctrl Pts',(-8.08798178711541,-1.02178783661319,8.40493410892553));
#3923=CARTESIAN_POINT('Ctrl Pts',(-8.08798178711541,1.02178783661302,8.40493410892552));
#3924=CARTESIAN_POINT('Ctrl Pts',(-8.02560695359035,3.03800220604146,8.65108259405328));
#3925=CARTESIAN_POINT('Ctrl Pts',(-8.07855236211936,-3.06525154511008,8.42799816180835));
#3926=CARTESIAN_POINT('Ctrl Pts',(-8.13820891353905,-1.03129226152105,8.17663646165529));
#3927=CARTESIAN_POINT('Ctrl Pts',(-8.13820891353905,1.03129226152088,8.17663646165528));
#3928=CARTESIAN_POINT('Ctrl Pts',(-8.07855236211937,3.06525154510996,8.42799816180834));
#3929=CARTESIAN_POINT('',(-8.07855236211937,-3.06525154511009,8.4279981618083));
#3930=CARTESIAN_POINT('Ctrl Pts',(-8.07855236211937,3.06525154510996,8.42799816180834));
#3931=CARTESIAN_POINT('Ctrl Pts',(-8.13820891353905,1.03129226152088,8.17663646165528));
#3932=CARTESIAN_POINT('Ctrl Pts',(-8.13820891353905,-1.03129226152105,8.17663646165529));
#3933=CARTESIAN_POINT('Ctrl Pts',(-8.07855236211936,-3.06525154511008,8.42799816180835));
#3934=CARTESIAN_POINT('',(-6.83228788680572,-2.94735725491354,9.15175844816809));
#3935=CARTESIAN_POINT('Origin',(-7.10557940227795,-3.06525154511008,8.19707908633505));
#3936=CARTESIAN_POINT('',(-6.87254266780764,2.40278666963079E-6,8.9821457241481));
#3937=CARTESIAN_POINT('Ctrl Pts',(-6.83228788680572,-2.94735725491354,9.15175844816809));
#3938=CARTESIAN_POINT('Ctrl Pts',(-6.85912442930078,-1.96949141939419,9.03868320685333));
#3939=CARTESIAN_POINT('Ctrl Pts',(-6.87254268963475,-0.984744505505449,
8.98214563218));
#3940=CARTESIAN_POINT('Ctrl Pts',(-6.87254266780764,2.40278666963079E-6,
8.9821457241481));
#3941=CARTESIAN_POINT('Ctrl Pts',(-6.87254266780764,2.40278666963079E-6,
8.9821457241481));
#3942=CARTESIAN_POINT('Ctrl Pts',(-6.87254264598057,0.984747709220971,8.98214581611605));
#3943=CARTESIAN_POINT('Ctrl Pts',(-6.8591243856466,1.96949301005867,9.03868339078938));
#3944=CARTESIAN_POINT('Ctrl Pts',(-6.83228788680573,2.94735725491342,9.15175844816808));
#3945=CARTESIAN_POINT('Ctrl Pts',(-5.77525878251762,-5.73481064510394,9.38067292687943));
#3946=CARTESIAN_POINT('Ctrl Pts',(-6.04611323647091,-5.46204583022518,9.38067292687948));
#3947=CARTESIAN_POINT('Ctrl Pts',(-6.26546090135219,-5.1315941284911,9.36376663610606));
#3948=CARTESIAN_POINT('Ctrl Pts',(-6.68517136455416,-4.21035145136658,9.29152315378777));
#3949=CARTESIAN_POINT('Ctrl Pts',(-6.81512517847337,-3.57272939911864,9.22407318046464));
#3950=CARTESIAN_POINT('Ctrl Pts',(-6.83228788680572,-2.94735725491354,9.15175844816809));
#3951=CARTESIAN_POINT('Ctrl Pts',(-5.92845028692984,-5.88692924330474,9.45500606700981));
#3952=CARTESIAN_POINT('Ctrl Pts',(-6.22477945355819,-5.59697386168304,9.45718720819533));
#3953=CARTESIAN_POINT('Ctrl Pts',(-6.46626224031626,-5.24574780154325,9.44110398785882));
#3954=CARTESIAN_POINT('Ctrl Pts',(-6.93512436838365,-4.27241268509534,9.37172470280076));
#3955=CARTESIAN_POINT('Ctrl Pts',(-7.09172334062604,-3.6058727955234,9.30645953028008));
#3956=CARTESIAN_POINT('Ctrl Pts',(-7.12830891304793,-2.94570588759339,9.23629504895975));
#3957=CARTESIAN_POINT('Ctrl Pts',(-6.22848265972877,-6.18486028158356,9.44996973357683));
#3958=CARTESIAN_POINT('Ctrl Pts',(-6.57247665210101,-5.8651916081829,9.44778780356779));
#3959=CARTESIAN_POINT('Ctrl Pts',(-6.85648531225563,-5.47767959376548,9.42425899043806));
#3960=CARTESIAN_POINT('Ctrl Pts',(-7.42213010940892,-4.41368438509993,9.32557487235812));
#3961=CARTESIAN_POINT('Ctrl Pts',(-7.63545966980683,-3.69659760247326,9.23172322660576));
#3962=CARTESIAN_POINT('Ctrl Pts',(-7.71315077363059,-2.97429470137476,9.12786378949173));
#3963=CARTESIAN_POINT('Ctrl Pts',(-6.46868280469724,-6.42337813856537,9.21274691283518));
#3964=CARTESIAN_POINT('Ctrl Pts',(-6.84164607544449,-6.08000846399804,9.19478493281315));
#3965=CARTESIAN_POINT('Ctrl Pts',(-7.14746908638239,-5.66514154141531,9.14979756888688));
#3966=CARTESIAN_POINT('Ctrl Pts',(-7.74908180382569,-4.53657284480524,8.9792379776407));
#3967=CARTESIAN_POINT('Ctrl Pts',(-7.96249657202415,-3.78692418241647,8.81627331181525));
#3968=CARTESIAN_POINT('Ctrl Pts',(-8.02560695359034,-3.03800220604158,8.6510825940533));
#3969=CARTESIAN_POINT('Ctrl Pts',(-6.5473053600972,-6.50145004575297,9.0821783428647));
#3970=CARTESIAN_POINT('Ctrl Pts',(-6.9268402784626,-6.14962274991263,9.05694916483356));
#3971=CARTESIAN_POINT('Ctrl Pts',(-7.2360307317889,-5.72546464276994,9.00253693477292));
#3972=CARTESIAN_POINT('Ctrl Pts',(-7.83562727906677,-4.5761921036301,8.80216098177548));
#3973=CARTESIAN_POINT('Ctrl Pts',(-8.03473534420578,-3.81699635089397,8.61262030063949));
#3974=CARTESIAN_POINT('Ctrl Pts',(-8.07855236211936,-3.06525154511009,8.42799816180836));
#3975=CARTESIAN_POINT('',(-7.46300671673966,-5.28764140483719,8.92825890217912));
#3976=CARTESIAN_POINT('Ctrl Pts',(-8.07789527172168,-3.06491547070772,8.4307485573704));
#3977=CARTESIAN_POINT('Ctrl Pts',(-8.03387311660761,-3.81607642758359,8.6149961350687));
#3978=CARTESIAN_POINT('Ctrl Pts',(-7.83484797253397,-4.57459486058184,8.8040672840478));
#3979=CARTESIAN_POINT('Ctrl Pts',(-7.46302426109592,-5.28764844514447,8.92827100561135));
#3980=CARTESIAN_POINT('Ctrl Pts',(-7.46329430868384,-5.28985875201252,8.92658893939391));
#3981=CARTESIAN_POINT('Ctrl Pts',(-7.2360307317889,-5.72546464276994,9.00253693477292));
#3982=CARTESIAN_POINT('Ctrl Pts',(-6.9268402784626,-6.14962274991263,9.05694916483356));
#3983=CARTESIAN_POINT('Ctrl Pts',(-6.5473053600972,-6.50145004575297,9.0821783428647));
#3984=CARTESIAN_POINT('Ctrl Pts',(-5.77525878251762,-5.73481064510394,9.38067292687943));
#3985=CARTESIAN_POINT('Ctrl Pts',(-6.04611323647091,-5.46204583022518,9.38067292687948));
#3986=CARTESIAN_POINT('Ctrl Pts',(-6.26546090135219,-5.1315941284911,9.36376663610606));
#3987=CARTESIAN_POINT('Ctrl Pts',(-6.68517136455416,-4.21035145136658,9.29152315378777));
#3988=CARTESIAN_POINT('Ctrl Pts',(-6.81512517847337,-3.57272939911864,9.22407318046464));
#3989=CARTESIAN_POINT('Ctrl Pts',(-6.83228788680572,-2.94735725491354,9.15175844816809));
#3990=CARTESIAN_POINT('Ctrl Pts',(6.20888876175184,-6.16540350213931,9.59999999999999));
#3991=CARTESIAN_POINT('Ctrl Pts',(6.19805568384858,-6.176312986916,9.59999999999999));
#3992=CARTESIAN_POINT('Ctrl Pts',(6.18718433538229,-6.18718433538229,9.59999999999999));
#3993=CARTESIAN_POINT('Ctrl Pts',(3.21964677141295E-14,-12.3743686707646,
9.59999999999999));
#3994=CARTESIAN_POINT('Ctrl Pts',(-6.18718433538229,-6.18718433538235,9.59999999999999));
#3995=CARTESIAN_POINT('Ctrl Pts',(-12.3743686707646,-9.43689570931383E-14,
9.59999999999999));
#3996=CARTESIAN_POINT('Ctrl Pts',(-6.18718433538235,6.18718433538223,9.6));
#3997=CARTESIAN_POINT('Ctrl Pts',(-9.2148511043888E-14,12.3743686707645,
9.6));
#3998=CARTESIAN_POINT('Ctrl Pts',(6.18718433538223,6.18718433538229,9.6));
#3999=CARTESIAN_POINT('Ctrl Pts',(12.3526641103778,0.0217045603867305,9.6));
#4000=CARTESIAN_POINT('Ctrl Pts',(6.20888876175184,-6.16540350213931,9.59999999999999));
#4001=CARTESIAN_POINT('Ctrl Pts',(6.41313906696216,-6.36822329733587,9.3121561942614));
#4002=CARTESIAN_POINT('Ctrl Pts',(6.40194961941644,-6.37949166526876,9.3121561942614));
#4003=CARTESIAN_POINT('Ctrl Pts',(6.3907206423426,-6.3907206423426,9.3121561942614));
#4004=CARTESIAN_POINT('Ctrl Pts',(3.33066907387547E-14,-12.7814412846852,
9.31215619426139));
#4005=CARTESIAN_POINT('Ctrl Pts',(-6.3907206423426,-6.39072064234266,9.31215619426139));
#4006=CARTESIAN_POINT('Ctrl Pts',(-12.7814412846852,-9.43689570931383E-14,
9.3121561942614));
#4007=CARTESIAN_POINT('Ctrl Pts',(-6.39072064234266,6.39072064234253,9.3121561942614));
#4008=CARTESIAN_POINT('Ctrl Pts',(-9.32587340685131E-14,12.7814412846852,
9.31215619426141));
#4009=CARTESIAN_POINT('Ctrl Pts',(6.39072064234254,6.3907206423426,9.3121561942614));
#4010=CARTESIAN_POINT('Ctrl Pts',(12.7590227216398,0.0224185630454289,9.3121561942614));
#4011=CARTESIAN_POINT('Ctrl Pts',(6.41313906696216,-6.36822329733587,9.3121561942614));
#4012=CARTESIAN_POINT('Ctrl Pts',(6.79726463831913,-6.74965856438312,8.70202151287023));
#4013=CARTESIAN_POINT('Ctrl Pts',(6.78540498030599,-6.76160186985055,8.70202151287023));
#4014=CARTESIAN_POINT('Ctrl Pts',(6.77350342507827,-6.77350342507827,8.70202151287023));
#4015=CARTESIAN_POINT('Ctrl Pts',(3.33066907387547E-14,-13.5470068501566,
8.70202151287023));
#4016=CARTESIAN_POINT('Ctrl Pts',(-6.77350342507826,-6.77350342507833,8.70202151287023));
#4017=CARTESIAN_POINT('Ctrl Pts',(-13.5470068501566,-9.32587340685131E-14,
8.70202151287023));
#4018=CARTESIAN_POINT('Ctrl Pts',(-6.77350342507833,6.7735034250782,8.70202151287024));
#4019=CARTESIAN_POINT('Ctrl Pts',(-9.10382880192628E-14,13.5470068501565,
8.70202151287024));
#4020=CARTESIAN_POINT('Ctrl Pts',(6.77350342507821,6.77350342507827,8.70202151287024));
#4021=CARTESIAN_POINT('Ctrl Pts',(13.5232454901986,0.0237613599579691,8.70202151287024));
#4022=CARTESIAN_POINT('Ctrl Pts',(6.79726463831913,-6.74965856438312,8.70202151287023));
#4023=CARTESIAN_POINT('Ctrl Pts',(7.30039148689907,-7.24926165815475,7.68357731991337));
#4024=CARTESIAN_POINT('Ctrl Pts',(7.28765398865477,-7.2620889953557,7.68357731991337));
#4025=CARTESIAN_POINT('Ctrl Pts',(7.27487149200524,-7.27487149200523,7.68357731991337));
#4026=CARTESIAN_POINT('Ctrl Pts',(3.33066907387547E-14,-14.5497429840105,
7.68357731991336));
#4027=CARTESIAN_POINT('Ctrl Pts',(-7.27487149200523,-7.2748714920053,7.68357731991337));
#4028=CARTESIAN_POINT('Ctrl Pts',(-14.5497429840105,-9.32587340685131E-14,
7.68357731991337));
#4029=CARTESIAN_POINT('Ctrl Pts',(-7.27487149200529,7.27487149200517,7.68357731991338));
#4030=CARTESIAN_POINT('Ctrl Pts',(-9.10382880192628E-14,14.5497429840104,
7.68357731991338));
#4031=CARTESIAN_POINT('Ctrl Pts',(7.27487149200517,7.27487149200523,7.68357731991338));
#4032=CARTESIAN_POINT('Ctrl Pts',(14.5242228315397,0.0255201524708008,7.68357731991338));
#4033=CARTESIAN_POINT('Ctrl Pts',(7.30039148689907,-7.24926165815475,7.68357731991337));
#4034=CARTESIAN_POINT('Ctrl Pts',(7.84338036562656,-7.78844759995354,6.15290900213139));
#4035=CARTESIAN_POINT('Ctrl Pts',(7.82969547710848,-7.80222900947463,6.15290900213139));
#4036=CARTESIAN_POINT('Ctrl Pts',(7.81596224329156,-7.81596224329155,6.15290900213139));
#4037=CARTESIAN_POINT('Ctrl Pts',(3.21964677141295E-14,-15.6319244865831,
6.15290900213138));
#4038=CARTESIAN_POINT('Ctrl Pts',(-7.81596224329155,-7.81596224329161,6.15290900213138));
#4039=CARTESIAN_POINT('Ctrl Pts',(-15.6319244865831,-9.10382880192628E-14,
6.15290900213139));
#4040=CARTESIAN_POINT('Ctrl Pts',(-7.81596224329161,7.81596224329149,6.15290900213139));
#4041=CARTESIAN_POINT('Ctrl Pts',(-8.99280649946377E-14,15.6319244865831,
6.1529090021314));
#4042=CARTESIAN_POINT('Ctrl Pts',(7.81596224329149,7.81596224329155,6.15290900213139));
#4043=CARTESIAN_POINT('Ctrl Pts',(15.6045061949509,0.0274182916322314,6.15290900213139));
#4044=CARTESIAN_POINT('Ctrl Pts',(7.84338036562656,-7.78844759995354,6.15290900213139));
#4045=CARTESIAN_POINT('Ctrl Pts',(8.34115289981495,-8.28273387940171,4.18708422167986));
#4046=CARTESIAN_POINT('Ctrl Pts',(8.32659951310856,-8.29738991272303,4.18708422167986));
#4047=CARTESIAN_POINT('Ctrl Pts',(8.3119947129158,-8.3119947129158,4.18708422167986));
#4048=CARTESIAN_POINT('Ctrl Pts',(3.10862446895044E-14,-16.6239894258316,
4.18708422167986));
#4049=CARTESIAN_POINT('Ctrl Pts',(-8.3119947129158,-8.31199471291586,4.18708422167986));
#4050=CARTESIAN_POINT('Ctrl Pts',(-16.6239894258316,-8.88178419700125E-14,
4.18708422167986));
#4051=CARTESIAN_POINT('Ctrl Pts',(-8.31199471291586,8.31199471291574,4.18708422167987));
#4052=CARTESIAN_POINT('Ctrl Pts',(-8.88178419700125E-14,16.6239894258316,
4.18708422167987));
#4053=CARTESIAN_POINT('Ctrl Pts',(8.31199471291574,8.3119947129158,4.18708422167987));
#4054=CARTESIAN_POINT('Ctrl Pts',(16.5948310588909,0.0291583669406647,4.18708422167987));
#4055=CARTESIAN_POINT('Ctrl Pts',(8.34115289981495,-8.28273387940171,4.18708422167986));
#4056=CARTESIAN_POINT('Ctrl Pts',(8.64992108281574,-8.58933953942728,2.61625784368129));
#4057=CARTESIAN_POINT('Ctrl Pts',(8.63482896689244,-8.60453810168111,2.61625784368129));
#4058=CARTESIAN_POINT('Ctrl Pts',(8.61968353428678,-8.61968353428677,2.61625784368129));
#4059=CARTESIAN_POINT('Ctrl Pts',(3.10862446895044E-14,-17.2393670685736,
2.61625784368128));
#4060=CARTESIAN_POINT('Ctrl Pts',(-8.61968353428677,-8.61968353428683,2.61625784368129));
#4061=CARTESIAN_POINT('Ctrl Pts',(-17.2393670685736,-8.65973959207622E-14,
2.61625784368129));
#4062=CARTESIAN_POINT('Ctrl Pts',(-8.61968353428683,8.61968353428672,2.6162578436813));
#4063=CARTESIAN_POINT('Ctrl Pts',(-8.65973959207622E-14,17.2393670685735,
2.6162578436813));
#4064=CARTESIAN_POINT('Ctrl Pts',(8.61968353428672,8.61968353428678,2.6162578436813));
#4065=CARTESIAN_POINT('Ctrl Pts',(17.2091293333384,0.0302377352351518,2.6162578436813));
#4066=CARTESIAN_POINT('Ctrl Pts',(8.64992108281574,-8.58933953942728,2.61625784368129));
#4067=CARTESIAN_POINT('Ctrl Pts',(8.83340135972081,-8.77153477358459,1.48865638203517));
#4068=CARTESIAN_POINT('Ctrl Pts',(8.81798911306081,-8.78705572449192,1.48865638203517));
#4069=CARTESIAN_POINT('Ctrl Pts',(8.80252241877637,-8.80252241877636,1.48865638203517));
#4070=CARTESIAN_POINT('Ctrl Pts',(3.33066907387547E-14,-17.6050448375528,
1.48865638203516));
#4071=CARTESIAN_POINT('Ctrl Pts',(-8.80252241877636,-8.80252241877643,1.48865638203517));
#4072=CARTESIAN_POINT('Ctrl Pts',(-17.6050448375528,-8.88178419700125E-14,
1.48865638203517));
#4073=CARTESIAN_POINT('Ctrl Pts',(-8.80252241877643,8.80252241877631,1.48865638203518));
#4074=CARTESIAN_POINT('Ctrl Pts',(-8.88178419700125E-14,17.6050448375527,
1.48865638203518));
#4075=CARTESIAN_POINT('Ctrl Pts',(8.80252241877631,8.80252241877637,1.48865638203518));
#4076=CARTESIAN_POINT('Ctrl Pts',(17.5741657059417,0.0308791316110058,1.48865638203517));
#4077=CARTESIAN_POINT('Ctrl Pts',(8.83340135972081,-8.77153477358459,1.48865638203517));
#4078=CARTESIAN_POINT('Ctrl Pts',(8.93217087153556,-8.86961253232919,0.785522682824213));
#4079=CARTESIAN_POINT('Ctrl Pts',(8.91658629487304,-8.88530702870125,0.785522682824213));
#4080=CARTESIAN_POINT('Ctrl Pts',(8.90094666178715,-8.90094666178714,0.785522682824213));
#4081=CARTESIAN_POINT('Ctrl Pts',(3.44169137633799E-14,-17.8018933235743,
0.785522682824207));
#4082=CARTESIAN_POINT('Ctrl Pts',(-8.90094666178714,-8.9009466617872,0.78552268282421));
#4083=CARTESIAN_POINT('Ctrl Pts',(-17.8018933235743,-8.88178419700125E-14,
0.785522682824214));
#4084=CARTESIAN_POINT('Ctrl Pts',(-8.9009466617872,8.90094666178709,0.78552268282422));
#4085=CARTESIAN_POINT('Ctrl Pts',(-8.99280649946377E-14,17.8018933235743,
0.785522682824227));
#4086=CARTESIAN_POINT('Ctrl Pts',(8.90094666178708,8.90094666178715,0.785522682824223));
#4087=CARTESIAN_POINT('Ctrl Pts',(17.7706689210274,0.0312244025468886,0.78552268282422));
#4088=CARTESIAN_POINT('Ctrl Pts',(8.93217087153556,-8.86961253232919,0.785522682824213));
#4089=CARTESIAN_POINT('Ctrl Pts',(8.97125024103205,-8.90841820123396,0.486303960283487));
#4090=CARTESIAN_POINT('Ctrl Pts',(8.95559747988912,-8.92418136299897,0.486303960283487));
#4091=CARTESIAN_POINT('Ctrl Pts',(8.93988942144405,-8.93988942144404,0.486303960283487));
#4092=CARTESIAN_POINT('Ctrl Pts',(3.21964677141295E-14,-17.8797788428881,
0.486303960283481));
#4093=CARTESIAN_POINT('Ctrl Pts',(-8.93988942144404,-8.9398894214441,0.486303960283484));
#4094=CARTESIAN_POINT('Ctrl Pts',(-17.8797788428881,-8.65973959207622E-14,
0.486303960283488));
#4095=CARTESIAN_POINT('Ctrl Pts',(-8.9398894214441,8.93988942144399,0.486303960283494));
#4096=CARTESIAN_POINT('Ctrl Pts',(-8.77076189453874E-14,17.8797788428881,
0.4863039602835));
#4097=CARTESIAN_POINT('Ctrl Pts',(8.93988942144399,8.93988942144405,0.486303960283497));
#4098=CARTESIAN_POINT('Ctrl Pts',(17.8484178296581,0.0313610132299986,0.486303960283494));
#4099=CARTESIAN_POINT('Ctrl Pts',(8.97125024103205,-8.90841820123396,0.486303960283487));
#4100=CARTESIAN_POINT('Ctrl Pts',(6.56041173859244,-6.56027837552245,9.02113757461411));
#4101=CARTESIAN_POINT('Ctrl Pts',(6.54010678235112,-6.55517253701662,9.04265542274177));
#4102=CARTESIAN_POINT('Ctrl Pts',(6.51964652578044,-6.54998833734731,9.06414282193964));
#4103=CARTESIAN_POINT('Ctrl Pts',(6.49905261697682,-6.54474745716346,9.08556576218874));
#4104=CARTESIAN_POINT('Ctrl Pts',(10.2740093889509,-7.19356074839189,1.00710617649368));
#4105=CARTESIAN_POINT('Ctrl Pts',(10.1314623289803,-7.10007750337853,1.84553096277539));
#4106=CARTESIAN_POINT('Ctrl Pts',(9.7186316335469,-6.98673653278247,3.47695096565959));
#4107=CARTESIAN_POINT('Ctrl Pts',(8.84427522691938,-6.935304373527,5.65914290098211));
#4108=CARTESIAN_POINT('Ctrl Pts',(7.8519391055261,-6.83474562383526,7.41974463533981));
#4109=CARTESIAN_POINT('Ctrl Pts',(7.07452738228526,-6.68143028236662,8.45047268473348));
#4110=CARTESIAN_POINT('Ctrl Pts',(6.5153551249753,-6.5523576890726,9.07890200831344));
#4111=CARTESIAN_POINT('Ctrl Pts',(6.1953297014454,-6.46387847916174,9.39776978979286));
#4112=CARTESIAN_POINT('Ctrl Pts',(5.93549444004452,-6.40717067446226,9.61610189823496));
#4113=CARTESIAN_POINT('Ctrl Pts',(5.90129414440332,-6.41463593323111,9.63384938323121));
#4114=CARTESIAN_POINT('Ctrl Pts',(5.82007164921762,-6.41607030864717,9.68762037019335));
#4115=CARTESIAN_POINT('Ctrl Pts',(5.6837332557753,-6.42558895575529,9.77179535072666));
#4116=CARTESIAN_POINT('Ctrl Pts',(5.44246840790813,-6.43653078645068,9.92209586280806));
#4117=CARTESIAN_POINT('Ctrl Pts',(5.11681835610684,-6.45335382560911,10.1161151545657));
#4118=CARTESIAN_POINT('Ctrl Pts',(4.86416752316841,-6.46358593293418,10.2613197977288));
#4119=CARTESIAN_POINT('Ctrl Pts',(4.73611970274359,-6.46880854595605,10.3327489846613));
#4120=CARTESIAN_POINT('Ctrl Pts',(9.54769151557584,-8.23302605565816,1.00111905783922));
#4121=CARTESIAN_POINT('Ctrl Pts',(9.41164044636428,-8.14799019228455,1.78828823400043));
#4122=CARTESIAN_POINT('Ctrl Pts',(9.01336195596878,-8.03569187158725,3.32926866594643));
#4123=CARTESIAN_POINT('Ctrl Pts',(8.16326067977289,-7.94665888586731,5.42638587005915));
#4124=CARTESIAN_POINT('Ctrl Pts',(7.21606622953402,-7.80495181641545,7.12052293375066));
#4125=CARTESIAN_POINT('Ctrl Pts',(6.50123467894193,-7.65155993267483,8.09642428403343));
#4126=CARTESIAN_POINT('Ctrl Pts',(5.99418691504039,-7.53386702182778,8.68948170482169));
#4127=CARTESIAN_POINT('Ctrl Pts',(5.70896268037684,-7.46119395347988,8.98996307092663));
#4128=CARTESIAN_POINT('Ctrl Pts',(5.47252390844945,-7.40946680462135,9.19864445470492));
#4129=CARTESIAN_POINT('Ctrl Pts',(5.43681449932111,-7.40905845932587,9.21734017686694));
#4130=CARTESIAN_POINT('Ctrl Pts',(5.35709492993643,-7.4010144306621,9.27099244421368));
#4131=CARTESIAN_POINT('Ctrl Pts',(5.22126233443952,-7.39033551138024,9.35611452474476));
#4132=CARTESIAN_POINT('Ctrl Pts',(4.98342217545592,-7.36837778634699,9.50764140738713));
#4133=CARTESIAN_POINT('Ctrl Pts',(4.66328401170874,-7.33794881098307,9.70420609247435));
#4134=CARTESIAN_POINT('Ctrl Pts',(4.41773385673184,-7.31250775693084,9.85171059106366));
#4135=CARTESIAN_POINT('Ctrl Pts',(4.29362976553609,-7.29911455976655,9.92420429499704));
#4136=CARTESIAN_POINT('Ctrl Pts',(8.31350220539564,-8.89667765607268,0.866861168749609));
#4137=CARTESIAN_POINT('Ctrl Pts',(8.18420850642099,-8.8196479248399,1.58414689648971));
#4138=CARTESIAN_POINT('Ctrl Pts',(7.81133007989149,-8.70722284181524,3.00415598063069));
#4139=CARTESIAN_POINT('Ctrl Pts',(7.03861363694583,-8.59102180909126,4.97250198100128));
#4140=CARTESIAN_POINT('Ctrl Pts',(6.20758559180175,-8.43441059199842,6.55108005483728));
#4141=CARTESIAN_POINT('Ctrl Pts',(5.60394942224417,-8.30056431824539,7.42519353450746));
#4142=CARTESIAN_POINT('Ctrl Pts',(5.18098274936685,-8.20674682466899,7.94759070343351));
#4143=CARTESIAN_POINT('Ctrl Pts',(4.94664305807625,-8.15533384573327,8.2051406345372));
#4144=CARTESIAN_POINT('Ctrl Pts',(4.74786928353734,-8.11414108382328,8.39231304221355));
#4145=CARTESIAN_POINT('Ctrl Pts',(4.71397342833747,-8.107866749343,8.41740179478469));
#4146=CARTESIAN_POINT('Ctrl Pts',(4.64204069452818,-8.09375403271051,8.47624417058436));
#4147=CARTESIAN_POINT('Ctrl Pts',(4.51789287984985,-8.06931207186068,8.57463866864954));
#4148=CARTESIAN_POINT('Ctrl Pts',(4.30233068349307,-8.02548555873168,8.74651532284457));
#4149=CARTESIAN_POINT('Ctrl Pts',(4.01274889279356,-7.96366018818012,8.97287738545499));
#4150=CARTESIAN_POINT('Ctrl Pts',(3.79229528784499,-7.91465067151047,9.14231485632263));
#4151=CARTESIAN_POINT('Ctrl Pts',(3.68118834756837,-7.88915141026952,9.22603532846685));
#4152=CARTESIAN_POINT('Ctrl Pts',(7.06298112788491,-8.92020351450166,0.657803300037191));
#4153=CARTESIAN_POINT('Ctrl Pts',(6.94034801006006,-8.84626290998074,1.3148617975672));
#4154=CARTESIAN_POINT('Ctrl Pts',(6.59316085461439,-8.73284710118976,2.63191386164448));
#4155=CARTESIAN_POINT('Ctrl Pts',(5.90027449075947,-8.62183293683211,4.47254375081583));
#4156=CARTESIAN_POINT('Ctrl Pts',(5.18839922749275,-8.49683713111811,5.91669566570173));
#4157=CARTESIAN_POINT('Ctrl Pts',(4.69752752263359,-8.40063238942419,6.67246688595528));
#4158=CARTESIAN_POINT('Ctrl Pts',(4.35961968060848,-8.33608064334082,7.11228049621273));
#4159=CARTESIAN_POINT('Ctrl Pts',(4.17646535482852,-8.30213363388289,7.31938631302937));
#4160=CARTESIAN_POINT('Ctrl Pts',(4.01577815887374,-8.27387152037562,7.48012672493527));
#4161=CARTESIAN_POINT('Ctrl Pts',(3.98389460994388,-8.26821729123762,7.51204144576708));
#4162=CARTESIAN_POINT('Ctrl Pts',(3.92005526327974,-8.25671556201525,7.57595590559316));
#4163=CARTESIAN_POINT('Ctrl Pts',(3.80816066884103,-8.23607431252866,7.68803114606326));
#4164=CARTESIAN_POINT('Ctrl Pts',(3.61572718372454,-8.19890286323435,7.88080340539239));
#4165=CARTESIAN_POINT('Ctrl Pts',(3.35778179554459,-8.14527180714987,8.13869077101719));
#4166=CARTESIAN_POINT('Ctrl Pts',(3.16301153069987,-8.10137622778463,8.33183025499583));
#4167=CARTESIAN_POINT('Ctrl Pts',(3.06525154511002,-8.07855236211937,8.42799816180833));
#4168=CARTESIAN_POINT('Ctrl Pts',(3.06525154511002,-8.07855236211937,8.42799816180833));
#4169=CARTESIAN_POINT('Ctrl Pts',(3.16301153069987,-8.10137622778463,8.33183025499583));
#4170=CARTESIAN_POINT('Ctrl Pts',(3.35778179554459,-8.14527180714987,8.13869077101719));
#4171=CARTESIAN_POINT('Ctrl Pts',(3.61572718372454,-8.19890286323435,7.88080340539239));
#4172=CARTESIAN_POINT('Ctrl Pts',(3.80816066884103,-8.23607431252866,7.68803114606326));
#4173=CARTESIAN_POINT('Ctrl Pts',(3.92005526327974,-8.25671556201525,7.57595590559316));
#4174=CARTESIAN_POINT('Ctrl Pts',(3.98389460994388,-8.26821729123762,7.51204144576708));
#4175=CARTESIAN_POINT('Ctrl Pts',(4.01577815887374,-8.27387152037562,7.48012672493527));
#4176=CARTESIAN_POINT('Ctrl Pts',(4.17646535482852,-8.30213363388289,7.31938631302937));
#4177=CARTESIAN_POINT('Ctrl Pts',(4.35961968060848,-8.33608064334082,7.11228049621273));
#4178=CARTESIAN_POINT('Ctrl Pts',(4.69752752263359,-8.40063238942419,6.67246688595528));
#4179=CARTESIAN_POINT('Ctrl Pts',(5.18839922749275,-8.49683713111811,5.91669566570173));
#4180=CARTESIAN_POINT('Ctrl Pts',(5.90027449075947,-8.62183293683211,4.47254375081583));
#4181=CARTESIAN_POINT('Ctrl Pts',(6.55551255716938,-8.72681509580133,2.73192532841396));
#4182=CARTESIAN_POINT('Ctrl Pts',(6.88913721504454,-8.82998784982578,1.50602833600884));
#4183=CARTESIAN_POINT('Ctrl Pts',(7.00648871025637,-8.88911862559203,0.943552088377736));
#4184=CARTESIAN_POINT('Ctrl Pts',(-10.,-9.,0.));
#4185=CARTESIAN_POINT('Ctrl Pts',(10.,-9.,0.));
#4186=CARTESIAN_POINT('Ctrl Pts',(-10.,-8.94936534104231,0.388874180790488));
#4187=CARTESIAN_POINT('Ctrl Pts',(10.,-8.94936534104231,0.388874180790488));
#4188=CARTESIAN_POINT('Ctrl Pts',(-10.,-8.85848739145893,1.16592605146309));
#4189=CARTESIAN_POINT('Ctrl Pts',(10.,-8.85848739145893,1.16592605146309));
#4190=CARTESIAN_POINT('Ctrl Pts',(-10.,-8.75330681566544,2.32941557344387));
#4191=CARTESIAN_POINT('Ctrl Pts',(10.,-8.75330681566544,2.32941557344387));
#4192=CARTESIAN_POINT('Ctrl Pts',(-10.,-8.65834206165552,3.87653648596886));
#4193=CARTESIAN_POINT('Ctrl Pts',(10.,-8.65834206165552,3.87653648596886));
#4194=CARTESIAN_POINT('Ctrl Pts',(-10.,-8.53037652084853,5.80154764989399));
#4195=CARTESIAN_POINT('Ctrl Pts',(10.,-8.53037652084853,5.80154764989399));
#4196=CARTESIAN_POINT('Ctrl Pts',(-10.,-8.3359689208214,7.33096949744053));
#4197=CARTESIAN_POINT('Ctrl Pts',(10.,-8.3359689208214,7.33096949744053));
#4198=CARTESIAN_POINT('Ctrl Pts',(-10.,-8.08984230984268,8.4693731219927));
#4199=CARTESIAN_POINT('Ctrl Pts',(10.,-8.08984230984268,8.4693731219927));
#4200=CARTESIAN_POINT('Ctrl Pts',(-10.,-7.87221348099345,9.22386558152559));
#4201=CARTESIAN_POINT('Ctrl Pts',(10.,-7.87221348099345,9.22386558152559));
#4202=CARTESIAN_POINT('Ctrl Pts',(-10.,-7.75,9.6));
#4203=CARTESIAN_POINT('Ctrl Pts',(10.,-7.75,9.6));
#4204=CARTESIAN_POINT('Ctrl Pts',(6.18718433538229,-6.18718433538229,9.59999999999999));
#4205=CARTESIAN_POINT('Ctrl Pts',(3.21964677141295E-14,-12.3743686707646,
9.59999999999999));
#4206=CARTESIAN_POINT('Ctrl Pts',(-6.18718433538229,-6.18718433538235,9.59999999999999));
#4207=CARTESIAN_POINT('Ctrl Pts',(-12.3743686707646,-9.43689570931383E-14,
9.59999999999999));
#4208=CARTESIAN_POINT('Ctrl Pts',(-6.18718433538235,6.18718433538223,9.6));
#4209=CARTESIAN_POINT('Ctrl Pts',(-9.2148511043888E-14,12.3743686707645,
9.6));
#4210=CARTESIAN_POINT('Ctrl Pts',(6.18718433538223,6.18718433538229,9.6));
#4211=CARTESIAN_POINT('Ctrl Pts',(12.3743686707645,2.99760216648792E-14,
9.6));
#4212=CARTESIAN_POINT('Ctrl Pts',(6.18718433538229,-6.18718433538229,9.59999999999999));
#4213=CARTESIAN_POINT('Ctrl Pts',(6.3907206423426,-6.3907206423426,9.3121561942614));
#4214=CARTESIAN_POINT('Ctrl Pts',(3.33066907387547E-14,-12.7814412846852,
9.31215619426139));
#4215=CARTESIAN_POINT('Ctrl Pts',(-6.3907206423426,-6.39072064234266,9.31215619426139));
#4216=CARTESIAN_POINT('Ctrl Pts',(-12.7814412846852,-9.43689570931383E-14,
9.3121561942614));
#4217=CARTESIAN_POINT('Ctrl Pts',(-6.39072064234266,6.39072064234253,9.3121561942614));
#4218=CARTESIAN_POINT('Ctrl Pts',(-9.32587340685131E-14,12.7814412846852,
9.31215619426141));
#4219=CARTESIAN_POINT('Ctrl Pts',(6.39072064234254,6.3907206423426,9.3121561942614));
#4220=CARTESIAN_POINT('Ctrl Pts',(12.7814412846852,3.21964677141295E-14,
9.3121561942614));
#4221=CARTESIAN_POINT('Ctrl Pts',(6.3907206423426,-6.3907206423426,9.3121561942614));
#4222=CARTESIAN_POINT('Ctrl Pts',(6.77350342507827,-6.77350342507827,8.70202151287023));
#4223=CARTESIAN_POINT('Ctrl Pts',(3.33066907387547E-14,-13.5470068501566,
8.70202151287023));
#4224=CARTESIAN_POINT('Ctrl Pts',(-6.77350342507826,-6.77350342507833,8.70202151287023));
#4225=CARTESIAN_POINT('Ctrl Pts',(-13.5470068501566,-9.32587340685131E-14,
8.70202151287023));
#4226=CARTESIAN_POINT('Ctrl Pts',(-6.77350342507833,6.7735034250782,8.70202151287024));
#4227=CARTESIAN_POINT('Ctrl Pts',(-9.10382880192628E-14,13.5470068501565,
8.70202151287024));
#4228=CARTESIAN_POINT('Ctrl Pts',(6.77350342507821,6.77350342507827,8.70202151287024));
#4229=CARTESIAN_POINT('Ctrl Pts',(13.5470068501565,3.10862446895044E-14,
8.70202151287024));
#4230=CARTESIAN_POINT('Ctrl Pts',(6.77350342507827,-6.77350342507827,8.70202151287023));
#4231=CARTESIAN_POINT('Ctrl Pts',(7.27487149200524,-7.27487149200523,7.68357731991337));
#4232=CARTESIAN_POINT('Ctrl Pts',(3.33066907387547E-14,-14.5497429840105,
7.68357731991336));
#4233=CARTESIAN_POINT('Ctrl Pts',(-7.27487149200523,-7.2748714920053,7.68357731991337));
#4234=CARTESIAN_POINT('Ctrl Pts',(-14.5497429840105,-9.32587340685131E-14,
7.68357731991337));
#4235=CARTESIAN_POINT('Ctrl Pts',(-7.27487149200529,7.27487149200517,7.68357731991338));
#4236=CARTESIAN_POINT('Ctrl Pts',(-9.10382880192628E-14,14.5497429840104,
7.68357731991338));
#4237=CARTESIAN_POINT('Ctrl Pts',(7.27487149200517,7.27487149200523,7.68357731991338));
#4238=CARTESIAN_POINT('Ctrl Pts',(14.5497429840104,3.10862446895044E-14,
7.68357731991338));
#4239=CARTESIAN_POINT('Ctrl Pts',(7.27487149200524,-7.27487149200523,7.68357731991337));
#4240=CARTESIAN_POINT('Ctrl Pts',(7.81596224329156,-7.81596224329155,6.15290900213139));
#4241=CARTESIAN_POINT('Ctrl Pts',(3.21964677141295E-14,-15.6319244865831,
6.15290900213138));
#4242=CARTESIAN_POINT('Ctrl Pts',(-7.81596224329155,-7.81596224329161,6.15290900213138));
#4243=CARTESIAN_POINT('Ctrl Pts',(-15.6319244865831,-9.10382880192628E-14,
6.15290900213139));
#4244=CARTESIAN_POINT('Ctrl Pts',(-7.81596224329161,7.81596224329149,6.15290900213139));
#4245=CARTESIAN_POINT('Ctrl Pts',(-8.99280649946377E-14,15.6319244865831,
6.1529090021314));
#4246=CARTESIAN_POINT('Ctrl Pts',(7.81596224329149,7.81596224329155,6.15290900213139));
#4247=CARTESIAN_POINT('Ctrl Pts',(15.6319244865831,3.10862446895044E-14,
6.15290900213139));
#4248=CARTESIAN_POINT('Ctrl Pts',(7.81596224329156,-7.81596224329155,6.15290900213139));
#4249=CARTESIAN_POINT('Ctrl Pts',(8.3119947129158,-8.3119947129158,4.18708422167986));
#4250=CARTESIAN_POINT('Ctrl Pts',(3.10862446895044E-14,-16.6239894258316,
4.18708422167986));
#4251=CARTESIAN_POINT('Ctrl Pts',(-8.3119947129158,-8.31199471291586,4.18708422167986));
#4252=CARTESIAN_POINT('Ctrl Pts',(-16.6239894258316,-8.88178419700125E-14,
4.18708422167986));
#4253=CARTESIAN_POINT('Ctrl Pts',(-8.31199471291586,8.31199471291574,4.18708422167987));
#4254=CARTESIAN_POINT('Ctrl Pts',(-8.88178419700125E-14,16.6239894258316,
4.18708422167987));
#4255=CARTESIAN_POINT('Ctrl Pts',(8.31199471291574,8.3119947129158,4.18708422167987));
#4256=CARTESIAN_POINT('Ctrl Pts',(16.6239894258316,3.10862446895044E-14,
4.18708422167987));
#4257=CARTESIAN_POINT('Ctrl Pts',(8.3119947129158,-8.3119947129158,4.18708422167986));
#4258=CARTESIAN_POINT('Ctrl Pts',(8.61968353428678,-8.61968353428677,2.61625784368129));
#4259=CARTESIAN_POINT('Ctrl Pts',(3.10862446895044E-14,-17.2393670685736,
2.61625784368128));
#4260=CARTESIAN_POINT('Ctrl Pts',(-8.61968353428677,-8.61968353428683,2.61625784368129));
#4261=CARTESIAN_POINT('Ctrl Pts',(-17.2393670685736,-8.65973959207622E-14,
2.61625784368129));
#4262=CARTESIAN_POINT('Ctrl Pts',(-8.61968353428683,8.61968353428672,2.6162578436813));
#4263=CARTESIAN_POINT('Ctrl Pts',(-8.65973959207622E-14,17.2393670685735,
2.6162578436813));
#4264=CARTESIAN_POINT('Ctrl Pts',(8.61968353428672,8.61968353428678,2.6162578436813));
#4265=CARTESIAN_POINT('Ctrl Pts',(17.2393670685735,3.10862446895044E-14,
2.6162578436813));
#4266=CARTESIAN_POINT('Ctrl Pts',(8.61968353428678,-8.61968353428677,2.61625784368129));
#4267=CARTESIAN_POINT('Ctrl Pts',(8.80252241877637,-8.80252241877636,1.48865638203517));
#4268=CARTESIAN_POINT('Ctrl Pts',(3.33066907387547E-14,-17.6050448375528,
1.48865638203516));
#4269=CARTESIAN_POINT('Ctrl Pts',(-8.80252241877636,-8.80252241877643,1.48865638203517));
#4270=CARTESIAN_POINT('Ctrl Pts',(-17.6050448375528,-8.88178419700125E-14,
1.48865638203517));
#4271=CARTESIAN_POINT('Ctrl Pts',(-8.80252241877643,8.80252241877631,1.48865638203518));
#4272=CARTESIAN_POINT('Ctrl Pts',(-8.88178419700125E-14,17.6050448375527,
1.48865638203518));
#4273=CARTESIAN_POINT('Ctrl Pts',(8.80252241877631,8.80252241877637,1.48865638203518));
#4274=CARTESIAN_POINT('Ctrl Pts',(17.6050448375527,3.33066907387547E-14,
1.48865638203517));
#4275=CARTESIAN_POINT('Ctrl Pts',(8.80252241877637,-8.80252241877636,1.48865638203517));
#4276=CARTESIAN_POINT('Ctrl Pts',(8.90094666178715,-8.90094666178714,0.785522682824213));
#4277=CARTESIAN_POINT('Ctrl Pts',(3.44169137633799E-14,-17.8018933235743,
0.785522682824207));
#4278=CARTESIAN_POINT('Ctrl Pts',(-8.90094666178714,-8.9009466617872,0.78552268282421));
#4279=CARTESIAN_POINT('Ctrl Pts',(-17.8018933235743,-8.88178419700125E-14,
0.785522682824214));
#4280=CARTESIAN_POINT('Ctrl Pts',(-8.9009466617872,8.90094666178709,0.78552268282422));
#4281=CARTESIAN_POINT('Ctrl Pts',(-8.99280649946377E-14,17.8018933235743,
0.785522682824227));
#4282=CARTESIAN_POINT('Ctrl Pts',(8.90094666178708,8.90094666178715,0.785522682824223));
#4283=CARTESIAN_POINT('Ctrl Pts',(17.8018933235743,3.5527136788005E-14,
0.78552268282422));
#4284=CARTESIAN_POINT('Ctrl Pts',(8.90094666178715,-8.90094666178714,0.785522682824213));
#4285=CARTESIAN_POINT('Ctrl Pts',(8.93988942144405,-8.93988942144404,0.486303960283487));
#4286=CARTESIAN_POINT('Ctrl Pts',(3.21964677141295E-14,-17.8797788428881,
0.486303960283481));
#4287=CARTESIAN_POINT('Ctrl Pts',(-8.93988942144404,-8.9398894214441,0.486303960283484));
#4288=CARTESIAN_POINT('Ctrl Pts',(-17.8797788428881,-8.65973959207622E-14,
0.486303960283488));
#4289=CARTESIAN_POINT('Ctrl Pts',(-8.9398894214441,8.93988942144399,0.486303960283494));
#4290=CARTESIAN_POINT('Ctrl Pts',(-8.77076189453874E-14,17.8797788428881,
0.4863039602835));
#4291=CARTESIAN_POINT('Ctrl Pts',(8.93988942144399,8.93988942144405,0.486303960283497));
#4292=CARTESIAN_POINT('Ctrl Pts',(17.8797788428881,3.33066907387547E-14,
0.486303960283494));
#4293=CARTESIAN_POINT('Ctrl Pts',(8.93988942144405,-8.93988942144404,0.486303960283487));
#4294=CARTESIAN_POINT('Ctrl Pts',(-6.56027837552234,-6.56041173859237,9.02113757461426));
#4295=CARTESIAN_POINT('Ctrl Pts',(-6.55517253702563,-6.54010678238731,9.04265542270348));
#4296=CARTESIAN_POINT('Ctrl Pts',(-6.54998833736571,-6.51964652585345,9.06414282186303));
#4297=CARTESIAN_POINT('Ctrl Pts',(-6.54474745719143,-6.49905261708709,9.0855657620741));
#4298=CARTESIAN_POINT('Origin',(-4.20900331387113E-16,-7.87883951013504E-15,
33.0187424939942));
#4299=CARTESIAN_POINT('',(-1.95170883032131E-15,-7.87883951013504E-15,8.01874249399417));
#4300=CARTESIAN_POINT('Origin',(-4.20900331387113E-16,-7.87883951013504E-15,
33.0187424939942));
#4301=CARTESIAN_POINT('Ctrl Pts',(-9.,-10.,0.));
#4302=CARTESIAN_POINT('Ctrl Pts',(-9.,10.,0.));
#4303=CARTESIAN_POINT('Ctrl Pts',(-8.9493653410422,-10.,0.388874180790475));
#4304=CARTESIAN_POINT('Ctrl Pts',(-8.9493653410422,10.,0.388874180790475));
#4305=CARTESIAN_POINT('Ctrl Pts',(-8.85848739145867,-10.,1.16592605146305));
#4306=CARTESIAN_POINT('Ctrl Pts',(-8.85848739145867,10.,1.16592605146305));
#4307=CARTESIAN_POINT('Ctrl Pts',(-8.75330681566511,-10.,2.32941557344382));
#4308=CARTESIAN_POINT('Ctrl Pts',(-8.75330681566511,10.,2.32941557344382));
#4309=CARTESIAN_POINT('Ctrl Pts',(-8.65834206165526,-10.,3.87653648596882));
#4310=CARTESIAN_POINT('Ctrl Pts',(-8.65834206165526,10.,3.87653648596882));
#4311=CARTESIAN_POINT('Ctrl Pts',(-8.53037652084844,-10.,5.80154764989398));
#4312=CARTESIAN_POINT('Ctrl Pts',(-8.53037652084844,10.,5.80154764989398));
#4313=CARTESIAN_POINT('Ctrl Pts',(-8.33596892082138,-10.,7.33096949744053));
#4314=CARTESIAN_POINT('Ctrl Pts',(-8.33596892082138,10.,7.33096949744053));
#4315=CARTESIAN_POINT('Ctrl Pts',(-8.08984230984268,-10.,8.4693731219927));
#4316=CARTESIAN_POINT('Ctrl Pts',(-8.08984230984268,10.,8.4693731219927));
#4317=CARTESIAN_POINT('Ctrl Pts',(-7.87221348099345,-10.,9.22386558152559));
#4318=CARTESIAN_POINT('Ctrl Pts',(-7.87221348099345,10.,9.22386558152559));
#4319=CARTESIAN_POINT('Ctrl Pts',(-7.75,-10.,9.6));
#4320=CARTESIAN_POINT('Ctrl Pts',(-7.75,10.,9.6));
#4321=CARTESIAN_POINT('Ctrl Pts',(-8.07855236211937,-3.06525154511004,8.42799816180831));
#4322=CARTESIAN_POINT('Ctrl Pts',(-8.10137622778463,-3.1630115306999,8.3318302549958));
#4323=CARTESIAN_POINT('Ctrl Pts',(-8.14527180714986,-3.35778179554462,8.13869077101711));
#4324=CARTESIAN_POINT('Ctrl Pts',(-8.19890286323433,-3.61572718372459,7.88080340539226));
#4325=CARTESIAN_POINT('Ctrl Pts',(-8.23607431252864,-3.80816066884109,7.68803114606311));
#4326=CARTESIAN_POINT('Ctrl Pts',(-8.25671556201522,-3.92005526327981,7.57595590559298));
#4327=CARTESIAN_POINT('Ctrl Pts',(-8.26821729123759,-3.98389460994395,7.51204144576689));
#4328=CARTESIAN_POINT('Ctrl Pts',(-8.27387152037559,-4.01577815887381,7.48012672493507));
#4329=CARTESIAN_POINT('Ctrl Pts',(-8.30213363388287,-4.17646535482861,7.31938631302916));
#4330=CARTESIAN_POINT('Ctrl Pts',(-8.33608064334079,-4.35961968060859,7.11228049621249));
#4331=CARTESIAN_POINT('Ctrl Pts',(-8.40063238942415,-4.69752752263373,6.67246688595499));
#4332=CARTESIAN_POINT('Ctrl Pts',(-8.49683713111804,-5.18839922749295,5.91669566570136));
#4333=CARTESIAN_POINT('Ctrl Pts',(-8.62183293683194,-5.90027449075978,4.47254375081527));
#4334=CARTESIAN_POINT('Ctrl Pts',(-8.72681509580102,-6.55551255716976,2.73192532841363));
#4335=CARTESIAN_POINT('Ctrl Pts',(-8.82998784982554,-6.88913721504494,1.50602833600843));
#4336=CARTESIAN_POINT('Ctrl Pts',(-8.88911862559185,-7.00648871025668,0.943552088377646));
#4337=CARTESIAN_POINT('Ctrl Pts',(-7.19356074839173,-10.2740093889512,1.0071061764931));
#4338=CARTESIAN_POINT('Ctrl Pts',(-7.10007750337818,-10.1314623289807,1.84553096277486));
#4339=CARTESIAN_POINT('Ctrl Pts',(-6.98673653278201,-9.71863163354745,3.47695096565917));
#4340=CARTESIAN_POINT('Ctrl Pts',(-6.93530437352669,-8.84427522691979,5.65914290098191));
#4341=CARTESIAN_POINT('Ctrl Pts',(-6.83474562383512,-7.85193910552637,7.41974463533967));
#4342=CARTESIAN_POINT('Ctrl Pts',(-6.68143028236655,-7.07452738228548,8.45047268473334));
#4343=CARTESIAN_POINT('Ctrl Pts',(-6.55235768907254,-6.51535512497545,9.07890200831336));
#4344=CARTESIAN_POINT('Ctrl Pts',(-6.4638784791617,-6.19532970144554,9.39776978979278));
#4345=CARTESIAN_POINT('Ctrl Pts',(-6.40717067446218,-5.93549444004459,9.61610189823493));
#4346=CARTESIAN_POINT('Ctrl Pts',(-6.41463593323104,-5.9012941444034,9.63384938323118));
#4347=CARTESIAN_POINT('Ctrl Pts',(-6.4160703086471,-5.82007164921769,9.68762037019332));
#4348=CARTESIAN_POINT('Ctrl Pts',(-6.42558895575523,-5.68373325577536,9.77179535072664));
#4349=CARTESIAN_POINT('Ctrl Pts',(-6.43653078645063,-5.44246840790818,9.92209586280805));
#4350=CARTESIAN_POINT('Ctrl Pts',(-6.45335382560909,-5.11681835610687,10.1161151545657));
#4351=CARTESIAN_POINT('Ctrl Pts',(-6.46358593293417,-4.86416752316844,10.2613197977288));
#4352=CARTESIAN_POINT('Ctrl Pts',(-6.46880854595605,-4.73611970274361,10.3327489846613));
#4353=CARTESIAN_POINT('Ctrl Pts',(-8.23302605565799,-9.54769151557613,1.00111905783891));
#4354=CARTESIAN_POINT('Ctrl Pts',(-8.14799019228425,-9.41164044636473,1.78828823399995));
#4355=CARTESIAN_POINT('Ctrl Pts',(-8.03569187158687,-9.01336195596933,3.32926866594606));
#4356=CARTESIAN_POINT('Ctrl Pts',(-7.9466588858671,-8.16326067977333,5.42638587005882));
#4357=CARTESIAN_POINT('Ctrl Pts',(-7.80495181641538,-7.21606622953431,7.12052293375045));
#4358=CARTESIAN_POINT('Ctrl Pts',(-7.65155993267482,-6.50123467894216,8.09642428403324));
#4359=CARTESIAN_POINT('Ctrl Pts',(-7.53386702182777,-5.99418691504055,8.68948170482157));
#4360=CARTESIAN_POINT('Ctrl Pts',(-7.46119395347988,-5.70896268037698,8.98996307092651));
#4361=CARTESIAN_POINT('Ctrl Pts',(-7.40946680462132,-5.47252390844954,9.19864445470485));
#4362=CARTESIAN_POINT('Ctrl Pts',(-7.40905845932585,-5.4368144993212,9.21734017686687));
#4363=CARTESIAN_POINT('Ctrl Pts',(-7.40101443066208,-5.35709492993652,9.27099244421362));
#4364=CARTESIAN_POINT('Ctrl Pts',(-7.39033551138022,-5.2212623344396,9.35611452474471));
#4365=CARTESIAN_POINT('Ctrl Pts',(-7.36837778634697,-4.98342217545597,9.50764140738709));
#4366=CARTESIAN_POINT('Ctrl Pts',(-7.33794881098307,-4.66328401170878,9.70420609247434));
#4367=CARTESIAN_POINT('Ctrl Pts',(-7.31250775693085,-4.41773385673188,9.85171059106367));
#4368=CARTESIAN_POINT('Ctrl Pts',(-7.29911455976655,-4.29362976553611,9.92420429499705));
#4369=CARTESIAN_POINT('Ctrl Pts',(-8.89667765607249,-8.31350220539591,0.866861168749587));
#4370=CARTESIAN_POINT('Ctrl Pts',(-8.81964792483964,-8.18420850642142,1.58414689648928));
#4371=CARTESIAN_POINT('Ctrl Pts',(-8.70722284181493,-7.81133007989196,3.00415598063035));
#4372=CARTESIAN_POINT('Ctrl Pts',(-8.59102180909113,-7.03861363694621,4.97250198100081));
#4373=CARTESIAN_POINT('Ctrl Pts',(-8.43441059199839,-6.207585591802,6.55108005483697));
#4374=CARTESIAN_POINT('Ctrl Pts',(-8.30056431824539,-5.60394942224436,7.4251935345072));
#4375=CARTESIAN_POINT('Ctrl Pts',(-8.206746824669,-5.18098274936698,7.94759070343332));
#4376=CARTESIAN_POINT('Ctrl Pts',(-8.15533384573329,-4.94664305807637,8.20514063453702));
#4377=CARTESIAN_POINT('Ctrl Pts',(-8.11414108382328,-4.74786928353742,8.39231304221341));
#4378=CARTESIAN_POINT('Ctrl Pts',(-8.107866749343,-4.71397342833756,8.41740179478455));
#4379=CARTESIAN_POINT('Ctrl Pts',(-8.09375403271051,-4.64204069452825,8.47624417058423));
#4380=CARTESIAN_POINT('Ctrl Pts',(-8.06931207186068,-4.51789287984992,8.57463866864943));
#4381=CARTESIAN_POINT('Ctrl Pts',(-8.02548555873168,-4.30233068349312,8.74651532284448));
#4382=CARTESIAN_POINT('Ctrl Pts',(-7.96366018818012,-4.0127488927936,8.97287738545494));
#4383=CARTESIAN_POINT('Ctrl Pts',(-7.91465067151048,-3.79229528784502,9.14231485632261));
#4384=CARTESIAN_POINT('Ctrl Pts',(-7.88915141026953,-3.6811883475684,9.22603532846685));
#4385=CARTESIAN_POINT('Ctrl Pts',(-8.92020351450149,-7.06298112788516,0.657803300037351));
#4386=CARTESIAN_POINT('Ctrl Pts',(-8.84626290998052,-6.94034801006045,1.31486179756681));
#4387=CARTESIAN_POINT('Ctrl Pts',(-8.73284710118945,-6.59316085461477,2.63191386164418));
#4388=CARTESIAN_POINT('Ctrl Pts',(-8.62183293683194,-5.90027449075978,4.47254375081527));
#4389=CARTESIAN_POINT('Ctrl Pts',(-8.49683713111804,-5.18839922749295,5.91669566570136));
#4390=CARTESIAN_POINT('Ctrl Pts',(-8.40063238942415,-4.69752752263373,6.67246688595499));
#4391=CARTESIAN_POINT('Ctrl Pts',(-8.33608064334079,-4.35961968060859,7.11228049621249));
#4392=CARTESIAN_POINT('Ctrl Pts',(-8.30213363388287,-4.17646535482861,7.31938631302916));
#4393=CARTESIAN_POINT('Ctrl Pts',(-8.27387152037559,-4.01577815887381,7.48012672493507));
#4394=CARTESIAN_POINT('Ctrl Pts',(-8.26821729123759,-3.98389460994395,7.51204144576689));
#4395=CARTESIAN_POINT('Ctrl Pts',(-8.25671556201522,-3.92005526327981,7.57595590559298));
#4396=CARTESIAN_POINT('Ctrl Pts',(-8.23607431252864,-3.80816066884109,7.68803114606311));
#4397=CARTESIAN_POINT('Ctrl Pts',(-8.19890286323433,-3.61572718372459,7.88080340539226));
#4398=CARTESIAN_POINT('Ctrl Pts',(-8.14527180714986,-3.35778179554462,8.13869077101711));
#4399=CARTESIAN_POINT('Ctrl Pts',(-8.10137622778463,-3.1630115306999,8.3318302549958));
#4400=CARTESIAN_POINT('Ctrl Pts',(-8.07855236211937,-3.06525154511004,8.42799816180831));
#4401=CARTESIAN_POINT('Ctrl Pts',(6.18718433538229,-6.18718433538229,9.59999999999999));
#4402=CARTESIAN_POINT('Ctrl Pts',(3.21964677141295E-14,-12.3743686707646,
9.59999999999999));
#4403=CARTESIAN_POINT('Ctrl Pts',(-6.18718433538229,-6.18718433538235,9.59999999999999));
#4404=CARTESIAN_POINT('Ctrl Pts',(-12.3743686707646,-9.43689570931383E-14,
9.59999999999999));
#4405=CARTESIAN_POINT('Ctrl Pts',(-6.18718433538235,6.18718433538223,9.6));
#4406=CARTESIAN_POINT('Ctrl Pts',(-9.2148511043888E-14,12.3743686707645,
9.6));
#4407=CARTESIAN_POINT('Ctrl Pts',(6.18718433538223,6.18718433538229,9.6));
#4408=CARTESIAN_POINT('Ctrl Pts',(12.3743686707645,2.99760216648792E-14,
9.6));
#4409=CARTESIAN_POINT('Ctrl Pts',(6.18718433538229,-6.18718433538229,9.59999999999999));
#4410=CARTESIAN_POINT('Ctrl Pts',(6.3907206423426,-6.3907206423426,9.3121561942614));
#4411=CARTESIAN_POINT('Ctrl Pts',(3.33066907387547E-14,-12.7814412846852,
9.31215619426139));
#4412=CARTESIAN_POINT('Ctrl Pts',(-6.3907206423426,-6.39072064234266,9.31215619426139));
#4413=CARTESIAN_POINT('Ctrl Pts',(-12.7814412846852,-9.43689570931383E-14,
9.3121561942614));
#4414=CARTESIAN_POINT('Ctrl Pts',(-6.39072064234266,6.39072064234253,9.3121561942614));
#4415=CARTESIAN_POINT('Ctrl Pts',(-9.32587340685131E-14,12.7814412846852,
9.31215619426141));
#4416=CARTESIAN_POINT('Ctrl Pts',(6.39072064234254,6.3907206423426,9.3121561942614));
#4417=CARTESIAN_POINT('Ctrl Pts',(12.7814412846852,3.21964677141295E-14,
9.3121561942614));
#4418=CARTESIAN_POINT('Ctrl Pts',(6.3907206423426,-6.3907206423426,9.3121561942614));
#4419=CARTESIAN_POINT('Ctrl Pts',(6.77350342507827,-6.77350342507827,8.70202151287023));
#4420=CARTESIAN_POINT('Ctrl Pts',(3.33066907387547E-14,-13.5470068501566,
8.70202151287023));
#4421=CARTESIAN_POINT('Ctrl Pts',(-6.77350342507826,-6.77350342507833,8.70202151287023));
#4422=CARTESIAN_POINT('Ctrl Pts',(-13.5470068501566,-9.32587340685131E-14,
8.70202151287023));
#4423=CARTESIAN_POINT('Ctrl Pts',(-6.77350342507833,6.7735034250782,8.70202151287024));
#4424=CARTESIAN_POINT('Ctrl Pts',(-9.10382880192628E-14,13.5470068501565,
8.70202151287024));
#4425=CARTESIAN_POINT('Ctrl Pts',(6.77350342507821,6.77350342507827,8.70202151287024));
#4426=CARTESIAN_POINT('Ctrl Pts',(13.5470068501565,3.10862446895044E-14,
8.70202151287024));
#4427=CARTESIAN_POINT('Ctrl Pts',(6.77350342507827,-6.77350342507827,8.70202151287023));
#4428=CARTESIAN_POINT('Ctrl Pts',(7.27487149200524,-7.27487149200523,7.68357731991337));
#4429=CARTESIAN_POINT('Ctrl Pts',(3.33066907387547E-14,-14.5497429840105,
7.68357731991336));
#4430=CARTESIAN_POINT('Ctrl Pts',(-7.27487149200523,-7.2748714920053,7.68357731991337));
#4431=CARTESIAN_POINT('Ctrl Pts',(-14.5497429840105,-9.32587340685131E-14,
7.68357731991337));
#4432=CARTESIAN_POINT('Ctrl Pts',(-7.27487149200529,7.27487149200517,7.68357731991338));
#4433=CARTESIAN_POINT('Ctrl Pts',(-9.10382880192628E-14,14.5497429840104,
7.68357731991338));
#4434=CARTESIAN_POINT('Ctrl Pts',(7.27487149200517,7.27487149200523,7.68357731991338));
#4435=CARTESIAN_POINT('Ctrl Pts',(14.5497429840104,3.10862446895044E-14,
7.68357731991338));
#4436=CARTESIAN_POINT('Ctrl Pts',(7.27487149200524,-7.27487149200523,7.68357731991337));
#4437=CARTESIAN_POINT('Ctrl Pts',(7.81596224329156,-7.81596224329155,6.15290900213139));
#4438=CARTESIAN_POINT('Ctrl Pts',(3.21964677141295E-14,-15.6319244865831,
6.15290900213138));
#4439=CARTESIAN_POINT('Ctrl Pts',(-7.81596224329155,-7.81596224329161,6.15290900213138));
#4440=CARTESIAN_POINT('Ctrl Pts',(-15.6319244865831,-9.10382880192628E-14,
6.15290900213139));
#4441=CARTESIAN_POINT('Ctrl Pts',(-7.81596224329161,7.81596224329149,6.15290900213139));
#4442=CARTESIAN_POINT('Ctrl Pts',(-8.99280649946377E-14,15.6319244865831,
6.1529090021314));
#4443=CARTESIAN_POINT('Ctrl Pts',(7.81596224329149,7.81596224329155,6.15290900213139));
#4444=CARTESIAN_POINT('Ctrl Pts',(15.6319244865831,3.10862446895044E-14,
6.15290900213139));
#4445=CARTESIAN_POINT('Ctrl Pts',(7.81596224329156,-7.81596224329155,6.15290900213139));
#4446=CARTESIAN_POINT('Ctrl Pts',(8.3119947129158,-8.3119947129158,4.18708422167986));
#4447=CARTESIAN_POINT('Ctrl Pts',(3.10862446895044E-14,-16.6239894258316,
4.18708422167986));
#4448=CARTESIAN_POINT('Ctrl Pts',(-8.3119947129158,-8.31199471291586,4.18708422167986));
#4449=CARTESIAN_POINT('Ctrl Pts',(-16.6239894258316,-8.88178419700125E-14,
4.18708422167986));
#4450=CARTESIAN_POINT('Ctrl Pts',(-8.31199471291586,8.31199471291574,4.18708422167987));
#4451=CARTESIAN_POINT('Ctrl Pts',(-8.88178419700125E-14,16.6239894258316,
4.18708422167987));
#4452=CARTESIAN_POINT('Ctrl Pts',(8.31199471291574,8.3119947129158,4.18708422167987));
#4453=CARTESIAN_POINT('Ctrl Pts',(16.6239894258316,3.10862446895044E-14,
4.18708422167987));
#4454=CARTESIAN_POINT('Ctrl Pts',(8.3119947129158,-8.3119947129158,4.18708422167986));
#4455=CARTESIAN_POINT('Ctrl Pts',(8.61968353428678,-8.61968353428677,2.61625784368129));
#4456=CARTESIAN_POINT('Ctrl Pts',(3.10862446895044E-14,-17.2393670685736,
2.61625784368128));
#4457=CARTESIAN_POINT('Ctrl Pts',(-8.61968353428677,-8.61968353428683,2.61625784368129));
#4458=CARTESIAN_POINT('Ctrl Pts',(-17.2393670685736,-8.65973959207622E-14,
2.61625784368129));
#4459=CARTESIAN_POINT('Ctrl Pts',(-8.61968353428683,8.61968353428672,2.6162578436813));
#4460=CARTESIAN_POINT('Ctrl Pts',(-8.65973959207622E-14,17.2393670685735,
2.6162578436813));
#4461=CARTESIAN_POINT('Ctrl Pts',(8.61968353428672,8.61968353428678,2.6162578436813));
#4462=CARTESIAN_POINT('Ctrl Pts',(17.2393670685735,3.10862446895044E-14,
2.6162578436813));
#4463=CARTESIAN_POINT('Ctrl Pts',(8.61968353428678,-8.61968353428677,2.61625784368129));
#4464=CARTESIAN_POINT('Ctrl Pts',(8.80252241877637,-8.80252241877636,1.48865638203517));
#4465=CARTESIAN_POINT('Ctrl Pts',(3.33066907387547E-14,-17.6050448375528,
1.48865638203516));
#4466=CARTESIAN_POINT('Ctrl Pts',(-8.80252241877636,-8.80252241877643,1.48865638203517));
#4467=CARTESIAN_POINT('Ctrl Pts',(-17.6050448375528,-8.88178419700125E-14,
1.48865638203517));
#4468=CARTESIAN_POINT('Ctrl Pts',(-8.80252241877643,8.80252241877631,1.48865638203518));
#4469=CARTESIAN_POINT('Ctrl Pts',(-8.88178419700125E-14,17.6050448375527,
1.48865638203518));
#4470=CARTESIAN_POINT('Ctrl Pts',(8.80252241877631,8.80252241877637,1.48865638203518));
#4471=CARTESIAN_POINT('Ctrl Pts',(17.6050448375527,3.33066907387547E-14,
1.48865638203517));
#4472=CARTESIAN_POINT('Ctrl Pts',(8.80252241877637,-8.80252241877636,1.48865638203517));
#4473=CARTESIAN_POINT('Ctrl Pts',(8.90094666178715,-8.90094666178714,0.785522682824213));
#4474=CARTESIAN_POINT('Ctrl Pts',(3.44169137633799E-14,-17.8018933235743,
0.785522682824207));
#4475=CARTESIAN_POINT('Ctrl Pts',(-8.90094666178714,-8.9009466617872,0.78552268282421));
#4476=CARTESIAN_POINT('Ctrl Pts',(-17.8018933235743,-8.88178419700125E-14,
0.785522682824214));
#4477=CARTESIAN_POINT('Ctrl Pts',(-8.9009466617872,8.90094666178709,0.78552268282422));
#4478=CARTESIAN_POINT('Ctrl Pts',(-8.99280649946377E-14,17.8018933235743,
0.785522682824227));
#4479=CARTESIAN_POINT('Ctrl Pts',(8.90094666178708,8.90094666178715,0.785522682824223));
#4480=CARTESIAN_POINT('Ctrl Pts',(17.8018933235743,3.5527136788005E-14,
0.78552268282422));
#4481=CARTESIAN_POINT('Ctrl Pts',(8.90094666178715,-8.90094666178714,0.785522682824213));
#4482=CARTESIAN_POINT('Ctrl Pts',(8.93988942144405,-8.93988942144404,0.486303960283487));
#4483=CARTESIAN_POINT('Ctrl Pts',(3.21964677141295E-14,-17.8797788428881,
0.486303960283481));
#4484=CARTESIAN_POINT('Ctrl Pts',(-8.93988942144404,-8.9398894214441,0.486303960283484));
#4485=CARTESIAN_POINT('Ctrl Pts',(-17.8797788428881,-8.65973959207622E-14,
0.486303960283488));
#4486=CARTESIAN_POINT('Ctrl Pts',(-8.9398894214441,8.93988942144399,0.486303960283494));
#4487=CARTESIAN_POINT('Ctrl Pts',(-8.77076189453874E-14,17.8797788428881,
0.4863039602835));
#4488=CARTESIAN_POINT('Ctrl Pts',(8.93988942144399,8.93988942144405,0.486303960283497));
#4489=CARTESIAN_POINT('Ctrl Pts',(17.8797788428881,3.33066907387547E-14,
0.486303960283494));
#4490=CARTESIAN_POINT('Ctrl Pts',(8.93988942144405,-8.93988942144404,0.486303960283487));
#4491=CARTESIAN_POINT('Ctrl Pts',(6.18718433538229,-6.18718433538229,9.59999999999999));
#4492=CARTESIAN_POINT('Ctrl Pts',(3.21964677141295E-14,-12.3743686707646,
9.59999999999999));
#4493=CARTESIAN_POINT('Ctrl Pts',(-6.18718433538229,-6.18718433538235,9.59999999999999));
#4494=CARTESIAN_POINT('Ctrl Pts',(-12.3743686707646,-9.43689570931383E-14,
9.59999999999999));
#4495=CARTESIAN_POINT('Ctrl Pts',(-6.18718433538235,6.18718433538223,9.6));
#4496=CARTESIAN_POINT('Ctrl Pts',(-9.2148511043888E-14,12.3743686707645,
9.6));
#4497=CARTESIAN_POINT('Ctrl Pts',(6.18718433538223,6.18718433538229,9.6));
#4498=CARTESIAN_POINT('Ctrl Pts',(12.3743686707645,2.99760216648792E-14,
9.6));
#4499=CARTESIAN_POINT('Ctrl Pts',(6.18718433538229,-6.18718433538229,9.59999999999999));
#4500=CARTESIAN_POINT('Ctrl Pts',(6.3907206423426,-6.3907206423426,9.3121561942614));
#4501=CARTESIAN_POINT('Ctrl Pts',(3.33066907387547E-14,-12.7814412846852,
9.31215619426139));
#4502=CARTESIAN_POINT('Ctrl Pts',(-6.3907206423426,-6.39072064234266,9.31215619426139));
#4503=CARTESIAN_POINT('Ctrl Pts',(-12.7814412846852,-9.43689570931383E-14,
9.3121561942614));
#4504=CARTESIAN_POINT('Ctrl Pts',(-6.39072064234266,6.39072064234253,9.3121561942614));
#4505=CARTESIAN_POINT('Ctrl Pts',(-9.32587340685131E-14,12.7814412846852,
9.31215619426141));
#4506=CARTESIAN_POINT('Ctrl Pts',(6.39072064234254,6.3907206423426,9.3121561942614));
#4507=CARTESIAN_POINT('Ctrl Pts',(12.7814412846852,3.21964677141295E-14,
9.3121561942614));
#4508=CARTESIAN_POINT('Ctrl Pts',(6.3907206423426,-6.3907206423426,9.3121561942614));
#4509=CARTESIAN_POINT('Ctrl Pts',(6.77350342507827,-6.77350342507827,8.70202151287023));
#4510=CARTESIAN_POINT('Ctrl Pts',(3.33066907387547E-14,-13.5470068501566,
8.70202151287023));
#4511=CARTESIAN_POINT('Ctrl Pts',(-6.77350342507826,-6.77350342507833,8.70202151287023));
#4512=CARTESIAN_POINT('Ctrl Pts',(-13.5470068501566,-9.32587340685131E-14,
8.70202151287023));
#4513=CARTESIAN_POINT('Ctrl Pts',(-6.77350342507833,6.7735034250782,8.70202151287024));
#4514=CARTESIAN_POINT('Ctrl Pts',(-9.10382880192628E-14,13.5470068501565,
8.70202151287024));
#4515=CARTESIAN_POINT('Ctrl Pts',(6.77350342507821,6.77350342507827,8.70202151287024));
#4516=CARTESIAN_POINT('Ctrl Pts',(13.5470068501565,3.10862446895044E-14,
8.70202151287024));
#4517=CARTESIAN_POINT('Ctrl Pts',(6.77350342507827,-6.77350342507827,8.70202151287023));
#4518=CARTESIAN_POINT('Ctrl Pts',(7.27487149200524,-7.27487149200523,7.68357731991337));
#4519=CARTESIAN_POINT('Ctrl Pts',(3.33066907387547E-14,-14.5497429840105,
7.68357731991336));
#4520=CARTESIAN_POINT('Ctrl Pts',(-7.27487149200523,-7.2748714920053,7.68357731991337));
#4521=CARTESIAN_POINT('Ctrl Pts',(-14.5497429840105,-9.32587340685131E-14,
7.68357731991337));
#4522=CARTESIAN_POINT('Ctrl Pts',(-7.27487149200529,7.27487149200517,7.68357731991338));
#4523=CARTESIAN_POINT('Ctrl Pts',(-9.10382880192628E-14,14.5497429840104,
7.68357731991338));
#4524=CARTESIAN_POINT('Ctrl Pts',(7.27487149200517,7.27487149200523,7.68357731991338));
#4525=CARTESIAN_POINT('Ctrl Pts',(14.5497429840104,3.10862446895044E-14,
7.68357731991338));
#4526=CARTESIAN_POINT('Ctrl Pts',(7.27487149200524,-7.27487149200523,7.68357731991337));
#4527=CARTESIAN_POINT('Ctrl Pts',(7.81596224329156,-7.81596224329155,6.15290900213139));
#4528=CARTESIAN_POINT('Ctrl Pts',(3.21964677141295E-14,-15.6319244865831,
6.15290900213138));
#4529=CARTESIAN_POINT('Ctrl Pts',(-7.81596224329155,-7.81596224329161,6.15290900213138));
#4530=CARTESIAN_POINT('Ctrl Pts',(-15.6319244865831,-9.10382880192628E-14,
6.15290900213139));
#4531=CARTESIAN_POINT('Ctrl Pts',(-7.81596224329161,7.81596224329149,6.15290900213139));
#4532=CARTESIAN_POINT('Ctrl Pts',(-8.99280649946377E-14,15.6319244865831,
6.1529090021314));
#4533=CARTESIAN_POINT('Ctrl Pts',(7.81596224329149,7.81596224329155,6.15290900213139));
#4534=CARTESIAN_POINT('Ctrl Pts',(15.6319244865831,3.10862446895044E-14,
6.15290900213139));
#4535=CARTESIAN_POINT('Ctrl Pts',(7.81596224329156,-7.81596224329155,6.15290900213139));
#4536=CARTESIAN_POINT('Ctrl Pts',(8.3119947129158,-8.3119947129158,4.18708422167986));
#4537=CARTESIAN_POINT('Ctrl Pts',(3.10862446895044E-14,-16.6239894258316,
4.18708422167986));
#4538=CARTESIAN_POINT('Ctrl Pts',(-8.3119947129158,-8.31199471291586,4.18708422167986));
#4539=CARTESIAN_POINT('Ctrl Pts',(-16.6239894258316,-8.88178419700125E-14,
4.18708422167986));
#4540=CARTESIAN_POINT('Ctrl Pts',(-8.31199471291586,8.31199471291574,4.18708422167987));
#4541=CARTESIAN_POINT('Ctrl Pts',(-8.88178419700125E-14,16.6239894258316,
4.18708422167987));
#4542=CARTESIAN_POINT('Ctrl Pts',(8.31199471291574,8.3119947129158,4.18708422167987));
#4543=CARTESIAN_POINT('Ctrl Pts',(16.6239894258316,3.10862446895044E-14,
4.18708422167987));
#4544=CARTESIAN_POINT('Ctrl Pts',(8.3119947129158,-8.3119947129158,4.18708422167986));
#4545=CARTESIAN_POINT('Ctrl Pts',(8.61968353428678,-8.61968353428677,2.61625784368129));
#4546=CARTESIAN_POINT('Ctrl Pts',(3.10862446895044E-14,-17.2393670685736,
2.61625784368128));
#4547=CARTESIAN_POINT('Ctrl Pts',(-8.61968353428677,-8.61968353428683,2.61625784368129));
#4548=CARTESIAN_POINT('Ctrl Pts',(-17.2393670685736,-8.65973959207622E-14,
2.61625784368129));
#4549=CARTESIAN_POINT('Ctrl Pts',(-8.61968353428683,8.61968353428672,2.6162578436813));
#4550=CARTESIAN_POINT('Ctrl Pts',(-8.65973959207622E-14,17.2393670685735,
2.6162578436813));
#4551=CARTESIAN_POINT('Ctrl Pts',(8.61968353428672,8.61968353428678,2.6162578436813));
#4552=CARTESIAN_POINT('Ctrl Pts',(17.2393670685735,3.10862446895044E-14,
2.6162578436813));
#4553=CARTESIAN_POINT('Ctrl Pts',(8.61968353428678,-8.61968353428677,2.61625784368129));
#4554=CARTESIAN_POINT('Ctrl Pts',(8.80252241877637,-8.80252241877636,1.48865638203517));
#4555=CARTESIAN_POINT('Ctrl Pts',(3.33066907387547E-14,-17.6050448375528,
1.48865638203516));
#4556=CARTESIAN_POINT('Ctrl Pts',(-8.80252241877636,-8.80252241877643,1.48865638203517));
#4557=CARTESIAN_POINT('Ctrl Pts',(-17.6050448375528,-8.88178419700125E-14,
1.48865638203517));
#4558=CARTESIAN_POINT('Ctrl Pts',(-8.80252241877643,8.80252241877631,1.48865638203518));
#4559=CARTESIAN_POINT('Ctrl Pts',(-8.88178419700125E-14,17.6050448375527,
1.48865638203518));
#4560=CARTESIAN_POINT('Ctrl Pts',(8.80252241877631,8.80252241877637,1.48865638203518));
#4561=CARTESIAN_POINT('Ctrl Pts',(17.6050448375527,3.33066907387547E-14,
1.48865638203517));
#4562=CARTESIAN_POINT('Ctrl Pts',(8.80252241877637,-8.80252241877636,1.48865638203517));
#4563=CARTESIAN_POINT('Ctrl Pts',(8.90094666178715,-8.90094666178714,0.785522682824213));
#4564=CARTESIAN_POINT('Ctrl Pts',(3.44169137633799E-14,-17.8018933235743,
0.785522682824207));
#4565=CARTESIAN_POINT('Ctrl Pts',(-8.90094666178714,-8.9009466617872,0.78552268282421));
#4566=CARTESIAN_POINT('Ctrl Pts',(-17.8018933235743,-8.88178419700125E-14,
0.785522682824214));
#4567=CARTESIAN_POINT('Ctrl Pts',(-8.9009466617872,8.90094666178709,0.78552268282422));
#4568=CARTESIAN_POINT('Ctrl Pts',(-8.99280649946377E-14,17.8018933235743,
0.785522682824227));
#4569=CARTESIAN_POINT('Ctrl Pts',(8.90094666178708,8.90094666178715,0.785522682824223));
#4570=CARTESIAN_POINT('Ctrl Pts',(17.8018933235743,3.5527136788005E-14,
0.78552268282422));
#4571=CARTESIAN_POINT('Ctrl Pts',(8.90094666178715,-8.90094666178714,0.785522682824213));
#4572=CARTESIAN_POINT('Ctrl Pts',(8.93988942144405,-8.93988942144404,0.486303960283487));
#4573=CARTESIAN_POINT('Ctrl Pts',(3.21964677141295E-14,-17.8797788428881,
0.486303960283481));
#4574=CARTESIAN_POINT('Ctrl Pts',(-8.93988942144404,-8.9398894214441,0.486303960283484));
#4575=CARTESIAN_POINT('Ctrl Pts',(-17.8797788428881,-8.65973959207622E-14,
0.486303960283488));
#4576=CARTESIAN_POINT('Ctrl Pts',(-8.9398894214441,8.93988942144399,0.486303960283494));
#4577=CARTESIAN_POINT('Ctrl Pts',(-8.77076189453874E-14,17.8797788428881,
0.4863039602835));
#4578=CARTESIAN_POINT('Ctrl Pts',(8.93988942144399,8.93988942144405,0.486303960283497));
#4579=CARTESIAN_POINT('Ctrl Pts',(17.8797788428881,3.33066907387547E-14,
0.486303960283494));
#4580=CARTESIAN_POINT('Ctrl Pts',(8.93988942144405,-8.93988942144404,0.486303960283487));
#4581=UNCERTAINTY_MEASURE_WITH_UNIT(LENGTH_MEASURE(0.01),#4585,
'DISTANCE_ACCURACY_VALUE',
'Maximum model space distance between geometric entities at asserted c
onnectivities');
#4582=UNCERTAINTY_MEASURE_WITH_UNIT(LENGTH_MEASURE(0.01),#4585,
'DISTANCE_ACCURACY_VALUE',
'Maximum model space distance between geometric entities at asserted c
onnectivities');
#4583=(
GEOMETRIC_REPRESENTATION_CONTEXT(3)
GLOBAL_UNCERTAINTY_ASSIGNED_CONTEXT((#4581))
GLOBAL_UNIT_ASSIGNED_CONTEXT((#4585,#4587,#4588))
REPRESENTATION_CONTEXT('','3D')
);
#4584=(
GEOMETRIC_REPRESENTATION_CONTEXT(3)
GLOBAL_UNCERTAINTY_ASSIGNED_CONTEXT((#4582))
GLOBAL_UNIT_ASSIGNED_CONTEXT((#4585,#4587,#4588))
REPRESENTATION_CONTEXT('','3D')
);
#4585=(
LENGTH_UNIT()
NAMED_UNIT(*)
SI_UNIT(.MILLI.,.METRE.)
);
#4586=(
LENGTH_UNIT()
NAMED_UNIT(*)
SI_UNIT($,.METRE.)
);
#4587=(
NAMED_UNIT(*)
PLANE_ANGLE_UNIT()
SI_UNIT($,.RADIAN.)
);
#4588=(
NAMED_UNIT(*)
SI_UNIT($,.STERADIAN.)
SOLID_ANGLE_UNIT()
);
#4589=SHAPE_DEFINITION_REPRESENTATION(#4590,#4591);
#4590=PRODUCT_DEFINITION_SHAPE('',$,#4593);
#4591=SHAPE_REPRESENTATION('',(#1395),#4583);
#4592=PRODUCT_DEFINITION_CONTEXT('part definition',#4597,'design');
#4593=PRODUCT_DEFINITION('1.00u (Concave)','1.00u (Concave)',#4594,#4592);
#4594=PRODUCT_DEFINITION_FORMATION('',$,#4599);
#4595=PRODUCT_RELATED_PRODUCT_CATEGORY('1.00u (Concave)',
'1.00u (Concave)',(#4599));
#4596=APPLICATION_PROTOCOL_DEFINITION('international standard',
'automotive_design',2009,#4597);
#4597=APPLICATION_CONTEXT(
'Core Data for Automotive Mechanical Design Process');
#4598=PRODUCT_CONTEXT('part definition',#4597,'mechanical');
#4599=PRODUCT('1.00u (Concave)','1.00u (Concave)',$,(#4598));
#4600=PRESENTATION_STYLE_ASSIGNMENT((#4601));
#4601=SURFACE_STYLE_USAGE(.BOTH.,#4602);
#4602=SURFACE_SIDE_STYLE('',(#4603));
#4603=SURFACE_STYLE_FILL_AREA(#4604);
#4604=FILL_AREA_STYLE('Steel - Satin',(#4605));
#4605=FILL_AREA_STYLE_COLOUR('Steel - Satin',#4606);
#4606=COLOUR_RGB('Steel - Satin',0.627450980392157,0.627450980392157,0.627450980392157);
ENDSEC;
END-ISO-10303-21;
